"PlayerID","Player","Pos","Age","Bats","Throws","BaseSalary","Team","dummy_Pos","contract_value","dummy_salary","dummy_age"
1,"A.J. Alexy","RP",24,"","R","$700,000 "," TEX",1,7e+05,1,1
3,"A.J. Minter","RP",28,"","L","$2,200,000 "," ATL",1,2200000,1,2
4,"A.J. Puk","RP/CL",27,"","L","$705,000 "," OAK",1,705000,1,2
5,"AJ Pollock","LF",34,"R","","$11,500,000 "," CHW",3,11500000,3,2
7,"Aaron Ashby","SP",24,"","L","$704,500 "," MIL",1,704500,1,1
8,"Aaron Bummer","RP",28,"","L","$2,500,000 "," CHW",1,2500000,1,2
9,"Aaron Civale","SP",27,"","R","$716,900 "," CLE",1,716900,1,2
11,"Aaron Hicks","CF",32,"","","$10,500,000 "," NYY",3,10500000,3,2
12,"Aaron Judge","CF",30,"R","","$19,000,000 "," NYY",3,1.9e+07,3,2
13,"Aaron Loup","RP",34,"","L","$7,500,000 "," LAA",1,7500000,3,2
14,"Aaron Nola","SP",29,"","R","$15,000,000 "," PHI",1,1.5e+07,3,2
19,"Abraham Toro","3B",25,"","","$730,300 "," SEA",2,730300,1,1
20,"Adalberto Mondesi","SS",26,"","","$3,000,000 "," KC",2,3e+06,1,2
21,"Adam Cimber","RP",31,"","R","$1,575,000 "," TOR",1,1575000,1,2
23,"Adam Duvall","LF",33,"R","","$9,275,000 "," ATL",3,9275000,3,2
25,"Adam Engel","RF",30,"R","","$2,000,000 "," CHW",3,2e+06,1,2
26,"Adam Frazier","2B",30,"L","","$8,000,000 "," SEA",2,8e+06,3,2
30,"Adam Ottavino","RP",36,"","R","$4,000,000 "," NYM",1,4e+06,2,3
32,"Adam Wainwright","SP",40,"","R","$17,500,000 "," STL",1,17500000,3,3
33,"Adbert Alzolay","RP",27,"","R","$718,250 "," CHC",1,718250,1,2
34,"Adolis Garcia","RF",29,"R","","$714,000 "," TEX",3,714000,1,2
36,"Adrian Houser","SP",29,"","R","$2,425,000 "," MIL",1,2425000,1,2
38,"Adrian Morejon","RP",23,"","L","$704,500 "," SD",1,704500,1,1
41,"Akil Baddoo","CF",23,"L","","$709,400 "," DET",3,709400,1,1
42,"Alan Trejo","SS",26,"R","","$702,000 "," COL",2,702000,1,2
43,"Albert Abreu","RP",26,"","R","$707,500 "," NYY",1,707500,1,2
45,"Albert Pujols","DH",42,"R","","$2,500,000 "," STL",4,2500000,1,3
49,"Alec Bohm","3B",25,"R","","$715,000 "," PHI",2,715000,1,1
50,"Alec Mills","SP",30,"","R","$741,250 "," CHC",1,741250,1,2
51,"Aledmys Diaz","SS",31,"R","","$4,450,000 "," HOU",2,4450000,3,2
52,"Alejandro Kirk","C",23,"R","","$714,000 "," TOR",2,714000,1,1
53,"Alejo Lopez","2B",26,"","","$700,000 "," CIN",2,7e+05,1,2
54,"Alek Manoah","SP",24,"","R","$730,000 "," TOR",1,730000,1,1
57,"Alex Bregman","3B",28,"R","","$11,000,000 "," HOU",2,1.1e+07,3,2
58,"Alex Cobb","SP",34,"","R","$9,000,000 "," SF",1,9e+06,3,2
59,"Alex Colome","RP",33,"","R","$4,100,000 "," COL",1,4100000,3,2
62,"Alex Jackson","C",26,"R","","$700,000 "," MIL",2,7e+05,1,2
63,"Alex Kirilloff","OF",24,"L","","$708,250 "," MIN",3,708250,1,1
64,"Alex Lange","RP/CL",26,"","R","$703,700 "," DET",1,703700,1,2
66,"Alex Reyes","RP",27,"","R","$2,850,000 "," STL",1,2850000,1,2
67,"Alex Verdugo","LF",26,"L","","$3,550,000 "," BOS",3,3550000,1,2
68,"Alex Vesia","RP",26,"","L","$720,000 "," LAD",1,720000,1,2
70,"Alex Wood","SP",31,"","L","$12,500,000 "," SF",1,12500000,3,2
71,"Alex Young","RP",28,"","L","$700,000 "," SF",1,7e+05,1,2
72,"Alfonso Rivas","1B",25,"L","","$701,500 "," CHC",2,701500,1,1
74,"Amed Rosario","SS",26,"R","","$4,950,000 "," CLE",2,4950000,3,2
75,"Amir Garrett","RP",30,"","L","$2,025,000 "," KC",1,2025000,1,2
81,"Andrew Bellatti","RP",30,"","R","$700,000 "," PHI",1,7e+05,1,2
82,"Andrew Benintendi","LF",27,"L","","$8,500,000 "," NYY",3,8500000,3,2
83,"Andrew Chafin","RP/CL",32,"","L","$5,500,000 "," DET",1,5500000,3,2
84,"Andrew Heaney","SP",31,"","L","$8,500,000 "," LAD",1,8500000,3,2
85,"Andrew Kittredge","RP",32,"","R","$1,850,000 "," TB",1,1850000,1,2
87,"Andrew Knizner","C",27,"R","","$718,300 "," STL",2,718300,1,2
88,"Andrew McCutchen","DH",35,"R","","$8,500,000 "," MIL",4,8500000,3,3
92,"Andrew Vasquez","RP",28,"","L","$800,000 "," SF",1,8e+05,1,2
93,"Andrew Vaughn","DH",24,"R","","$715,000 "," CHW",4,715000,1,1
94,"Andrew Velazquez","SS",27,"","","$700,000 "," LAA",2,7e+05,1,2
95,"Andrew Wantz","RP",26,"","R","$700,000 "," LAA",1,7e+05,1,2
97,"Andres Gimenez","2B",23,"L","","$706,600 "," CLE",2,706600,1,1
98,"Andres Machado","RP",29,"","R","$708,200 "," WSH",1,708200,1,2
99,"Andres Munoz","RP",23,"","R","$750,000 "," SEA",1,750000,1,1
106,"Anthony Bass","RP",34,"","R","$3,000,000 "," TOR",1,3e+06,1,2
107,"Anthony Bemboom","C",32,"L","","$780,000 "," BAL",2,780000,1,2
108,"Anthony Bender","RP",27,"","R","$713,000 "," MIA",1,713000,1,2
110,"Anthony DeSclafani","SP",32,"","R","$12,000,000 "," SF",1,1.2e+07,3,2
111,"Anthony Gose","RP",31,"","L","$702,900 "," CLE",1,702900,1,2
113,"Anthony Misiewicz","RP",27,"","L","$714,900 "," KC",1,714900,1,2
114,"Anthony Rendon","3B",32,"R","","$36,000,000 "," LAA",2,3.6e+07,3,2
115,"Anthony Rizzo","1B",32,"L","","$16,000,000 "," NYY",2,1.6e+07,3,2
116,"Anthony Santander","RF",27,"","","$3,150,000 "," BAL",3,3150000,1,2
119,"Antonio Senzatela","SP",27,"","R","$7,250,000 "," COL",1,7250000,3,2
121,"Archie Bradley","RP",29,"","R","$3,750,000 "," LAA",1,3750000,1,2
122,"Aristides Aquino","RF",28,"R","","$720,000 "," CIN",3,720000,1,2
123,"Aroldis Chapman","RP",34,"","L","$18,000,000 "," NYY",1,1.8e+07,3,2
124,"Art Warren","RP",29,"","R","$702,500 "," CIN",1,702500,1,2
128,"Austin Adams","RP",31,"","R","$925,000 "," SD",1,925000,1,2
130,"Austin Barnes","C",32,"R","","$2,600,000 "," LAD",2,2600000,1,2
134,"Austin Gomber","RP",28,"","L","$710,000 "," COL",1,710000,1,2
135,"Austin Hays","LF",26,"R","","$713,000 "," BAL",3,713000,1,2
136,"Austin Hedges","C",29,"R","","$4,000,000 "," CLE",2,4e+06,2,2
137,"Austin Meadows","LF",27,"L","","$4,000,000 "," DET",3,4e+06,2,2
138,"Austin Nola","C",32,"R","","$726,900 "," SD",2,726900,1,2
140,"Austin Riley","3B",25,"R","","$3,950,000 "," ATL",2,3950000,1,1
141,"Austin Romine","C",33,"R","","$700,000 "," CIN",2,7e+05,1,2
142,"Austin Slater","CF",29,"R","","$1,850,000 "," SF",3,1850000,1,2
143,"Austin Voth","SP",30,"","R","$875,000 "," BAL",1,875000,1,2
145,"Austin Wynns","C",31,"R","","$700,000 "," SF",2,7e+05,1,2
146,"Avisail Garcia","RF",31,"R","","$12,000,000 "," MIA",3,1.2e+07,3,2
147,"Bailey Falter","SP",25,"","L","$703,000 "," PHI",1,703000,1,1
148,"Bailey Ober","SP",26,"","R","$706,200 "," MIN",1,706200,1,2
151,"Ben Gamel","LF",30,"L","","$1,800,000 "," PIT",3,1800000,1,2
156,"Billy McKinney","DH",27,"L","","$800,000 "," OAK",4,8e+05,1,2
159,"Blake Snell","SP",29,"","L","$12,500,000 "," SD",1,12500000,3,2
161,"Blake Treinen","RP",34,"","R","$6,000,000 "," LAD",1,6e+06,3,2
162,"Bo Bichette","SS",24,"R","","$825,000 "," TOR",2,825000,1,1
164,"Bobby Dalbec","1B",27,"R","","$714,000 "," BOS",2,714000,1,2
165,"Brad Boxberger","RP",34,"","R","$1,750,000 "," MIL",1,1750000,1,2
167,"Brad Hand","RP",32,"","L","$6,000,000 "," PHI",1,6e+06,3,2
168,"Brad Keller","RP",26,"","R","$4,825,000 "," KC",1,4825000,3,2
169,"Brad Miller","LF",32,"L","","$6,000,000 "," TEX",3,6e+06,3,2
171,"Brad Wieck","RP",30,"","L","$717,000 "," CHC",1,717000,1,2
173,"Bradley Zimmer","CF",29,"L","","$1,300,000 "," TOR",3,1300000,1,2
175,"Brady Singer","SP",25,"","R","$726,250 "," KC",1,726250,1,1
176,"Brandon Belt","1B",34,"L","","$18,400,000 "," SF",2,18400000,3,2
179,"Brandon Crawford","SS",35,"L","","$16,000,000 "," SF",2,1.6e+07,3,3
181,"Brandon Drury","3B",29,"R","","$900,000 "," SD",2,9e+05,1,2
183,"Brandon Lowe","2B",27,"L","","$4,000,000 "," TB",2,4e+06,2,2
184,"Brandon Marsh","LF",24,"L","","$710,000 "," PHI",3,710000,1,1
185,"Brandon Nimmo","CF",29,"L","","$7,000,000 "," NYM",3,7e+06,3,2
187,"Brandon Woodruff","SP",29,"","R","$6,800,000 "," MIL",1,6800000,3,2
190,"Braxton Garrett","SP",24,"","L","$700,000 "," MIA",1,7e+05,1,1
191,"Brendan Rodgers","2B",25,"R","","$710,000 "," COL",2,710000,1,1
194,"Brent Suter","RP",32,"","L","$2,700,000 "," MIL",1,2700000,1,2
197,"Brett Martin","RP",27,"","L","$1,025,000 "," TEX",1,1025000,1,2
198,"Brett Phillips","CF",28,"L","","$1,400,000 "," BAL",3,1400000,1,2
201,"Brian Anderson","3B",29,"R","","$4,475,000 "," MIA",2,4475000,3,2
208,"Brooks Raley","RP",34,"","L","$4,250,000 "," TB",1,4250000,3,2
210,"Brusdar Graterol","RP",23,"","R","$720,000 "," LAD",1,720000,1,1
211,"Bryan Abreu","RP",25,"","R","$719,600 "," HOU",1,719600,1,1
212,"Bryan Baker","RP",27,"","R","$700,500 "," BAL",1,700500,1,2
213,"Bryan De La Cruz","CF",25,"R","","$706,000 "," MIA",3,706000,1,1
214,"Bryan Garcia","RP",27,"","R","$700,000 "," DET",1,7e+05,1,2
217,"Bryan Reynolds","CF",27,"","","$6,750,000 "," PIT",3,6750000,3,2
219,"Bryce Harper","DH",29,"L","","$26,000,000 "," PHI",4,2.6e+07,3,2
220,"Bryse Wilson","SP",24,"","R","$715,000 "," PIT",1,715000,1,1
221,"Buck Farmer","RP",31,"","R","$850,000 "," CIN",1,850000,1,2
224,"Byron Buxton","CF",28,"R","","$9,000,000 "," MIN",3,9e+06,3,2
225,"C.J. Cron","1B",32,"R","","$7,250,000 "," COL",2,7250000,3,2
226,"Cal Quantrill","SP",27,"","R","$2,510,000 "," CLE",1,2510000,1,2
227,"Cal Raleigh","C",25,"","","$702,900 "," SEA",2,702900,1,1
229,"Caleb Smith","RP",30,"","L","$2,000,000 "," ARI",1,2e+06,1,2
230,"Caleb Thielbar","RP",35,"","L","$1,300,000 "," MIN",1,1300000,1,3
234,"Camilo Doval","RP/CL",24,"","R","$703,750 "," SF",1,703750,1,1
235,"Carl Edwards Jr.","RP",30,"","R","$700,000 "," WSH",1,7e+05,1,2
236,"Carlos Carrasco","SP",35,"","R","$12,000,000 "," NYM",1,1.2e+07,3,3
237,"Carlos Correa","SS",27,"R","","$35,100,000 "," MIN",2,35100000,3,2
238,"Carlos Estevez","RP/CL",29,"","R","$3,025,000 "," COL",1,3025000,1,2
239,"Carlos Hernandez","RP",25,"","R","$708,750 "," KC",1,708750,1,1
241,"Carlos Rodon","SP",29,"","L","$21,500,000 "," SF",1,21500000,3,2
242,"Carlos Santana","1B",36,"","","$10,500,000 "," SEA",2,10500000,3,3
244,"Carson Kelly","C",27,"R","","$3,325,000 "," ARI",2,3325000,1,2
245,"Carter Kieboom","3B",24,"R","","$713,400 "," WSH",2,713400,1,1
246,"Casey Mize","SP",25,"","R","$714,200 "," DET",1,714200,1,1
247,"Casey Sadler","RP",31,"","R","$1,025,000 "," SEA",1,1025000,1,2
248,"Cavan Biggio","2B",27,"L","","$2,122,500 "," TOR",2,2122500,1,2
249,"Cedric Mullins","CF",27,"","","$716,500 "," BAL",3,716500,1,2
250,"Chad Green","RP",31,"","R","$4,000,000 "," NYY",1,4e+06,2,2
251,"Chad Kuhl","SP",29,"","R","$3,000,000 "," COL",1,3e+06,1,2
252,"Chad Pinder","LF",30,"R","","$2,725,000 "," OAK",3,2725000,1,2
254,"Chadwick Tromp","C",27,"R","","$700,000 "," ATL",2,7e+05,1,2
257,"Charlie Blackmon","DH",36,"L","","$21,000,000 "," COL",4,2.1e+07,3,3
258,"Charlie Culberson","3B",33,"R","","$1,750,000 "," TEX",2,1750000,1,2
259,"Charlie Morton","SP",38,"","R","$20,000,000 "," ATL",1,2e+07,3,3
260,"Chas McCormick","CF",27,"R","","$703,800 "," HOU",3,703800,1,2
261,"Chase Anderson","SP",34,"","R","$700,000 "," CIN",1,7e+05,1,2
262,"Chase De Jong","RP",28,"","R","$700,000 "," PIT",1,7e+05,1,2
266,"Chris Archer","SP",33,"","R","$2,750,000 "," MIN",1,2750000,1,2
267,"Chris Bassitt","SP",33,"","R","$8,650,000 "," NYM",1,8650000,3,2
270,"Chris Flexen","RP",28,"","R","$2,750,000 "," SEA",1,2750000,1,2
272,"Chris Martin","RP",36,"","R","$2,500,000 "," LAD",1,2500000,1,3
275,"Chris Paddack","SP",26,"","R","$2,250,000 "," MIN",1,2250000,1,2
276,"Chris Rodriguez","SP",23,"","R","$710,000 "," LAA",1,710000,1,1
277,"Chris Sale","SP",33,"","L","$30,000,000 "," BOS",1,3e+07,3,2
278,"Chris Stratton","RP",31,"","R","$2,700,000 "," STL",1,2700000,1,2
279,"Chris Taylor","LF",31,"R","","$15,000,000 "," LAD",3,1.5e+07,3,2
280,"Christian Arroyo","2B",27,"R","","$1,200,000 "," BOS",2,1200000,1,2
281,"Christian Vazquez","C",31,"R","","$7,000,000 "," HOU",2,7e+06,3,2
282,"Christian Walker","1B",31,"R","","$2,600,000 "," ARI",2,2600000,1,2
283,"Christian Yelich","LF",30,"L","","$26,000,000 "," MIL",3,2.6e+07,3,2
284,"Cionel Perez","RP",26,"","L","$705,000 "," BAL",1,705000,1,2
285,"Clarke Schmidt","RP",26,"","R","$712,500 "," NYY",1,712500,1,2
286,"Clay Holmes","RP/CL",29,"","R","$1,100,000 "," NYY",1,1100000,1,2
287,"Clayton Kershaw","SP",34,"","L","$14,500,000 "," LAD",1,14500000,3,2
289,"Codi Heuer","RP",25,"","R","$734,000 "," CHC",1,734000,1,1
290,"Cody Bellinger","CF",26,"L","","$17,000,000 "," LAD",3,1.7e+07,3,2
292,"Cody Poteet","RP",27,"","R","$704,000 "," MIA",1,704000,1,2
294,"Cody Stashak","RP",28,"","R","$720,400 "," MIN",1,720400,1,2
296,"Cole Irvin","SP",28,"","L","$705,000 "," OAK",1,705000,1,2
301,"Collin McHugh","RP",35,"","R","$4,000,000 "," ATL",1,4e+06,2,3
303,"Colton Welker","3B",24,"R","","$700,000 "," SF",2,7e+05,1,1
306,"Connor Brogdon","RP",27,"","R","$715,000 "," PHI",1,715000,1,2
307,"Connor Joe","LF",29,"R","","$702,000 "," COL",3,702000,1,2
308,"Connor Overton","RP",28,"","R","$700,000 "," CIN",1,7e+05,1,2
310,"Connor Wong","C",26,"R","","$700,000 "," BOS",2,7e+05,1,2
312,"Corbin Burnes","SP",27,"","R","$6,500,000 "," MIL",1,6500000,3,2
314,"Corey Dickerson","LF",33,"L","","$5,000,000 "," STL",3,5e+06,3,2
315,"Corey Kluber","SP",36,"","R","$8,000,000 "," TB",1,8e+06,3,3
316,"Corey Knebel","RP",30,"","R","$10,000,000 "," PHI",1,1e+07,3,2
319,"Corey Seager","SS",28,"L","","$32,500,000 "," TEX",2,32500000,3,2
320,"Cory Abbott","SP",26,"","R","$700,000 "," WSH",1,7e+05,1,2
321,"Craig Kimbrel","RP/CL",34,"","R","$16,000,000 "," LAD",1,1.6e+07,3,2
322,"Craig Stammen","RP",38,"","R","$4,000,000 "," SD",1,4e+06,2,3
323,"Cristian Javier","SP",25,"","R","$749,100 "," HOU",1,749100,1,1
324,"Cristian Pache","CF",23,"R","","$710,000 "," OAK",3,710000,1,1
326,"Curt Casali","C",33,"R","","$2,600,000 "," SEA",2,2600000,1,2
328,"Cesar Hernandez","2B",32,"","","$4,000,000 "," WSH",2,4e+06,2,2
331,"DJ LeMahieu","3B",33,"R","","$15,000,000 "," NYY",2,1.5e+07,3,2
336,"Damon Jones","RP",27,"","L","$700,000 "," PHI",1,7e+05,1,2
339,"Dane Dunning","SP",27,"","R","$714,000 "," TEX",1,714000,1,2
340,"Daniel Bard","RP",37,"","R","$4,400,000 "," COL",1,4400000,3,3
342,"Daniel Castano","SP",27,"","L","$705,000 "," MIA",1,705000,1,2
343,"Daniel Hudson","RP/CL",35,"","R","$6,000,000 "," LAD",1,6e+06,3,3
345,"Daniel Lynch IV","SP",25,"","L","$703,600 "," KC",1,703600,1,1
346,"Daniel Norris","RP",29,"","L","$700,000 "," DET",1,7e+05,1,2
349,"Daniel Vogelbach","DH",29,"L","","$800,000 "," NYM",4,8e+05,1,2
351,"Danny Coulombe","RP",32,"","L","$979,500 "," MIN",1,979500,1,2
352,"Danny Duffy","RP",33,"","L","$3,000,000 "," LAD",1,3e+06,1,2
353,"Danny Jansen","C",27,"R","","$1,950,000 "," TOR",2,1950000,1,2
354,"Danny Mendick","2B",28,"R","","$714,000 "," CHW",2,714000,1,2
356,"Dansby Swanson","SS",28,"R","","$10,000,000 "," ATL",2,1e+07,3,2
358,"Darin Ruf","DH",35,"R","","$3,000,000 "," NYM",4,3e+06,1,3
360,"Darren O'Day","RP",39,"","R","$1,000,000 "," ATL",1,1e+06,1,3
361,"Darwinzon Hernandez","RP",25,"","L","$700,000 "," BOS",1,7e+05,1,1
363,"Daulton Varsho","CF",25,"L","","$721,700 "," ARI",3,721700,1,1
365,"David Bednar","RP/CL",27,"","R","$715,000 "," PIT",1,715000,1,2
366,"David Bote","2B",29,"R","","$2,500,000 "," CHC",2,2500000,1,2
368,"David Fletcher","SS",28,"R","","$4,000,000 "," LAA",2,4e+06,2,2
372,"David Peralta","LF",34,"L","","$8,000,000 "," TB",3,8e+06,3,2
373,"David Peterson","RP",26,"","L","$700,000 "," NYM",1,7e+05,1,2
374,"David Phelps","RP",35,"","R","$1,750,000 "," TOR",1,1750000,1,3
375,"David Price","RP",36,"","L","$32,000,000 "," LAD",1,3.2e+07,3,3
376,"David Robertson","RP/CL",37,"","R","$3,500,000 "," PHI",1,3500000,1,3
378,"Dean Kremer","SP",26,"","R","$705,500 "," BAL",1,705500,1,2
383,"Dennis Santana","RP",26,"","R","$720,000 "," TEX",1,720000,1,2
384,"Deolis Guerra","RP",33,"","R","$815,000 "," OAK",1,815000,1,2
388,"Derek Law","RP",31,"","R","$700,000 "," CIN",1,7e+05,1,2
391,"Devin Williams","RP/CL",27,"","R","$714,500 "," MIL",1,714500,1,2
394,"Diego Castillo","RP",28,"","R","$2,150,000 "," SEA",1,2150000,1,2
394,"Diego Castillo","2B",28,"R","","$700,000 "," PIT",2,7e+05,1,2
398,"Dillon Tate","RP",28,"","R","$711,500 "," BAL",1,711500,1,2
400,"Dinelson Lamet","RP",29,"","R","$4,775,000 "," COL",1,4775000,3,2
403,"Domingo German","SP",29,"","R","$1,750,000 "," NYY",1,1750000,1,2
408,"Donovan Solano","2B",34,"R","","$4,500,000 "," CIN",2,4500000,3,2
409,"Donovan Walton","SS",28,"L","","$700,000 "," SF",2,7e+05,1,2
415,"Drew Pomeranz","RP",33,"","L","$8,000,000 "," SD",1,8e+06,3,2
416,"Drew Rasmussen","SP",26,"","R","$711,800 "," TB",1,711800,1,2
417,"Drew Smith","RP",28,"","R","$750,000 "," NYM",1,750000,1,2
418,"Drew Smyly","SP",33,"","L","$4,250,000 "," CHC",1,4250000,3,2
420,"Duane Underwood Jr.","RP",27,"","R","$725,000 "," PIT",1,725000,1,2
424,"Dustin May","SP",24,"","R","$730,000 "," LAD",1,730000,1,1
425,"Dylan Bundy","SP",29,"","R","$4,000,000 "," MIN",1,4e+06,2,2
426,"Dylan Carlson","RF",23,"","","$703,000 "," STL",3,703000,1,1
427,"Dylan Cease","SP",26,"","R","$750,000 "," CHW",1,750000,1,2
428,"Dylan Coleman","RP",25,"","R","$700,650 "," KC",1,700650,1,1
429,"Dylan Floro","RP/CL",31,"","R","$3,000,000 "," MIA",1,3e+06,1,2
430,"Dylan Lee","RP",27,"","L","$700,000 "," ATL",1,7e+05,1,2
431,"Dylan Moore","2B",29,"R","","$1,350,000 "," SEA",2,1350000,1,2
432,"Eddie Rosario","LF",30,"L","","$9,000,000 "," ATL",3,9e+06,3,2
436,"Edmundo Sosa","SS",26,"R","","$715,600 "," PHI",2,715600,1,2
438,"Eduardo Escobar","3B",33,"","","$10,000,000 "," NYM",2,1e+07,3,2
439,"Eduardo Rodriguez","SP",29,"","L","$14,000,000 "," DET",1,1.4e+07,3,2
440,"Edward Cabrera","SP",24,"","R","$700,000 "," MIA",1,7e+05,1,1
441,"Edward Olivares","OF",26,"R","","$705,500 "," KC",3,705500,1,2
442,"Edwin Diaz","RP/CL",28,"","R","$10,200,000 "," NYM",1,10200000,3,2
445,"Ehire Adrianza","SS",32,"","","$1,500,000 "," ATL",2,1500000,1,2
446,"Eli Morgan","RP",26,"","R","$702,100 "," CLE",1,702100,1,2
447,"Eli White","OF",28,"R","","$714,000 "," TEX",3,714000,1,2
448,"Elias Diaz","C",31,"R","","$3,000,000 "," COL",2,3e+06,1,2
449,"Elieser Hernandez","RP",27,"","R","$1,325,000 "," MIA",1,1325000,1,2
450,"Eloy Jimenez","LF",25,"R","","$6,500,000 "," CHW",3,6500000,3,1
451,"Elvis Andrus","SS",33,"R","","$700,000 "," CHW",2,7e+05,1,2
453,"Emilio Pagan","RP",31,"","R","$2,300,000 "," MIN",1,2300000,1,2
454,"Emmanuel Clase","RP/CL",24,"","R","$1,500,000 "," CLE",1,1500000,1,1
455,"Emmanuel Rivera","3B",26,"R","","$700,000 "," ARI",2,7e+05,1,2
459,"Erasmo Ramirez","RP",32,"","R","$700,000 "," WSH",1,7e+05,1,2
461,"Eric Haase","C",29,"R","","$710,400 "," DET",2,710400,1,2
464,"Eric Lauer","SP",27,"","L","$2,425,000 "," MIL",1,2425000,1,2
468,"Erick Fedde","SP",29,"","R","$2,150,000 "," WSH",1,2150000,1,2
470,"Erik Swanson","RP",28,"","R","$711,600 "," SEA",1,711600,1,2
471,"Ernie Clement","2B",26,"R","","$700,800 "," OAK",2,700800,1,2
474,"Eugenio Suarez","3B",30,"R","","$11,000,000 "," SEA",2,1.1e+07,3,2
475,"Evan Longoria","3B",36,"R","","$19,500,000 "," SF",2,19500000,3,3
477,"Evan Phillips","RP/CL",27,"","R","$720,000 "," LAD",1,720000,1,2
480,"Fernando Tatis Jr.","SS",23,"R","","$5,000,000 "," SD",2,5e+06,3,1
481,"Framber Valdez","SP",28,"","L","$3,000,000 "," HOU",1,3e+06,1,2
482,"Franchy Cordero","1B",27,"L","","$825,000 "," BOS",2,825000,1,2
483,"Francisco Lindor","SS",28,"","","$32,000,000 "," NYM",2,3.2e+07,3,2
484,"Francisco Mejia","C",26,"","","$1,455,000 "," TB",2,1455000,1,2
487,"Frankie Montas","SP",29,"","R","$5,025,000 "," NYY",1,5025000,3,2
488,"Franmil Reyes","DH",26,"R","","$4,550,000 "," CHC",4,4550000,3,2
489,"Freddie Freeman","1B",32,"L","","$27,000,000 "," LAD",2,2.7e+07,3,2
491,"Freddy Peralta","SP",26,"","R","$2,250,000 "," MIL",1,2250000,1,2
495,"Garrett Cleavinger","RP",28,"","L","$710,000 "," TB",1,710000,1,2
496,"Garrett Cooper","DH",31,"R","","$2,500,000 "," MIA",4,2500000,1,2
497,"Garrett Crochet","RP",23,"","L","$715,000 "," CHW",1,715000,1,1
498,"Garrett Hampson","SS",27,"R","","$1,862,500 "," COL",2,1862500,1,2
500,"Garrett Stubbs","C",29,"L","","$704,500 "," PHI",2,704500,1,2
501,"Garrett Whitlock","RP",26,"","R","$720,000 "," BOS",1,720000,1,2
502,"Gary Sanchez","C",29,"R","","$9,000,000 "," MIN",2,9e+06,3,2
503,"Gavin Lux","2B",24,"L","","$720,000 "," LAD",2,720000,1,1
504,"Gavin Sheets","DH",26,"L","","$706,000 "," CHW",4,706000,1,2
506,"George Springer","CF",32,"R","","$28,000,000 "," TOR",3,2.8e+07,3,2
507,"Geraldo Perdomo","SS",22,"","","$701,300 "," ARI",2,701300,1,1
509,"German Marquez","SP",27,"","R","$11,000,000 "," COL",1,1.1e+07,3,2
510,"Gerrit Cole","SP",31,"","R","$36,000,000 "," NYY",1,3.6e+07,3,2
511,"Giancarlo Stanton","RF",32,"R","","$29,000,000 "," NYY",3,2.9e+07,3,2
512,"Gilberto Celestino","LF",23,"R","","$702,850 "," MIN",3,702850,1,1
513,"Gio Urshela","3B",30,"R","","$6,550,000 "," MIN",2,6550000,3,2
514,"Giovanny Gallegos","RP",30,"","R","$2,410,000 "," STL",1,2410000,1,2
515,"Glenn Otto","SP",26,"","R","$700,000 "," TEX",1,7e+05,1,2
516,"Gleyber Torres","2B",25,"R","","$6,250,000 "," NYY",2,6250000,3,1
523,"Gregory Santos","RP",22,"","R","$700,000 "," SF",1,7e+05,1,1
524,"Gregory Soto","RP",27,"","L","$722,400 "," DET",1,722400,1,2
525,"Griffin Canning","SP",26,"","R","$730,000 "," LAA",1,730000,1,2
527,"Guillermo Heredia","CF",31,"R","","$1,000,000 "," ATL",3,1e+06,1,2
529,"Ha-Seong Kim","SS",26,"R","","$7,000,000 "," SD",2,7e+06,3,2
530,"Hans Crouse","SP",23,"","R","$700,000 "," PHI",1,7e+05,1,1
532,"Hanser Alberto","2B",29,"R","","$1,350,000 "," LAD",2,1350000,1,2
533,"Harold Castro","3B",28,"L","","$1,275,000 "," DET",2,1275000,1,2
534,"Harold Ramirez","RF",27,"R","","$728,000 "," TB",3,728000,1,2
535,"Harrison Bader","CF",28,"R","","$4,700,000 "," NYY",3,4700000,3,2
537,"Hector Neris","RP",33,"","R","$8,000,000 "," HOU",1,8e+06,3,2
541,"Hoby Milner","RP",31,"","L","$705,100 "," MIL",1,705100,1,2
543,"Huascar Ynoa","SP",24,"","R","$720,000 "," ATL",1,720000,1,1
545,"Humberto Castellanos","SP",24,"","R","$713,700 "," ARI",1,713700,1,1
547,"Hunter Dozier","1B",30,"R","","$4,500,000 "," KC",2,4500000,3,2
548,"Hunter Harvey","RP",27,"","R","$700,000 "," WSH",1,7e+05,1,2
550,"Hunter Renfroe","RF",30,"R","","$7,650,000 "," MIL",3,7650000,3,2
551,"Hunter Strickland","RP",33,"","R","$1,825,000 "," CIN",1,1825000,1,2
554,"Hyun Jin Ryu","SP",35,"","L","$20,000,000 "," TOR",1,2e+07,3,3
557,"Ian Gibaut","RP",28,"","R","$700,000 "," CIN",1,7e+05,1,2
558,"Ian Happ","LF",27,"","","$6,850,000 "," CHC",3,6850000,3,2
559,"Ian Kennedy","RP",37,"","R","$4,500,000 "," ARI",1,4500000,3,3
561,"Ildemaro Vargas","2B",30,"","","$700,000 "," WSH",2,7e+05,1,2
563,"Isaac Paredes","3B",23,"R","","$700,000 "," TB",2,7e+05,1,1
565,"Isiah Kiner-Falefa","SS",27,"R","","$4,700,000 "," NYY",2,4700000,3,2
571,"J.D. Davis","3B",29,"R","","$2,760,000 "," SF",2,2760000,1,2
573,"J.D. Martinez","DH",34,"R","","$19,350,000 "," BOS",4,19350000,3,2
574,"J.P. Crawford","SS",27,"L","","$5,000,000 "," SEA",2,5e+06,3,2
575,"J.P. Feyereisen","RP",29,"","R","$708,600 "," TB",1,708600,1,2
576,"J.T. Realmuto","C",31,"R","","$23,875,000 "," PHI",2,23875000,3,2
577,"JT Brubaker","SP",28,"","R","$725,000 "," PIT",1,725000,1,2
578,"JT Chargois","RP",31,"","R","$710,500 "," TB",1,710500,1,2
582,"Jace Peterson","3B",32,"L","","$1,825,000 "," MIL",2,1825000,1,2
583,"Jack Flaherty","SP",26,"","R","$5,000,000 "," STL",1,5e+06,3,2
592,"Jacob Stallings","C",32,"R","","$2,450,000 "," MIA",2,2450000,1,2
595,"Jacob deGrom","SP",34,"","R","$33,500,000 "," NYM",1,33500000,3,2
597,"Jaime Barria","RP",25,"","R","$730,000 "," LAA",1,730000,1,1
600,"Jake Brentz","RP",27,"","L","$711,250 "," KC",1,711250,1,2
603,"Jake Cousins","RP",27,"","R","$706,400 "," MIL",1,706400,1,2
604,"Jake Cronenworth","2B",28,"L","","$757,200 "," SD",2,757200,1,2
607,"Jake Fraley","LF",27,"L","","$710,000 "," CIN",3,710000,1,2
608,"Jake Hager","OF",29,"R","","$700,000 "," ARI",3,7e+05,1,2
613,"Jake McCarthy","OF",24,"L","","$702,400 "," ARI",3,702400,1,1
615,"Jake Meyers","OF",26,"R","","$710,500 "," HOU",3,710500,1,2
617,"Jake Odorizzi","SP",32,"","R","$5,000,000 "," ATL",1,5e+06,3,2
620,"Jake Rogers","C",27,"R","","$706,300 "," DET",2,706300,1,2
621,"Jake Woodford","RP",25,"","R","$714,350 "," STL",1,714350,1,1
625,"James Kaprielian","SP",28,"","R","$705,000 "," OAK",1,705000,1,2
626,"James Karinchak","RP",26,"","R","$714,500 "," CLE",1,714500,1,2
627,"James McCann","C",32,"R","","$8,000,000 "," NYM",2,8e+06,3,2
629,"James Paxton","SP",33,"","L","$6,000,000 "," BOS",1,6e+06,3,2
631,"Jameson Taillon","SP",30,"","R","$5,800,000 "," NYY",1,5800000,3,2
632,"Jandel Gustave","RP",29,"","R","$700,000 "," MIL",1,7e+05,1,2
636,"Jared Walsh","1B",28,"L","","$730,000 "," LAA",2,730000,1,2
637,"Jarlin Garcia","RP",29,"","L","$1,725,000 "," SF",1,1725000,1,2
638,"Jarred Kelenic","LF",22,"L","","$706,200 "," SEA",3,706200,1,1
641,"Jason Adam","RP",30,"","R","$900,000 "," TB",1,9e+05,1,2
642,"Jason Castro","C",35,"L","","$3,750,000 "," HOU",2,3750000,1,3
643,"Jason Foley","RP",26,"","R","$701,400 "," DET",1,701400,1,2
644,"Jason Heyward","RF",32,"L","","$22,000,000 "," CHC",3,2.2e+07,3,2
646,"Jason Vosler","3B",28,"L","","$700,000 "," SF",2,7e+05,1,2
647,"Javier Baez","SS",29,"R","","$20,000,000 "," DET",2,2e+07,3,2
648,"Javy A. Guerra","RP",26,"","R","$704,900 "," TB",1,704900,1,2
651,"Jay Jackson","RP",34,"","R","$1,500,000 "," ATL",1,1500000,1,2
653,"Jazz Chisholm Jr.","2B",24,"L","","$718,000 "," MIA",2,718000,1,1
654,"Jean Segura","2B",32,"R","","$14,250,000 "," PHI",2,14250000,3,2
656,"Jeff Hoffman","RP",29,"","R","$925,000 "," CIN",1,925000,1,2
658,"Jeff McNeil","2B",30,"L","","$3,000,000 "," NYM",2,3e+06,1,2
659,"Jeffrey Springs","SP",29,"","L","$947,500 "," TB",1,947500,1,2
661,"Jeimer Candelario","3B",28,"","","$5,800,000 "," DET",2,5800000,3,2
667,"Jesse Winker","LF",28,"L","","$6,250,000 "," SEA",3,6250000,3,2
669,"Jesus Luzardo","SP",24,"","L","$715,000 "," MIA",1,715000,1,1
670,"Jesus Sanchez","CF",24,"","","$709,000 "," MIA",3,709000,1,1
673,"Jharel Cotton","SP",30,"","R","$700,000 "," SF",1,7e+05,1,2
674,"Jhon Romero","RP",27,"","R","$700,400 "," MIN",1,700400,1,2
675,"Jhonathan Diaz","SP",25,"","L","$700,000 "," LAA",1,7e+05,1,1
677,"Ji Man Choi","1B",31,"","","$3,200,000 "," TB",2,3200000,1,2
678,"Jimmy Herget","RP",28,"","R","$720,000 "," LAA",1,720000,1,2
679,"Jimmy Lambert","RP",27,"","R","$700,000 "," CHW",1,7e+05,1,2
681,"Jo Adell","RF",23,"R","","$720,000 "," LAA",3,720000,1,1
685,"Joc Pederson","LF",30,"L","","$6,000,000 "," SF",3,6e+06,3,2
686,"Joe Barlow","RP",26,"","R","$704,000 "," TEX",1,704000,1,2
688,"Joe Jimenez","RP",27,"","R","$1,790,000 "," DET",1,1790000,1,2
689,"Joe Kelly","RP",34,"","R","$7,000,000 "," CHW",1,7e+06,3,2
690,"Joe Mantiply","RP",31,"","L","$717,000 "," ARI",1,717000,1,2
691,"Joe Musgrove","SP",29,"","R","$8,625,000 "," SD",1,8625000,3,2
693,"Joe Ross","SP",29,"","R","$2,400,000 "," WSH",1,2400000,1,2
694,"Joe Ryan","SP",26,"","R","$701,650 "," MIN",1,701650,1,2
696,"Joel Payamps","RP",28,"","R","$708,750 "," OAK",1,708750,1,2
697,"Joely Rodriguez","RP",30,"","L","$2,000,000 "," NYM",1,2e+06,1,2
698,"Joey Bart","C",25,"R","","$707,500 "," SF",2,707500,1,1
699,"Joey Gallo","LF",28,"L","","$10,275,000 "," LAD",3,10275000,3,2
701,"Joey Lucchesi","SP",29,"","L","$1,150,000 "," NYM",1,1150000,1,2
702,"Joey Votto","1B",38,"L","","$25,000,000 "," CIN",2,2.5e+07,3,3
703,"Joey Wendle","3B",32,"L","","$4,550,000 "," MIA",2,4550000,3,2
705,"Johan Oviedo","SP",24,"","R","$700,000 "," PIT",1,7e+05,1,1
708,"John Brebbia","RP",32,"","R","$837,500 "," SF",1,837500,1,2
709,"John Curtiss","RP",29,"","R","$700,000 "," NYM",1,7e+05,1,2
712,"John King","RP",27,"","L","$714,000 "," TEX",1,714000,1,2
713,"John Means","SP",29,"","L","$2,950,000 "," BAL",1,2950000,1,2
715,"John Schreiber","RP",28,"","R","$700,000 "," BOS",1,7e+05,1,2
717,"Johnny Cueto","SP",36,"","R","$4,200,000 "," CHW",1,4200000,3,3
718,"Jon Berti","3B",32,"R","","$1,200,000 "," MIA",2,1200000,1,2
720,"Jon Gray","SP",30,"","R","$15,000,000 "," TEX",1,1.5e+07,3,2
723,"Jonah Heim","C",27,"","","$714,000 "," TEX",2,714000,1,2
726,"Jonathan Heasley","SP",25,"","R","$700,000 "," KC",1,7e+05,1,1
727,"Jonathan India","2B",25,"R","","$760,000 "," CIN",2,760000,1,1
728,"Jonathan Loaisiga","RP",27,"","R","$1,650,000 "," NYY",1,1650000,1,2
730,"Jonathan Schoop","2B",30,"R","","$7,500,000 "," DET",2,7500000,3,2
731,"Jonathan Stiever","SP",25,"","R","$700,000 "," CHW",1,7e+05,1,1
733,"Jordan Hicks","RP",25,"","R","$937,500 "," STL",1,937500,1,1
734,"Jordan Holloway","RP",26,"","R","$700,000 "," MIA",1,7e+05,1,2
735,"Jordan Luplow","OF",28,"R","","$1,400,000 "," ARI",3,1400000,1,2
736,"Jordan Lyles","SP",31,"","R","$5,500,000 "," BAL",1,5500000,3,2
737,"Jordan Montgomery","SP",29,"","L","$6,000,000 "," STL",1,6e+06,3,2
738,"Jordan Romano","RP/CL",29,"","R","$710,400 "," TOR",1,710400,1,2
740,"Jordan Weems","RP",29,"","R","$700,000 "," WSH",1,7e+05,1,2
744,"Jorge Alcala","RP",26,"","R","$717,900 "," MIN",1,717900,1,2
745,"Jorge Alfaro","C",29,"R","","$2,725,000 "," SD",2,2725000,1,2
748,"Jorge Lopez","RP",29,"","R","$1,500,000 "," MIN",1,1500000,1,2
749,"Jorge Mateo","SS",27,"R","","$709,500 "," BAL",2,709500,1,2
750,"Jorge Polanco","2B",28,"","","$5,500,000 "," MIN",2,5500000,3,2
751,"Jorge Soler","LF",30,"R","","$12,000,000 "," MIA",3,1.2e+07,3,2
752,"Jose Altuve","2B",32,"R","","$26,000,000 "," HOU",2,2.6e+07,3,2
753,"Jose Barrero","SS",24,"R","","$702,500 "," CIN",2,702500,1,1
756,"Jose Siri","CF",26,"R","","$704,000 "," TB",3,704000,1,2
757,"Jose Trevino","C",29,"R","","$720,000 "," NYY",2,720000,1,2
759,"Josh Bell","1B",29,"","","$10,000,000 "," SD",2,1e+07,3,2
760,"Josh Donaldson","DH",36,"R","","$21,000,000 "," NYY",4,2.1e+07,3,3
761,"Josh Fleming","RP",26,"","L","$707,400 "," TB",1,707400,1,2
762,"Josh Hader","RP/CL",28,"","L","$11,000,000 "," SD",1,1.1e+07,3,2
763,"Josh Harrison","2B",34,"R","","$4,000,000 "," CHW",2,4e+06,2,2
764,"Josh James","RP",29,"","R","$800,000 "," HOU",1,8e+05,1,2
767,"Josh Naylor","1B",25,"L","","$1,200,000 "," CLE",2,1200000,1,1
771,"Josh Rojas","3B",28,"L","","$730,900 "," ARI",2,730900,1,2
772,"Josh Sborz","RP",28,"","R","$714,000 "," TEX",1,714000,1,2
773,"Josh Staumont","RP",28,"","R","$728,000 "," KC",1,728000,1,2
774,"Josh Taylor","RP",29,"","L","$1,025,000 "," BOS",1,1025000,1,2
778,"Joshua Palacios","CF",26,"R","","$701,700 "," WSH",3,701700,1,2
779,"Josiah Gray","SP",24,"","R","$703,500 "," WSH",1,703500,1,1
780,"Jose Abreu","1B",35,"R","","$18,000,000 "," CHW",2,1.8e+07,3,3
781,"Jose Alvarado","RP/CL",27,"","L","$1,900,000 "," PHI",1,1900000,1,2
782,"Jose Berrios","SP",28,"","R","$10,000,000 "," TOR",1,1e+07,3,2
783,"Jose Cisnero","RP",33,"","R","$1,900,000 "," DET",1,1900000,1,2
787,"Jose Iglesias","SS",32,"R","","$5,000,000 "," COL",2,5e+06,3,2
791,"Jose Quijada","RP",26,"","L","$720,000 "," LAA",1,720000,1,2
792,"Jose Quintana","SP",33,"","L","$2,000,000 "," STL",1,2e+06,1,2
793,"Jose Ramirez","3B",29,"","","$22,000,000 "," CLE",2,2.2e+07,3,2
795,"Jose Ruiz","RP",27,"","R","$720,000 "," CHW",1,720000,1,2
796,"Jose Suarez","SP",24,"","L","$720,000 "," LAA",1,720000,1,1
797,"Jose Urena","SP",30,"","R","$700,000 "," COL",1,7e+05,1,2
798,"Jose Urquidy","SP",27,"","R","$748,700 "," HOU",1,748700,1,2
799,"Jose Alvarez","RP",33,"","L","$1,500,000 "," SF",1,1500000,1,2
803,"Juan Soto","RF",23,"L","","$17,100,000 "," SD",3,17100000,3,1
807,"Julio Urias","SP",25,"","L","$8,000,000 "," LAD",1,8e+06,3,1
808,"Junior Fernandez","RP",25,"","R","$700,000 "," PIT",1,7e+05,1,1
810,"Jurickson Profar","LF",29,"","","$6,500,000 "," SD",3,6500000,3,2
812,"Justin Dunn","SP",26,"","R","$720,000 "," CIN",1,720000,1,2
814,"Justin Lawrence","RP/CL",27,"","R","$700,000 "," COL",1,7e+05,1,2
816,"Justin Steele","SP",26,"","L","$705,000 "," CHC",1,705000,1,2
817,"Justin Topa","RP",31,"","R","$702,200 "," MIL",1,702200,1,2
818,"Justin Turner","3B",37,"R","","$16,000,000 "," LAD",2,1.6e+07,3,3
821,"Justin Wilson","RP",34,"","L","$2,300,000 "," CIN",1,2300000,1,2
824,"Kaleb Ort","RP",30,"","","$700,000 "," BOS",1,7e+05,1,2
825,"Ke'Bryan Hayes","3B",25,"R","","$10,000,000 "," PIT",2,1e+07,3,1
827,"Keegan Akin","RP",27,"","L","$709,500 "," BAL",1,709500,1,2
828,"Keegan Thompson","SP",27,"","R","$706,000 "," CHC",1,706000,1,2
829,"Keibert Ruiz","C",23,"","","$701,300 "," WSH",2,701300,1,1
831,"Kendall Graveman","RP/CL",31,"","R","$8,000,000 "," CHW",1,8e+06,3,2
832,"Kenley Jansen","RP/CL",34,"","R","$16,000,000 "," ATL",1,1.6e+07,3,2
833,"Kent Emanuel","RP",30,"","L","$702,000 "," PHI",1,702000,1,2
834,"Kenta Maeda","SP",34,"","R","$3,000,000 "," MIN",1,3e+06,1,2
837,"Keston Hiura","2B",25,"R","","$705,100 "," MIL",2,705100,1,1
838,"Ketel Marte","2B",28,"","","$8,000,000 "," ARI",2,8e+06,3,2
841,"Kevin Gausman","SP",31,"","R","$21,000,000 "," TOR",1,2.1e+07,3,2
842,"Kevin Ginkel","RP",28,"","R","$700,000 "," ARI",1,7e+05,1,2
843,"Kevin Kiermaier","CF",32,"L","","$12,000,000 "," TB",3,1.2e+07,3,2
844,"Kevin Newman","SS",28,"R","","$1,950,000 "," PIT",2,1950000,1,2
846,"Kevin Pillar","CF",33,"R","","$2,500,000 "," LAD",3,2500000,1,2
850,"Keynan Middleton","RP",28,"","R","$800,000 "," ARI",1,8e+05,1,2
853,"Kike Hernandez","CF",30,"R","","$8,000,000 "," BOS",3,8e+06,3,2
859,"Kole Calhoun","LF",34,"L","","$5,200,000 "," TEX",3,5200000,3,2
860,"Kolten Wong","2B",31,"L","","$8,000,000 "," MIL",2,8e+06,3,2
862,"Kris Bryant","LF",30,"R","","$17,000,000 "," COL",3,1.7e+07,3,2
863,"Kris Bubic","SP",24,"","L","$713,750 "," KC",1,713750,1,1
864,"Kurt Suzuki","C",38,"R","","$1,750,000 "," LAA",2,1750000,1,3
865,"Kutter Crawford","SP",26,"","R","$702,000 "," BOS",1,702000,1,2
869,"Kyle Crick","RP",29,"","R","$1,250,000 "," CHW",1,1250000,1,2
871,"Kyle Farmer","SS",31,"R","","$3,155,000 "," CIN",2,3155000,1,2
872,"Kyle Finnegan","RP/CL",30,"","R","$725,900 "," WSH",1,725900,1,2
873,"Kyle Freeland","SP",29,"","L","$7,000,000 "," COL",1,7e+06,3,2
874,"Kyle Funkhouser","RP",28,"","R","$710,200 "," DET",1,710200,1,2
876,"Kyle Gibson","SP",34,"","R","$7,000,000 "," PHI",1,7e+06,3,2
877,"Kyle Hendricks","SP",32,"","R","$14,000,000 "," CHC",1,1.4e+07,3,2
878,"Kyle Higashioka","C",32,"R","","$935,000 "," NYY",2,935000,1,2
879,"Kyle Isbel","RF",25,"L","","$701,900 "," KC",3,701900,1,1
885,"Kyle Nelson","RP",25,"","L","$700,000 "," ARI",1,7e+05,1,1
887,"Kyle Schwarber","LF",29,"L","","$19,000,000 "," PHI",3,1.9e+07,3,2
889,"Kyle Tucker","RF",25,"L","","$764,200 "," HOU",3,764200,1,1
891,"Kyle Wright","SP",26,"","R","$720,000 "," ATL",1,720000,1,2
894,"LaMonte Wade Jr.","LF",28,"L","","$730,000 "," SF",3,730000,1,2
895,"Lance Lynn","SP",35,"","R","$18,500,000 "," CHW",1,18500000,3,3
896,"Lance McCullers Jr.","SP",28,"","R","$15,250,000 "," HOU",1,15250000,3,2
897,"Lane Thomas","CF",26,"R","","$723,600 "," WSH",3,723600,1,2
898,"Lars Nootbaar","OF",24,"L","","$705,200 "," STL",3,705200,1,1
899,"Leody Taveras","CF",23,"","","$700,000 "," TEX",3,7e+05,1,1
900,"Leury Garcia","2B",31,"","","$5,500,000 "," CHW",2,5500000,3,2
901,"Lewin Diaz","1B",25,"L","","$700,000 "," MIA",2,7e+05,1,1
904,"Liam Hendriks","RP/CL",33,"","R","$13,000,000 "," CHW",1,1.3e+07,3,2
907,"Logan Gilbert","SP",25,"","R","$712,300 "," SEA",1,712300,1,1
908,"Logan Webb","SP",25,"","R","$730,000 "," SF",1,730000,1,1
910,"Lou Trivino","RP",30,"","R","$3,000,000 "," NYY",1,3e+06,1,2
912,"Lourdes Gurriel Jr.","LF",28,"R","","$4,500,000 "," TOR",3,4500000,3,2
913,"Lucas Gilbreath","RP",26,"","L","$702,000 "," COL",1,702000,1,2
914,"Lucas Giolito","SP",27,"","R","$7,450,000 "," CHW",1,7450000,3,2
915,"Lucas Luetge","RP",35,"","L","$905,000 "," NYY",1,905000,1,3
916,"Lucas Sims","RP",28,"","R","$1,250,000 "," CIN",1,1250000,1,2
918,"Luis Arraez","2B",25,"L","","$2,125,000 "," MIN",2,2125000,1,1
922,"Luis M. Castillo","SP",29,"","R","$7,350,000 "," SEA",1,7350000,3,2
923,"Luis Cessa","SP",30,"","R","$1,800,000 "," CIN",1,1800000,1,2
925,"Luis Gil","SP",24,"","R","$700,000 "," NYY",1,7e+05,1,1
926,"Luis Gonzalez","RF",26,"L","","$700,000 "," SF",3,7e+05,1,2
927,"Luis Guillorme","2B",27,"L","","$875,000 "," NYM",2,875000,1,2
932,"Luis Rengifo","2B",25,"","","$700,000 "," LAA",2,7e+05,1,1
933,"Luis Robert Jr.","CF",24,"R","","$6,000,000 "," CHW",3,6e+06,3,1
934,"Luis Severino","SP",28,"","R","$11,000,000 "," NYY",1,1.1e+07,3,2
935,"Luis Torrens","C",26,"R","","$1,200,000 "," SEA",2,1200000,1,2
936,"Luis Urias","2B",25,"R","","$2,550,000 "," MIL",2,2550000,1,1
937,"Luis V. Garcia","SS",22,"L","","$700,000 "," WSH",2,7e+05,1,1
939,"Luke Jackson","RP",30,"","R","$3,600,000 "," ATL",1,3600000,1,2
940,"Luke Maile","C",31,"R","","$900,000 "," CLE",2,9e+05,1,2
942,"Luke Voit","DH",31,"R","","$5,450,000 "," WSH",4,5450000,3,2
943,"Luke Weaver","RP",28,"","R","$2,875,000 "," KC",1,2875000,1,2
947,"Madison Bumgarner","SP",32,"","L","$23,000,000 "," ARI",1,2.3e+07,3,2
951,"Manny Machado","3B",29,"R","","$30,000,000 "," SD",2,3e+07,3,2
953,"Manuel Margot","RF",27,"R","","$5,600,000 "," TB",3,5600000,3,2
955,"Marcell Ozuna","DH",31,"R","","$16,000,000 "," ATL",4,1.6e+07,3,2
956,"Marco Gonzales","SP",30,"","L","$5,500,000 "," SEA",1,5500000,3,2
958,"Marcus Semien","2B",31,"R","","$25,000,000 "," TEX",2,2.5e+07,3,2
959,"Marcus Stroman","SP",31,"","R","$25,000,000 "," CHC",1,2.5e+07,3,2
961,"Mark Canha","LF",33,"R","","$12,000,000 "," NYM",3,1.2e+07,3,2
962,"Mark Melancon","RP",37,"","R","$6,000,000 "," ARI",1,6e+06,3,3
963,"Mark Payton","LF",30,"L","","$700,000 "," CHW",3,7e+05,1,2
964,"Martin Maldonado","C",35,"R","","$5,000,000 "," HOU",2,5e+06,3,3
965,"Martin Perez","SP",31,"","L","$4,000,000 "," TEX",1,4e+06,2,2
966,"Marwin Gonzalez","3B",33,"","","$1,150,000 "," NYY",2,1150000,1,2
967,"Mason Thompson","RP",24,"","R","$702,200 "," WSH",1,702200,1,1
971,"Matt Barnes","RP",32,"","R","$7,250,000 "," BOS",1,7250000,3,2
973,"Matt Bush","RP",36,"","R","$825,000 "," MIL",1,825000,1,3
974,"Matt Carpenter","3B",36,"L","","$2,000,000 "," NYY",2,2e+06,1,3
975,"Matt Chapman","3B",29,"R","","$12,000,000 "," TOR",2,1.2e+07,3,2
976,"Matt Duffy","3B",31,"R","","$1,500,000 "," LAA",2,1500000,1,2
980,"Matt Manning","SP",24,"","R","$705,300 "," DET",1,705300,1,1
981,"Matt Moore","RP",33,"","L","$2,500,000 "," TEX",1,2500000,1,2
982,"Matt Olson","1B",28,"L","","$15,000,000 "," ATL",2,1.5e+07,3,2
985,"Matt Strahm","RP",30,"","L","$3,000,000 "," BOS",1,3e+06,1,2
986,"Matt Thaiss","1B",27,"L","","$700,000 "," LAA",2,7e+05,1,2
987,"Matt Vierling","OF",25,"R","","$704,000 "," PHI",3,704000,1,1
989,"Matthew Boyd","RP",31,"","L","$5,200,000 "," SEA",1,5200000,3,2
990,"Mauricio Dubon","CF",27,"R","","$715,000 "," HOU",3,715000,1,2
991,"Mauricio Llovera","RP",26,"","R","$700,000 "," SF",1,7e+05,1,2
992,"Max Fried","SP",28,"","L","$6,850,000 "," ATL",1,6850000,3,2
993,"Max Kepler","RF",29,"L","","$6,750,000 "," MIN",3,6750000,3,2
994,"Max Kranick","SP",24,"","R","$705,000 "," PIT",1,705000,1,1
996,"Max Muncy","DH",31,"L","","$11,500,000 "," LAD",4,11500000,3,2
997,"Max Scherzer","SP",37,"","R","$43,333,333 "," NYM",1,43333333,3,3
999,"Max Stassi","C",31,"R","","$3,000,000 "," LAA",2,3e+06,1,2
1000,"Merrill Kelly","SP",33,"","R","$5,250,000 "," ARI",1,5250000,3,2
1001,"Michael A. Taylor","CF",31,"R","","$4,500,000 "," KC",3,4500000,3,2
1002,"Michael Brantley","LF",35,"L","","$16,000,000 "," HOU",3,1.6e+07,3,3
1006,"Michael Fulmer","RP",29,"","R","$4,950,000 "," MIN",1,4950000,3,2
1008,"Michael King","RP",27,"","R","$722,500 "," NYY",1,722500,1,2
1009,"Michael Kopech","SP",26,"","R","$730,000 "," CHW",1,730000,1,2
1010,"Michael Lorenzen","SP",30,"","R","$6,750,000 "," LAA",1,6750000,3,2
1013,"Michael Rucker","RP",28,"","R","$702,500 "," CHC",1,702500,1,2
1014,"Michael Wacha","SP",31,"","R","$7,000,000 "," BOS",1,7e+06,3,2
1016,"Mickey Moniak","CF",24,"L","","$701,000 "," LAA",3,701000,1,1
1018,"Miguel Andujar","3B",27,"R","","$1,300,000 "," PIT",2,1300000,1,2
1019,"Miguel Cabrera","DH",39,"R","","$32,000,000 "," DET",4,3.2e+07,3,3
1020,"Miguel Castro","RP",27,"","R","$2,620,000 "," NYY",1,2620000,1,2
1022,"Miguel Diaz","RP",27,"","R","$800,000 "," DET",1,8e+05,1,2
1023,"Miguel Rojas","SS",33,"R","","$5,500,000 "," MIA",2,5500000,3,2
1024,"Miguel Sano","1B",29,"R","","$9,250,000 "," MIN",2,9250000,3,2
1025,"Miguel Sanchez","RP",28,"","R","$700,000 "," MIL",1,7e+05,1,2
1026,"Miguel Yajure","RP",24,"","R","$705,000 "," PIT",1,705000,1,1
1027,"Mike Baumann","RP",26,"","R","$701,000 "," BAL",1,701000,1,2
1028,"Mike Brosseau","3B",28,"R","","$706,300 "," MIL",2,706300,1,2
1035,"Mike Minor","SP",34,"","L","$10,000,000 "," CIN",1,1e+07,3,2
1036,"Mike Moustakas","DH",33,"L","","$16,000,000 "," CIN",4,1.6e+07,3,2
1038,"Mike Trout","CF",30,"R","","$35,450,000 "," LAA",3,35450000,3,2
1040,"Mike Yastrzemski","CF",31,"L","","$3,700,000 "," SF",3,3700000,1,2
1041,"Mike Zunino","C",31,"R","","$7,000,000 "," TB",2,7e+06,3,2
1042,"Miles Mikolas","SP",33,"","R","$15,750,000 "," STL",1,15750000,3,2
1043,"Mitch Garver","C",31,"R","","$3,335,000 "," TEX",2,3335000,1,2
1044,"Mitch Haniger","RF",31,"R","","$7,750,000 "," SEA",3,7750000,3,2
1045,"Mitch Keller","SP",26,"","R","$725,000 "," PIT",1,725000,1,2
1049,"Mookie Betts","RF",29,"R","","$17,500,000 "," LAD",3,17500000,3,2
1050,"Mychal Givens","RP",32,"","R","$3,500,000 "," NYM",1,3500000,1,2
1051,"Myles Straw","CF",27,"R","","$1,250,000 "," CLE",3,1250000,1,2
1052,"Nabil Crismatt","RP",27,"","R","$721,500 "," SD",1,721500,1,2
1055,"Nathan Eovaldi","SP",32,"","R","$17,000,000 "," BOS",1,1.7e+07,3,2
1056,"Nathaniel Lowe","1B",26,"L","","$716,000 "," TEX",2,716000,1,2
1058,"Nelson Cruz","DH",41,"R","","$12,000,000 "," WSH",4,1.2e+07,3,3
1059,"Nestor Cortes","SP",27,"","L","$727,500 "," NYY",1,727500,1,2
1060,"Nick Ahmed","SS",32,"R","","$7,750,000 "," ARI",2,7750000,3,2
1062,"Nick Anderson","RP",31,"","R","$845,000 "," TB",1,845000,1,2
1063,"Nick Castellanos","RF",30,"R","","$20,000,000 "," PHI",3,2e+07,3,2
1065,"Nick Fortes","C",25,"R","","$700,000 "," MIA",2,7e+05,1,1
1066,"Nick Gordon","SS",26,"L","","$706,800 "," MIN",2,706800,1,2
1068,"Nick Madrigal","2B",25,"R","","$716,500 "," CHC",2,716500,1,1
1071,"Nick Maton","SS",25,"L","","$700,000 "," PHI",2,7e+05,1,1
1072,"Nick Mears","RP",25,"","R","$705,000 "," PIT",1,705000,1,1
1075,"Nick Pivetta","SP",29,"","R","$2,650,000 "," BOS",1,2650000,1,2
1077,"Nick Sandlin","RP",25,"","R","$701,700 "," CLE",1,701700,1,1
1078,"Nick Senzel","CF",27,"R","","$1,250,000 "," CIN",3,1250000,1,2
1079,"Nick Solak","LF",27,"R","","$720,000 "," TEX",3,720000,1,2
1085,"Nicky Lopez","3B",27,"L","","$2,550,000 "," KC",2,2550000,1,2
1086,"Nico Hoerner","SS",25,"R","","$720,000 "," CHC",2,720000,1,1
1089,"Noah Syndergaard","SP",29,"","R","$21,000,000 "," PHI",1,2.1e+07,3,2
1090,"Nolan Arenado","3B",31,"R","","$35,000,000 "," STL",2,3.5e+07,3,2
1096,"Omar Narvaez","C",30,"L","","$5,000,000 "," MIL",2,5e+06,3,2
1097,"Oneil Cruz","SS",23,"L","","$700,000 "," PIT",2,7e+05,1,1
1098,"Orlando Arcia","2B",27,"R","","$1,600,000 "," ATL",2,1600000,1,2
1099,"Otto Lopez","SS",23,"R","","$700,200 "," TOR",2,700200,1,1
1100,"Owen Miller","1B",25,"R","","$701,100 "," CLE",2,701100,1,1
1101,"Ozzie Albies","2B",25,"","","$5,000,000 "," ATL",2,5e+06,3,1
1103,"Pablo Lopez","SP",26,"","R","$2,450,000 "," MIA",1,2450000,1,2
1107,"Paolo Espino","SP",35,"","R","$716,200 "," WSH",1,716200,1,3
1109,"Patrick Corbin","SP",32,"","L","$23,000,000 "," WSH",1,2.3e+07,3,2
1113,"Patrick Sandoval","SP",25,"","L","$720,000 "," LAA",1,720000,1,1
1115,"Patrick Wisdom","3B",30,"R","","$730,000 "," CHC",2,730000,1,2
1116,"Paul Blackburn","SP",28,"","R","$710,000 "," OAK",1,710000,1,2
1117,"Paul Campbell","RP",26,"","R","$700,000 "," MIA",1,7e+05,1,2
1118,"Paul DeJong","SS",28,"R","","$6,000,000 "," STL",2,6e+06,3,2
1120,"Paul Goldschmidt","1B",34,"R","","$22,000,000 "," STL",2,2.2e+07,3,2
1121,"Paul Sewald","RP/CL",32,"","R","$1,735,000 "," SEA",1,1735000,1,2
1122,"Pavin Smith","RF",26,"L","","$722,900 "," ARI",3,722900,1,2
1128,"Pete Alonso","1B",27,"R","","$7,400,000 "," NYM",2,7400000,3,2
1129,"Pete Fairbanks","RP/CL",28,"","R","$714,400 "," TB",1,714400,1,2
1131,"Peter Lambert","SP",25,"","R","$762,500 "," COL",1,762500,1,1
1135,"Phil Maton","RP",29,"","R","$1,550,000 "," HOU",1,1550000,1,2
1138,"Pierce Johnson","RP",31,"","R","$3,000,000 "," SD",1,3e+06,1,2
1141,"Rafael Devers","3B",25,"L","","$11,200,000 "," BOS",2,11200000,3,1
1144,"Rafael Montero","RP",31,"","R","$2,725,000 "," HOU",1,2725000,1,2
1145,"Rafael Ortega","DH",31,"L","","$738,500 "," CHC",4,738500,1,2
1146,"Raimel Tapia","RF",28,"L","","$3,950,000 "," TOR",3,3950000,1,2
1147,"Raisel Iglesias","RP/CL",32,"","R","$10,000,000 "," ATL",1,1e+07,3,2
1149,"Ramon Laureano","RF",27,"R","","$2,450,000 "," OAK",3,2450000,1,2
1151,"Ramon Urias","3B",28,"R","","$705,500 "," BAL",2,705500,1,2
1152,"Randal Grichuk","RF",30,"R","","$9,333,333 "," COL",3,9333333,3,2
1153,"Randy Arozarena","LF",27,"R","","$716,600 "," TB",3,716600,1,2
1155,"Ranger Suarez","SP",26,"","L","$730,000 "," PHI",1,730000,1,2
1157,"Reese McGuire","C",27,"L","","$722,400 "," BOS",2,722400,1,2
1158,"Reid Detmers","SP",22,"","L","$710,000 "," LAA",1,710000,1,1
1160,"Reiver Sanmartin","RP",26,"","L","$700,000 "," CIN",1,7e+05,1,2
1164,"Reyes Moronta","RP",29,"","R","$1,500,000 "," ARI",1,1500000,1,2
1166,"Reynaldo Lopez","RP",28,"","R","$2,625,000 "," CHW",1,2625000,1,2
1167,"Rhys Hoskins","1B",29,"R","","$7,700,000 "," PHI",2,7700000,3,2
1168,"Rich Hill","SP",42,"","L","$5,000,000 "," BOS",1,5e+06,3,3
1169,"Richard Bleier","RP",35,"","L","$2,250,000 "," MIA",1,2250000,1,3
1173,"Riley Adams","C",26,"R","","$706,700 "," WSH",2,706700,1,2
1179,"Rob Refsnyder","RF",31,"R","","$800,000 "," BOS",3,8e+05,1,2
1180,"Robbie Grossman","LF",32,"","","$5,000,000 "," ATL",3,5e+06,3,2
1181,"Robbie Ray","SP",30,"","L","$21,000,000 "," SEA",1,2.1e+07,3,2
1185,"Robert Stephenson","RP",29,"","R","$1,280,000 "," PIT",1,1280000,1,2
1187,"Roberto Perez","C",33,"R","","$5,000,000 "," PIT",2,5e+06,3,2
1188,"Robinson Chirinos","C",38,"R","","$900,000 "," BAL",2,9e+05,1,3
1189,"Rodolfo Castro","SS",23,"","","$700,000 "," PIT",2,7e+05,1,1
1191,"Roman Quinn","CF",29,"","","$700,000 "," TB",3,7e+05,1,2
1192,"Romy Gonzalez","2B",25,"R","","$700,000 "," CHW",2,7e+05,1,1
1193,"Ronald Acuna Jr.","RF",24,"R","","$15,000,000 "," ATL",3,1.5e+07,3,1
1198,"Rony Garcia","SP",24,"","R","$704,800 "," DET",1,704800,1,1
1200,"Ross Stripling","SP",32,"","R","$3,790,000 "," TOR",1,3790000,1,2
1202,"Rowan Wick","RP",29,"","R","$724,000 "," CHC",1,724000,1,2
1203,"Rowdy Tellez","1B",27,"L","","$1,940,000 "," MIL",2,1940000,1,2
1204,"Ryan Borucki","RP",28,"","L","$850,000 "," SEA",1,850000,1,2
1205,"Ryan Brasier","RP",34,"","R","$1,400,000 "," BOS",1,1400000,1,2
1210,"Ryan Feltner","SP",25,"","R","$700,000 "," COL",1,7e+05,1,1
1212,"Ryan Helsley","RP/CL",27,"","R","$722,450 "," STL",1,722450,1,2
1214,"Ryan Jeffers","C",25,"R","","$713,050 "," MIN",2,713050,1,1
1218,"Ryan McKenna","CF",25,"R","","$704,000 "," BAL",3,704000,1,1
1219,"Ryan McMahon","3B",27,"L","","$5,000,000 "," COL",2,5e+06,3,2
1221,"Ryan Mountcastle","1B",25,"R","","$711,000 "," BAL",2,711000,1,1
1222,"Ryan O'Hearn","1B",28,"L","","$1,300,000 "," KC",2,1300000,1,2
1223,"Ryan Pressly","RP/CL",33,"","R","$10,000,000 "," HOU",1,1e+07,3,2
1225,"Ryan Tepera","RP",34,"","R","$7,000,000 "," LAA",1,7e+06,3,2
1226,"Ryan Thompson","RP",30,"","R","$700,000 "," TB",1,7e+05,1,2
1230,"Ryan Yarbrough","SP",30,"","L","$3,850,000 "," TB",1,3850000,1,2
1233,"Ryne Stanek","RP",30,"","R","$2,100,000 "," HOU",1,2100000,1,2
1235,"Salvador Perez","C",32,"R","","$18,000,000 "," KC",2,1.8e+07,3,2
1238,"Sam Haggerty","2B",28,"","","$700,000 "," SEA",2,7e+05,1,2
1239,"Sam Hentges","RP",25,"","L","$702,500 "," CLE",1,702500,1,1
1242,"Sam Long","RP",26,"","L","$703,750 "," SF",1,703750,1,2
1245,"Sandy Alcantara","SP",26,"","R","$3,500,000 "," MIA",1,3500000,1,2
1246,"Sandy Leon","C",33,"","","$1,000,000 "," MIN",2,1e+06,1,2
1247,"Santiago Espinal","2B",27,"R","","$723,550 "," TOR",2,723550,1,2
1248,"Scott Alexander","RP",32,"","L","$700,000 "," SF",1,7e+05,1,2
1249,"Scott Barlow","RP/CL",29,"","R","$2,400,000 "," KC",1,2400000,1,2
1251,"Scott Effross","RP",28,"","R","$701,500 "," NYY",1,701500,1,2
1257,"Sean Doolittle","RP",35,"","L","$1,500,000 "," WSH",1,1500000,1,3
1258,"Sean Guenther","RP",26,"","L","$703,000 "," MIA",1,703000,1,2
1260,"Sean Manaea","SP",30,"","L","$9,750,000 "," SD",1,9750000,3,2
1261,"Sean Murphy","C",27,"R","","$725,000 "," OAK",2,725000,1,2
1264,"Sean Poppen","RP",28,"","R","$717,400 "," ARI",1,717400,1,2
1265,"Sean Reid-Foley","RP",26,"","R","$717,500 "," NYM",1,717500,1,2
1266,"Sebastian Rivero","C",23,"R","","$700,000 "," KC",2,7e+05,1,1
1267,"Seby Zavala","C",28,"R","","$700,000 "," CHW",2,7e+05,1,2
1268,"Seranthony Dominguez","RP",27,"","R","$725,000 "," PHI",1,725000,1,2
1269,"Sergio Alcantara","3B",25,"","","$712,500 "," ARI",2,712500,1,1
1272,"Seth Brown","LF",29,"L","","$705,000 "," OAK",3,705000,1,2
1275,"Seth Lugo","RP",32,"","R","$3,925,000 "," NYM",1,3925000,1,2
1277,"Shane Baz","SP",23,"","R","$701,100 "," TB",1,701100,1,1
1278,"Shane Bieber","SP",27,"","R","$6,000,000 "," CLE",1,6e+06,3,2
1280,"Shane McClanahan","SP",25,"","L","$711,400 "," TB",1,711400,1,1
1282,"Shawn Armstrong","RP",31,"","R","$700,000 "," TB",1,7e+05,1,2
1286,"Shelby Miller","SP",31,"","R","$700,000 "," SF",1,7e+05,1,2
1289,"Shohei Ohtani","SP/DH",27,"","R","$5,500,000 "," LAA",1,5500000,3,2
1291,"Sonny Gray","SP",32,"","R","$10,700,000 "," MIN",1,10700000,3,2
1294,"Spencer Strider","SP",23,"","R","$710,000 "," ATL",1,710000,1,1
1295,"Spencer Turnbull","SP",29,"","R","$1,500,000 "," DET",1,1500000,1,2
1298,"Starling Marte","RF",33,"R","","$14,500,000 "," NYM",3,14500000,3,2
1303,"Stephen Ridings","RP",26,"","R","$702,500 "," NYY",1,702500,1,2
1304,"Stephen Strasburg","SP",33,"","R","$35,000,000 "," WSH",1,3.5e+07,3,2
1306,"Stephen Vogt","C",37,"L","","$850,000 "," OAK",2,850000,1,3
1307,"Steve Cishek","RP",36,"","R","$1,750,000 "," WSH",1,1750000,1,3
1308,"Steven Brault","RP",30,"","L","$1,500,000 "," CHC",1,1500000,1,2
1310,"Steven Matz","RP",31,"","L","$8,000,000 "," STL",1,8e+06,3,2
1311,"Steven Okert","RP",30,"","L","$709,000 "," MIA",1,709000,1,2
1314,"Stuart Fairchild","OF",26,"R","","$700,000 "," CIN",3,7e+05,1,2
1317,"TJ Friedl","CF",26,"L","","$700,000 "," CIN",3,7e+05,1,2
1318,"Taijuan Walker","SP",29,"","R","$7,000,000 "," NYM",1,7e+06,3,2
1320,"Tanner Houck","RP",26,"","R","$716,000 "," BOS",1,716000,1,2
1321,"Tanner Rainey","RP",29,"","R","$860,000 "," WSH",1,860000,1,2
1323,"Tanner Scott","RP",27,"","L","$1,050,000 "," MIA",1,1050000,1,2
1324,"Tarik Skubal","SP",25,"","L","$713,600 "," DET",1,713600,1,1
1325,"Tayler Saucedo","RP",29,"","L","$707,500 "," TOR",1,707500,1,2
1326,"Taylor Clarke","RP",29,"","R","$975,000 "," KC",1,975000,1,2
1329,"Taylor Hearn","RP",27,"","L","$1,050,000 "," TEX",1,1050000,1,2
1332,"Taylor Rogers","RP",31,"","L","$7,300,000 "," MIL",1,7300000,3,2
1334,"Taylor Walls","SS",25,"","","$704,000 "," TB",2,704000,1,1
1335,"Taylor Ward","RF",28,"R","","$720,000 "," LAA",3,720000,1,2
1336,"Taylor Widener","RP",27,"","R","$700,000 "," ARI",1,7e+05,1,2
1338,"Tejay Antone","RP",28,"","R","$720,000 "," CIN",1,720000,1,2
1339,"Teoscar Hernandez","DH",29,"R","","$10,650,000 "," TOR",4,10650000,3,2
1340,"Thairo Estrada","2B",26,"R","","$715,000 "," SF",2,715000,1,2
1343,"Thomas Szapucki","RP",26,"","L","$700,000 "," SF",1,7e+05,1,2
1344,"Tim Anderson","SS",29,"R","","$9,500,000 "," CHW",2,9500000,3,2
1345,"Tim Hill","RP",32,"","L","$1,325,000 "," SD",1,1325000,1,2
1348,"Tim Mayza","RP",30,"","L","$1,250,000 "," TOR",1,1250000,1,2
1350,"Tom Murphy","C",31,"R","","$1,575,000 "," SEA",2,1575000,1,2
1351,"Tommy Edman","SS",27,"","","$722,900 "," STL",2,722900,1,2
1352,"Tommy Hunter","RP",35,"","R","$700,000 "," NYM",1,7e+05,1,3
1353,"Tommy La Stella","DH",33,"L","","$5,250,000 "," SF",4,5250000,3,2
1355,"Tommy Nance","RP",31,"","R","$700,000 "," MIA",1,7e+05,1,2
1356,"Tommy Pham","LF",34,"R","","$6,000,000 "," BOS",3,6e+06,3,2
1357,"Tomas Nido","C",28,"R","","$890,000 "," NYM",2,890000,1,2
1358,"Tony Gonsolin","SP",28,"","R","$720,000 "," LAD",1,720000,1,2
1359,"Tony Kemp","2B",30,"L","","$2,250,000 "," OAK",2,2250000,1,2
1360,"Tony Santillan","RP",25,"","R","$702,500 "," CIN",1,702500,1,1
1369,"Travis d'Arnaud","C",33,"R","","$8,000,000 "," ATL",2,8e+06,3,2
1371,"Trea Turner","SS",29,"R","","$21,000,000 "," LAD",2,2.1e+07,3,2
1373,"Trent Grisham","CF",25,"L","","$729,300 "," SD",3,729300,1,1
1374,"Trent Thornton","RP",28,"","R","$706,200 "," TOR",1,706200,1,2
1375,"Tres Barrera","C",27,"R","","$700,000 "," WSH",2,7e+05,1,2
1376,"Trevor Bauer","SP",31,"","R","$32,000,000 "," LAD",1,3.2e+07,3,2
1380,"Trevor May","RP/CL",32,"","R","$7,750,000 "," NYM",1,7750000,3,2
1382,"Trevor Richards","RP",29,"","R","$1,000,000 "," TOR",1,1e+06,1,2
1383,"Trevor Rogers","SP",24,"","L","$722,000 "," MIA",1,722000,1,1
1384,"Trevor Stephan","RP",26,"","R","$703,400 "," CLE",1,703400,1,2
1385,"Trevor Story","2B",29,"R","","$20,000,000 "," BOS",2,2e+07,3,2
1386,"Trevor Williams","RP",30,"","R","$3,900,000 "," NYM",1,3900000,1,2
1388,"Trey Mancini","1B",30,"R","","$7,500,000 "," HOU",2,7500000,3,2
1389,"Triston McKenzie","SP",24,"","R","$707,100 "," CLE",1,707100,1,1
1391,"Tucker Barnhart","C",31,"L","","$7,750,000 "," DET",2,7750000,3,2
1392,"Tucker Davidson","SP",26,"","L","$710,000 "," LAA",1,710000,1,2
1393,"Tucupita Marcano","SS",22,"L","","$700,000 "," PIT",2,7e+05,1,1
1394,"Ty France","1B",27,"R","","$734,500 "," SEA",2,734500,1,2
1396,"Tyler Alexander","SP",27,"","L","$716,900 "," DET",1,716900,1,2
1397,"Tyler Anderson","SP",32,"","L","$8,000,000 "," LAD",1,8e+06,3,2
1402,"Tyler Gilbert","SP",28,"","L","$700,000 "," ARI",1,7e+05,1,2
1403,"Tyler Glasnow","SP",28,"","R","$5,100,000 "," TB",1,5100000,3,2
1405,"Tyler Kinley","RP",31,"","R","$1,025,000 "," COL",1,1025000,1,2
1407,"Tyler Mahle","SP",27,"","R","$5,200,000 "," MIN",1,5200000,3,2
1408,"Tyler Matzek","RP",31,"","L","$1,400,000 "," ATL",1,1400000,1,2
1409,"Tyler Naquin","DH",31,"L","","$4,025,000 "," NYM",4,4025000,3,2
1411,"Tyler O'Neill","LF",27,"R","","$3,400,000 "," STL",3,3400000,1,2
1413,"Tyler Rogers","RP",31,"","R","$730,000 "," SF",1,730000,1,2
1414,"Tyler Stephenson","C",25,"R","","$720,000 "," CIN",2,720000,1,1
1417,"Tyler Wells","SP",27,"","R","$704,500 "," BAL",1,704500,1,2
1418,"Tyler Zuber","RP",27,"","R","$710,500 "," KC",1,710500,1,2
1419,"Tylor Megill","RP",26,"","R","$707,500 "," NYM",1,707500,1,2
1420,"Tyrone Taylor","CF",28,"R","","$711,100 "," MIL",3,711100,1,2
1422,"Victor Gonzalez","RP",26,"","L","$720,000 "," LAD",1,720000,1,2
1423,"Victor Reyes","RF",27,"","","$1,400,000 "," DET",3,1400000,1,2
1424,"Vidal Brujan","2B",24,"","","$700,000 "," TB",2,7e+05,1,1
1426,"Vince Velasquez","RP",30,"","R","$3,000,000 "," CHW",1,3e+06,1,2
1428,"Vladimir Guerrero Jr.","1B",23,"R","","$7,900,000 "," TOR",2,7900000,3,1
1429,"Vladimir Gutierrez","SP",26,"","R","$707,500 "," CIN",1,707500,1,2
1430,"Victor Caratini","C",28,"","","$2,000,000 "," MIL",2,2e+06,1,2
1431,"Victor Robles","CF",25,"R","","$1,650,000 "," WSH",3,1650000,1,1
1434,"Wade Miley","SP",35,"","L","$10,000,000 "," CHC",1,1e+07,3,3
1435,"Walker Buehler","SP",27,"","R","$6,250,000 "," LAD",1,6250000,3,2
1436,"Wander Franco","SS",21,"","","$1,000,000 "," TB",2,1e+06,1,1
1438,"Wandy Peralta","RP",30,"","L","$2,150,000 "," NYY",1,2150000,1,2
1441,"Whit Merrifield","2B",33,"R","","$7,000,000 "," TOR",2,7e+06,3,2
1442,"Wil Crowe","RP",27,"","R","$715,000 "," PIT",1,715000,1,2
1443,"Wil Myers","RF",31,"R","","$20,000,000 "," SD",3,2e+07,3,2
1446,"Will D. Smith","C",27,"R","","$730,000 "," LAD",2,730000,1,2
1447,"Will Harris","RP",37,"","R","$8,000,000 "," WSH",1,8e+06,3,3
1448,"Will M. Smith","RP/CL",32,"","L","$13,000,000 "," HOU",1,1.3e+07,3,2
1449,"Will Vest","RP",27,"","R","$700,000 "," DET",1,7e+05,1,2
1450,"Willi Castro","SS",25,"","","$700,000 "," DET",2,7e+05,1,1
1451,"William Contreras","C",24,"R","","$710,000 "," ATL",2,710000,1,1
1454,"Willson Contreras","C",30,"R","","$9,625,000 "," CHC",2,9625000,3,2
1455,"Willy Adames","SS",26,"R","","$4,600,000 "," MIL",2,4600000,3,2
1457,"Wilmer Flores","DH",30,"R","","$3,500,000 "," SF",4,3500000,1,2
1462,"Xander Bogaerts","SS",29,"R","","$20,000,000 "," BOS",2,2e+07,3,2
1464,"Yadiel Hernandez","LF",34,"L","","$714,000 "," WSH",3,714000,1,2
1465,"Yadier Molina","C",39,"R","","$10,000,000 "," STL",2,1e+07,3,3
1467,"Yan Gomes","C",34,"R","","$6,000,000 "," CHC",2,6e+06,3,2
1468,"Yandy Diaz","3B",30,"R","","$2,800,000 "," TB",2,2800000,1,2
1469,"Yasmani Grandal","C",33,"","","$18,250,000 "," CHW",2,18250000,3,2
1474,"Yimi Garcia","RP",31,"","R","$4,000,000 "," TOR",1,4e+06,2,2
1476,"Yohan Ramirez","RP",27,"","R","$711,400 "," PIT",1,711400,1,2
1478,"Yonathan Daza","CF",28,"R","","$705,000 "," COL",3,705000,1,2
1480,"Yordan Alvarez","DH",25,"L","","$764,600 "," HOU",4,764600,1,1
1482,"Yoan Moncada","3B",27,"","","$13,000,000 "," CHW",2,1.3e+07,3,2
1483,"Yu Chang","SS",26,"R","","$705,400 "," BOS",2,705400,1,2
1484,"Yu Darvish","SP",35,"","R","$20,000,000 "," SD",1,2e+07,3,3
1485,"Yuli Gurriel","1B",38,"R","","$8,000,000 "," HOU",2,8e+06,3,3
1486,"Yusei Kikuchi","RP",31,"","L","$16,000,000 "," TOR",1,1.6e+07,3,2
1488,"Zac Gallen","SP",26,"","R","$745,600 "," ARI",1,745600,1,2
1491,"Zach Davies","SP",29,"","R","$1,500,000 "," ARI",1,1500000,1,2
1492,"Zach Eflin","RP",28,"","R","$5,550,000 "," PHI",1,5550000,3,2
1494,"Zach Plesac","SP",27,"","R","$2,000,000 "," CLE",1,2e+06,1,2
1497,"Zach Thompson","RP",28,"","R","$705,000 "," PIT",1,705000,1,2
1498,"Zack Britton","RP",34,"","L","$14,000,000 "," NYY",1,1.4e+07,3,2
1500,"Zack Collins","DH",27,"L","","$728,400 "," PIT",4,728400,1,2
1502,"Zack Greinke","SP",38,"","R","$13,000,000 "," KC",1,1.3e+07,3,3
1505,"Zack Wheeler","SP",32,"","R","$26,000,000 "," PHI",1,2.6e+07,3,2
1507,"Angel Zerpa","SP",22,"","L","$700,000 "," KC",1,7e+05,1,1
1509,"Julio Rodriguez","CF",21,"R","","$700,000 "," SEA",3,7e+05,1,1
1511,"Michael Harris II","CF",21,"","","$700,000 "," ATL",3,7e+05,1,1
1516,"Oswaldo Cabrera","2B",23,"","","$700,000 "," NYY",2,7e+05,1,1
1517,"Seiya Suzuki","RF",27,"R","","$7,000,000 "," CHC",3,7e+06,3,2
1518,"Riley Greene","CF",21,"L","","$700,000 "," DET",3,7e+05,1,1
1519,"Vinnie Pasquantino","1B",24,"","","$700,000 "," KC",2,7e+05,1,1
1521,"David Villar","3B",25,"","","$700,000 "," SF",2,7e+05,1,1
1523,"Bryson Stott","2B",24,"L","","$700,000 "," PHI",2,7e+05,1,1
1524,"Corbin Carroll","CF",21,"L","","$700,000 "," ARI",3,7e+05,1,1
1525,"Jack Suwinski","LF",23,"L","","$700,000 "," PIT",3,7e+05,1,1
1527,"Joey Meneses","1B",30,"","","$700,000 "," WSH",2,7e+05,1,2
1529,"Christian Bethancourt","C",30,"R","","$700,000 "," TB",2,7e+05,1,2
1530,"Sean Bouchard","1B",26,"","","$700,000 "," COL",2,7e+05,1,2
1532,"Garrett Mitchell","OF",23,"","","$700,000 "," MIL",3,7e+05,1,1
1533,"Vaughn Grissom","SS",21,"","","$700,000 "," ATL",2,7e+05,1,1
1534,"Mark Mathias","2B",27,"R","","$700,000 "," TEX",2,7e+05,1,2
1535,"Bobby Witt Jr.","SS",22,"R","","$700,000 "," KC",2,7e+05,1,1
1537,"Livan Soto","SS",22,"","","$700,000 "," LAA",2,7e+05,1,1
1538,"Michael Massey","2B",24,"","","$700,000 "," KC",2,7e+05,1,1
1540,"Charles Leblanc","SS",26,"R","","$700,000 "," MIA",2,7e+05,1,2
1542,"Matt Reynolds","3B",31,"R","","$700,000 "," CIN",2,7e+05,1,2
1543,"Kerry Carpenter","LF",24,"","","$700,000 "," DET",3,7e+05,1,1
1544,"Ji Hwan Bae","SS",22,"L","","$700,000 "," PIT",2,7e+05,1,1
1545,"MJ Melendez","DH",23,"L","","$700,000 "," KC",4,7e+05,1,1
1546,"Stone Garrett","OF",26,"R","","$700,000 "," ARI",3,7e+05,1,2
1547,"Oswald Peraza","SS",22,"R","","$700,000 "," NYY",2,7e+05,1,1
1549,"Ryan Kreidler","SS",24,"","","$700,000 "," DET",2,7e+05,1,1
1550,"Juan Yepez","DH",24,"R","","$700,000 "," STL",4,7e+05,1,1
1551,"Darick Hall","1B",26,"","","$700,000 "," PHI",2,7e+05,1,2
1552,"Dalton Guthrie","SS",26,"","","$700,000 "," PHI",2,7e+05,1,2
1556,"Drew Waters","OF",23,"","","$700,000 "," KC",3,7e+05,1,1
1558,"Alex Call","OF",27,"","","$700,000 "," WSH",3,7e+05,1,2
1560,"Sam Huff","C",24,"R","","$700,000 "," TEX",2,7e+05,1,1
1561,"Josh H. Smith","3B",24,"","","$700,000 "," TEX",2,7e+05,1,1
1567,"Tyler Heineman","C",31,"","","$700,000 "," PIT",2,7e+05,1,2
1571,"CJ Abrams","SS",21,"L","","$700,000 "," WSH",2,7e+05,1,1
1573,"Triston Casas","3B",22,"","","$700,000 "," BOS",2,7e+05,1,1
1576,"Elehuris Montero","3B",23,"R","","$700,000 "," COL",2,7e+05,1,1
1583,"Spencer Steer","SS",24,"","","$700,000 "," CIN",2,7e+05,1,1
1587,"Josh Jung","3B",24,"R","","$700,000 "," TEX",2,7e+05,1,1
1590,"Francisco Alvarez","C",20,"","","$700,000 "," NYM",2,7e+05,1,1
1591,"Michael Stefanic","2B",26,"","","$700,000 "," LAA",2,7e+05,1,2
1592,"Mark Appel","RP",30,"","","$700,000 "," PHI",1,7e+05,1,2
1594,"Matt Brash","RP",24,"","R","$700,100 "," SEA",1,700100,1,1
1600,"Joel Kuhnel","RP",27,"","R","$700,000 "," CIN",1,7e+05,1,2
1601,"Matthew Liberatore","SP",22,"","","$700,000 "," STL",1,7e+05,1,1
1603,"Andrew Nardi","RP",23,"","","$700,000 "," MIA",1,7e+05,1,1
1605,"Collin Snider","RP",26,"","R","$700,000 "," KC",1,7e+05,1,2
1607,"Jackson Stephens","RP",28,"","R","$700,000 "," ATL",1,7e+05,1,2
1610,"Buddy Kennedy","3B",23,"R","","$700,000 "," ARI",2,7e+05,1,1
1619,"Simon Muzziotti","OF",23,"L","","$700,000 "," PHI",3,7e+05,1,1
1622,"Logan O'Hoppe","C",22,"","","$700,000 "," LAA",2,7e+05,1,1
1623,"Brian Serven","C",27,"","","$700,000 "," COL",2,7e+05,1,2
1624,"Canaan Smith-Njigba","LF",23,"L","","$700,000 "," PIT",3,7e+05,1,1
1631,"Michael Toglia","1B",23,"","","$700,000 "," COL",2,7e+05,1,1
1634,"Jordan Groshans","SS",22,"R","","$700,000 "," MIA",2,7e+05,1,1
1636,"Peyton Burdick","CF",25,"","","$700,000 ","MIA",3,7e+05,1,1
1639,"Brendon Davis","SS",24,"R","","$700,000 "," DET",2,7e+05,1,1
1642,"Israel Pineda","C",22,"","","$700,000 "," WSH",2,7e+05,1,1
1643,"Rene Pinto","C",25,"R","","$700,000 "," TB",2,7e+05,1,1
1649,"Kody Clemens","2B",26,"L","","$700,000 "," DET",2,7e+05,1,2
1651,"Ford Proctor","SS",25,"L","","$700,000 "," SF",2,7e+05,1,1
1653,"Jonathan Aranda","1B",24,"L","","$700,000 "," TB",2,7e+05,1,1
1658,"Mark Vientos","3B",22,"R","","$700,000 "," NYM",2,7e+05,1,1
1660,"Carlos Perez","C",25,"","","$700,000 "," CHW",2,7e+05,1,1
1666,"Brett Baty","3B",22,"","","$700,000 "," NYM",2,7e+05,1,1
1667,"Ezequiel Tovar","SS",20,"R","","$700,000 "," COL",2,7e+05,1,1
1673,"Cooper Hummel","DH",27,"","","$700,000 "," ARI",4,7e+05,1,2
1674,"Bryce Johnson","CF",26,"","","$700,000 "," SF",3,7e+05,1,2
1675,"Michael Siani","OF",22,"","","$700,000 "," CIN",3,7e+05,1,1
1676,"Calvin Mitchell","OF",23,"L","","$700,000 "," PIT",3,7e+05,1,1
1679,"Jason Delay","C",27,"","","$700,000 "," PIT",2,7e+05,1,2
1685,"Heliot Ramos","OF",22,"R","","$700,000 "," SF",3,7e+05,1,1
1686,"JJ Bleday","OF",24,"L","","$700,000 "," MIA",3,7e+05,1,1
1687,"Chuckie Robinson","C",27,"R","","$700,000 "," CIN",2,7e+05,1,2
1698,"Spencer Torkelson","1B",22,"R","","$700,000 "," DET",2,7e+05,1,1
1700,"Jason Alexander","RP",29,"","","$700,000 "," MIL",1,7e+05,1,2
1703,"Victor Arano","RP",27,"","R","$900,000 "," WSH",1,9e+05,1,2
1704,"Graham Ashcraft","SP",24,"","","$700,000 "," CIN",1,7e+05,1,1
1708,"Manny Banuelos","RP",31,"","L","$700,000 "," PIT",1,7e+05,1,2
1711,"Jalen Beeks","RP",28,"","L","$750,000 "," TB",1,750000,1,2
1712,"Brayan Bello","SP",23,"","R","$700,000 "," BOS",1,7e+05,1,1
1714,"Jake Bird","RP",26,"","","$700,000 "," COL",1,7e+05,1,2
1715,"Ty Blach","RP",31,"","L","$750,000 "," COL",1,750000,1,2
1717,"Silvino Bracho","RP",29,"","R","$700,000 "," ATL",1,7e+05,1,2
1719,"Huascar Brazoban","RP",32,"","","$700,000 "," MIA",1,7e+05,1,2
1720,"Beau Brieske","SP",24,"","","$700,000 "," DET",1,7e+05,1,1
1721,"Jeff Brigham","RP",30,"","R","$700,000 "," MIA",1,7e+05,1,2
1724,"Brock Burke","RP",25,"","L","$714,000 "," TEX",1,714000,1,1
1730,"Cade Cavalli","SP",23,"","R","$700,000 "," WSH",1,7e+05,1,1
1732,"Mike Clevinger","SP",31,"","R","$6,500,000 "," SD",1,6500000,3,2
1733,"Fernando Cruz","RP",32,"","","$700,000 "," CIN",1,7e+05,1,2
1739,"Noah Davis","RP",25,"","R","$700,000 "," COL",1,7e+05,1,1
1740,"Angel De Jesus","RP",25,"","R","$700,000 "," DET",1,7e+05,1,1
1741,"Yerry De Los Santos","RP",24,"","R","$700,000 "," PIT",1,7e+05,1,1
1743,"Alexis Diaz","RP/CL",25,"","R","$700,000 "," CIN",1,7e+05,1,1
1748,"Bryce Elder","SP",23,"","","$700,000 "," ATL",1,7e+05,1,1
1755,"Caleb Ferguson","RP",25,"","L","$726,500 "," LAD",1,726500,1,1
1756,"Matt Festa","RP",29,"","R","$700,000 "," SEA",1,7e+05,1,2
1758,"Jake Fishman","RP",27,"","L","$700,000 "," MIA",1,7e+05,1,2
1762,"Luis A. Garcia","RP",35,"","R","$3,000,000 "," SD",1,3e+06,1,3
1763,"Luis H. Garcia","SP",25,"","R","$1,251,500 "," HOU",1,1251500,1,1
1765,"Frank German","RP",24,"","","$700,000 "," BOS",1,7e+05,1,1
1768,"MacKenzie Gore","RP",23,"","L","$700,000 "," WSH",1,7e+05,1,1
1769,"Trevor Gott","RP",29,"","R","$725,000 "," MIL",1,725000,1,2
1770,"Hunter Greene","SP",22,"","R","$700,000 "," CIN",1,7e+05,1,1
1776,"Tommy Henry","SP",24,"","L","$700,000 "," ARI",1,7e+05,1,1
1778,"Jonathan Hernandez","RP",25,"","R","$720,000 "," TEX",1,720000,1,1
1779,"Garrett Hill","SP",26,"","","$700,000 "," DET",1,7e+05,1,2
1780,"Sean Hjelle","RP",25,"","R","$700,000 "," SF",1,7e+05,1,1
1781,"Bryan Hoeing","RP",25,"","","$700,000 "," MIA",1,7e+05,1,1
1782,"Colin Holderman","RP",26,"","","$700,000 "," PIT",1,7e+05,1,2
1783,"Gavin Hollowell","RP",24,"","","$700,000 "," COL",1,7e+05,1,1
1786,"Drey Jameson","SP",24,"","R","$700,000 "," ARI",1,7e+05,1,1
1788,"Tommy Kahnle","RP",32,"","R","$3,450,000 "," LAD",1,3450000,1,2
1790,"Zack Kelly","RP",27,"","","$700,000 "," BOS",1,7e+05,1,2
1794,"George Kirby","SP",24,"","R","$700,000 "," SEA",1,7e+05,1,1
1799,"Jose Leclerc","RP",28,"","R","$4,750,000 "," TEX",1,4750000,3,2
1800,"Evan Lee","RP",25,"","L","$700,000 "," WSH",1,7e+05,1,1
1804,"Nick Lodolo","SP",24,"","","$700,000 "," CIN",1,7e+05,1,1
1806,"Ron Marinaccio","RP",27,"","R","$700,000 "," NYY",1,7e+05,1,2
1808,"Yunior Marte","RP",27,"","R","$700,000 "," SF",1,7e+05,1,2
1810,"Nick Martinez","RP",31,"","R","$4,000,000 "," SD",1,4e+06,2,2
1811,"Davis Martin","SP",25,"","","$700,000 "," CHW",1,7e+05,1,1
1814,"David McKay","SP",26,"","L","$701,200 "," TB",1,701200,1,2
1816,"Max Meyer","SP",23,"","R","$700,000 "," MIA",1,7e+05,1,1
1818,"Bryce Montes de Oca","RP",26,"","","$700,000 "," NYM",1,7e+05,1,2
1824,"Ryne Nelson","SP",24,"","R","$700,000 "," ARI",1,7e+05,1,1
1827,"Luis F. Ortiz","SP",26,"","R","$700,000 "," SF",1,7e+05,1,2
1830,"Andre Pallante","RP",23,"","","$700,000 "," STL",1,7e+05,1,1
1832,"Luis Perdomo","RP",29,"","R","$700,000 "," MIL",1,7e+05,1,2
1835,"Colin Poche","RP",28,"","L","$700,000 "," TB",1,7e+05,1,2
1836,"Cole Ragans","SP",24,"","","$700,000 "," TEX",1,7e+05,1,1
1840,"Yerry Rodriguez","SP",24,"","R","$700,000 "," TEX",1,7e+05,1,1
1848,"Anibal Sanchez","SP",38,"","R","$2,000,000 "," WSH",1,2e+06,1,3
1856,"Chad Smith","P",27,"","","$700,000 "," COL",1,7e+05,1,2
1860,"Eric Stout","RP",29,"","","$700,000 "," PIT",1,7e+05,1,2
1861,"Peter Strzelecki","RP",27,"","","$700,000 "," MIL",1,7e+05,1,2
1862,"Robert Suarez","RP",31,"","","$5,000,000 "," SD",1,5e+06,3,2
1866,"Jackson Tetreault","SP",26,"","","$700,000 "," WSH",1,7e+05,1,2
1867,"Zack Thompson","RP",24,"","L","$700,000 "," STL",1,7e+05,1,1
1871,"Louie Varland","P",24,"","","$700,000 "," MIN",1,7e+05,1,1
1872,"Drew VerHagen","RP",31,"","R","$2,500,000 "," STL",1,2500000,1,2
1873,"Justin Verlander","SP",39,"","R","$25,000,000 "," HOU",1,2.5e+07,3,3
1877,"Cole Waites","RP",24,"","","$700,000 "," SF",1,7e+05,1,1
1880,"Nash Walters","SP",25,"","","$700,000 "," LAA",1,7e+05,1,1
1881,"Zack Weiss","RP",30,"","R","$700,000 "," LAA",1,7e+05,1,2
1891,"Jimmy Yacabonis","RP",30,"","R","$700,000 "," TB",1,7e+05,1,2
1892,"Kirby Yates","RP",35,"","R","$1,000,000 "," ATL",1,1e+06,1,3
1895,"Rob Zastryzny","RP",30,"","L","$700,000 "," LAA",1,7e+05,1,2
1896,"Scott Oberg","RP",32,"","R","$7,000,000 "," COL",1,7e+06,3,2
1897,"Trevor Rosenthal","RP",32,"","R","$4,500,000 "," MIL",1,4500000,3,2
1898,"Blake Cederlind","RP",26,"","R","$715,000 "," PIT",1,715000,1,2
1899,"Helcris Olivarez","SP",21,"","L","$700,000 "," COL",1,7e+05,1,1
1900,"Ryan Rolison","SP",24,"","L","$700,000 "," COL",1,7e+05,1,1
1901,"James McArthur","SP",25,"","R","$700,000 "," PHI",1,7e+05,1,1
1902,"Kristian Robinson","OF",21,"R","","$700,000 "," ARI",3,7e+05,1,1
1903,"Sam Delaplane","RP",27,"","R","$700,000 "," SF",1,7e+05,1,2
