"PlayerID","Player","POS.","AGE","BATS","THROWS","FROM","TO","YRS","DOLLARS","AVG..SALARY","WAR","dummy_Pos","dummy_Years","contract_value","dummy_salary","dummy_Age","PosNumber"
13,"Aaron Loup","RP",33.9,"L","L","NYM","LAA",2,"$17,000,000 ","8500000",2.79,1,2,8500000,3,2,1
30,"Adam Ottavino","RP",36.2,"","R","BOS","NYM",1,"$4,000,000 ","4e+06",0.81,1,1,4e+06,2,3,1
45,"Albert Pujols","DH",42.2,"R","R","LAD","STL",1,"$2,500,000 ","2500000",-0.72,4,1,2500000,1,3,10
58,"Alex Cobb","SP",34.1,"R","R","LAA","SF",2,"$20,000,000 ","1e+07",1.63,1,2,1e+07,3,3,1
59,"Alex Colome","RP",33.2,"R","R","MIN","COL",1,"$4,100,000 ","4100000",-0.65,1,1,4100000,2,2,1
61,"Alex Dickerson","LF",31.8,"L","L","SF","ATL",1,"$1,000,000 ","1e+06",-0.1,3,1,1e+06,1,2,7
70,"Alex Wood","SP",30.8,"R","L","SF","SF",2,"$25,000,000 ","12500000",1.63,1,2,12500000,3,2,1
79,"Andrelton Simmons","SS",32.5,"R","R","MIN","CHC",1,"$4,000,000 ","4e+06",1.47,2,1,4e+06,2,2,6
83,"Andrew Chafin","RP",31.7,"R","L","OAK","DET",2,"$13,000,000 ","6500000",1.48,1,2,6500000,3,2,1
84,"Andrew Heaney","SP",30.4,"L","L","NYY","LAD",1,"$8,500,000 ","8500000",0.8,1,1,8500000,3,2,1
86,"Andrew Knapp","C",30.3,"","R","CIN","PIT",1,"$800,000 ","8e+05",-1.47,2,1,8e+05,1,2,2
88,"Andrew McCutchen","RF",35.4,"R","R","PHI","MIL",1,"$8,500,000 ","8500000",1.36,3,1,8500000,3,3,9
105,"Anthony Banda","RP",29,"L","L","SEA","NYY",1,"$700,000 ","7e+05",-0.33,1,1,7e+05,1,2,1
110,"Anthony DeSclafani","SP",31.6,"R","R","SF","SF",3,"$36,000,000 ","1.2e+07",4.17,1,2,1.2e+07,3,2,1
115,"Anthony Rizzo","1B",32.6,"L","L","NYY","NYY",2,"$32,000,000 ","1.6e+07",1.18,2,2,1.6e+07,3,2,3
121,"Archie Bradley","RP",29.6,"R","R","PHI","LAA",1,"$3,750,000 ","3750000",0.68,1,1,3750000,1,2,1
146,"Avisail Garcia","RF",30.4,"R","R","MIL","MIA",4,"$53,000,000 ","13250000",2.9,3,2,13250000,3,2,9
165,"Brad Boxberger","RP",33.8,"R","R","MIL","MIL",1,"$2,500,000 ","2500000",1.16,1,1,2500000,1,2,1
167,"Brad Hand","RP",31.9,"L","L","NYM","PHI",1,"$6,000,000 ","6e+06",0.27,1,1,6e+06,3,2,1
169,"Brad Miller","LF",32.3,"L","R","PHI","TEX",2,"$10,000,000 ","5e+06",0.36,3,2,5e+06,2,2,7
176,"Brandon Belt","1B",33.5,"L","L","SF","SF",1,"$18,400,000 ","18400000",2.65,2,1,18400000,3,2,3
208,"Brooks Raley","RP",33.4,"L","L","HOU","TB",2,"$10,000,000 ","5e+06",-0.43,1,2,5e+06,2,2,1
218,"Bryan Shaw","RP",34.3,"","R","CLE","CLE",1,"$3,000,000 ","3e+06",1.25,1,1,3e+06,1,3,1
237,"Carlos Correa","SS",27.4,"R","R","HOU","MIN",3,"$105,300,000 ","35100000",7.23,2,2,35100000,3,2,6
241,"Carlos Rodon","SP",29.2,"L","L","CHW","SF",2,"$44,000,000 ","2.2e+07",5.07,1,2,2.2e+07,3,2,1
328,"Cesar Hernandez","2B",31.5,"","R","CHW","WSH",1,"$4,000,000 ","4e+06",1.12,2,1,4e+06,2,2,4
251,"Chad Kuhl","RP",29.5,"R","R","PIT","COL",1,"$3,000,000 ","3e+06",0.12,1,1,3e+06,1,2,1
266,"Chris Archer","SP",33.5,"R","R","TB","MIN",1,"$3,750,000 ","3750000",-0.11,1,1,3750000,1,2,1
272,"Chris Martin","RP",35.8,"R","R","ATL","CHC",1,"$2,750,000 ","2750000",0.41,1,1,2750000,1,3,1
279,"Chris Taylor","3B",31.2,"R","R","LAD","LAD",4,"$60,000,000 ","1.5e+07",2.59,2,2,1.5e+07,3,2,5
287,"Clayton Kershaw","SP",33.9,"L","L","LAD","LAD",1,"$17,000,000 ","1.7e+07",2.11,1,1,1.7e+07,3,2,1
288,"Clint Frazier","OF",27.2,"R","R","NYY","CHC",1,"$1,500,000 ","1500000",-1.41,3,1,1500000,1,2,NA
299,"Colin Moran","1B",29.4,"L","R","PIT","CIN",1,"$1,000,000 ","1e+06",-0.01,2,1,1e+06,1,2,3
301,"Collin McHugh","RP",34.7,"R","R","TB","ATL",2,"$10,000,000 ","5e+06",1.96,1,2,5e+06,2,3,1
314,"Corey Dickerson","LF",32.8,"L","R","TOR","STL",1,"$5,000,000 ","5e+06",-0.1,3,1,5e+06,2,2,7
315,"Corey Kluber","SP",35.6,"R","R","NYY","TB",1,"$8,000,000 ","8e+06",1.44,1,1,8e+06,3,3,1
316,"Corey Knebel","RP",30,"R","R","LAD","PHI",1,"$10,000,000 ","1e+07",0.71,1,1,1e+07,3,2,1
319,"Corey Seager","SS",27.6,"L","R","LAD","TEX",10,"$325,000,000 ","32500000",3.7,2,2,32500000,3,2,6
349,"Daniel Vogelbach","DH",29.2,"L","R","MIL","PIT",1,"$1,000,000 ","1e+06",-0.17,4,1,1e+06,1,2,10
343,"Daniel Hudson","RP",34.7,"R","R","SD","LAD",1,"$7,000,000 ","7e+06",0.98,1,1,7e+06,3,3,1
346,"Daniel Norris","RP",28.8,"L","L","MIL","CHC",1,"$1,750,000 ","1750000",-0.32,1,1,1750000,1,2,1
352,"Danny Duffy","SP",33.2,"L","L","LAD","LAD",1,"$3,000,000 ","3e+06",2.07,1,1,3e+06,1,2,1
376,"David Robertson","RP",36.9,"R","R","TB","CHC",1,"$3,500,000 ","3500000",-0.11,1,1,3500000,1,3,1
408,"Donovan Solano","2B",34.2,"R","R","SF","CIN",1,"$4,500,000 ","4500000",1.14,2,1,4500000,2,3,4
418,"Drew Smyly","SP",32.8,"L","L","ATL","CHC",1,"$5,250,000 ","5250000",0.78,1,1,5250000,3,2,1
425,"Dylan Bundy","SP",29,"","R","LAA","MIN",1,"$5,000,000 ","5e+06",-0.29,1,1,5e+06,2,2,1
432,"Eddie Rosario","LF",30.4,"L","R","ATL","ATL",2,"$18,000,000 ","9e+06",0.56,3,2,9e+06,3,2,7
438,"Eduardo Escobar","3B",32.8,"","R","MIL","NYM",2,"$20,000,000 ","1e+07",2.13,2,2,1e+07,3,2,5
439,"Eduardo Rodriguez","SP",28.6,"L","L","BOS","DET",5,"$77,000,000 ","15400000",1.75,1,2,15400000,3,2,1
445,"Ehire Adrianza","SS",32.5,"","R","ATL","WSH",1,"$1,500,000 ","1500000",0.3,2,1,1500000,1,2,6
489,"Freddie Freeman","1B",32.5,"L","R","ATL","LAD",6,"$162,000,000 ","2.7e+07",4.65,2,2,2.7e+07,3,2,3
499,"Garrett Richards","SP",33.8,"R","R","BOS","TEX",1,"$5,500,000 ","5500000",0.28,1,1,5500000,3,2,1
532,"Hanser Alberto","2B",29.3,"R","R","KC","LAD",1,"$1,600,000 ","1600000",0.37,2,1,1600000,1,2,4
536,"Heath Hembree","RP",33.2,"R","R","NYM","PIT",1,"$2,125,000 ","2125000",-0.54,1,1,2125000,1,2,1
537,"Hector Neris","RP",32.4,"R","R","PHI","HOU",2,"$17,000,000 ","8500000",1.18,1,2,8500000,3,2,1
551,"Hunter Strickland","RP",33.4,"R","R","MIL","CIN",1,"$1,825,000 ","1825000",0.3,1,1,1825000,1,2,1
559,"Ian Kennedy","RP",37.2,"R","R","PHI","ARI",1,"$4,750,000 ","4750000",1.14,1,1,4750000,2,3,1
605,"Jake Diekman","RP",35.1,"L","L","OAK","BOS",2,"$8,000,000 ","4e+06",0.36,1,2,4e+06,2,3,1
612,"Jake Marisnick","CF",31,"R","R","SD","PIT",1,"$1,300,000 ","1300000",0.42,3,1,1300000,1,2,8
629,"James Paxton","SP",33,"L","L","SEA","BOS",1,"$10,000,000 ","1e+07",-0.01,1,1,1e+07,3,2,1
641,"Jason Adam","RP",30.6,"R","R","CHC","TB",1,"$900,000 ","9e+05",-0.1,1,1,9e+05,1,2,1
647,"Javier Baez","SS",28.9,"R","R","NYM","DET",6,"$140,000,000 ","23333333",2.66,2,2,23333333,3,2,6
655,"Jed Lowrie","2B",37.9,"","R","OAK","OAK",1,"$850,000 ","850000",0.13,2,1,850000,1,3,4
665,"Jesse Chavez","RP",38.5,"R","R","ATL","CHC",1,"$1,250,000 ","1250000",1.12,1,1,1250000,1,3,1
672,"Jeurys Familia","RP",32.4,"R","R","NYM","PHI",1,"$6,000,000 ","6e+06",0.02,1,1,6e+06,3,2,1
676,"Jhoulys Chacin","SP",33.8,"R","R","COL","COL",1,"$1,250,000 ","1250000",0.65,1,1,1250000,1,2,1
680,"Jimmy Nelson","RP",32.8,"R","R","LAD","LAD",1,"$700,000 ","7e+05",0.93,1,1,7e+05,1,2,1
685,"Joc Pederson","LF",29.8,"L","L","ATL","SF",1,"$6,000,000 ","6e+06",-0.26,3,1,6e+06,3,2,7
689,"Joe Kelly","RP",33.8,"R","R","LAD","CHW",2,"$17,000,000 ","8500000",0.7,1,2,8500000,3,2,1
695,"Joe Smith","RP",37.9,"R","R","SEA","MIN",1,"$2,500,000 ","2500000",-0.49,1,1,2500000,1,3,1
697,"Joely Rodriguez","RP",29.9,"L","L","NYY","NYY",1,"$2,500,000 ","2500000",-0.63,1,1,2500000,1,2,1
704,"Johan Camargo","3B",27.9,"","R","ATL","PHI",1,"$1,400,000 ","1400000",-0.36,2,1,1400000,1,2,5
709,"John Curtiss","RP",29,"R","R","MIL","NYM",1,"$770,000 ","770000",0.92,1,1,770000,1,2,1
720,"Jon Gray","SP",30,"R","R","COL","TEX",4,"$56,000,000 ","1.4e+07",1.48,1,2,1.4e+07,3,2,1
736,"Jordan Lyles","SP",31.1,"R","R","TEX","BAL",1,"$7,000,000 ","7e+06",-0.07,1,1,7e+06,3,2,1
751,"Jorge Soler","DH",30,"R","R","ATL","MIA",3,"$36,000,000 ","1.2e+07",-1.35,4,2,1.2e+07,3,2,10
787,"Jose Iglesias","SS",32.2,"R","R","BOS","COL",1,"$5,000,000 ","5e+06",-1.09,2,1,5e+06,2,2,6
792,"Jose Quintana","SP",32.8,"R","L","SF","PIT",1,"$2,000,000 ","2e+06",-0.88,1,1,2e+06,1,2,1
763,"Josh Harrison","2B",34.7,"R","R","OAK","CHW",1,"$5,500,000 ","5500000",2.55,2,1,5500000,3,3,4
819,"Justin Upton","LF",34.7,"R","R","LAA","SEA",1,"$700,000 ","7e+05",-0.71,3,1,7e+05,1,3,7
831,"Kendall Graveman","RP",30.9,"R","R","HOU","CHW",3,"$24,000,000 ","8e+06",1.67,1,2,8e+06,3,2,1
832,"Kenley Jansen","RP",34.4,"","R","LAD","ATL",1,"$16,000,000 ","1.6e+07",2.29,1,1,1.6e+07,3,3,1
841,"Kevin Gausman","SP",30.8,"L","R","SF","TOR",5,"$110,000,000 ","2.2e+07",5.11,1,2,2.2e+07,3,2,1
859,"Kole Calhoun","RF",34.1,"L","L","ARI","TEX",1,"$5,200,000 ","5200000",-0.09,3,1,5200000,3,3,9
862,"Kris Bryant","RF",30.2,"R","R","SF","COL",7,"$182,000,000 ","2.6e+07",2.17,3,2,2.6e+07,3,2,9
864,"Kurt Suzuki","C",38.4,"R","R","LAA","LAA",1,"$1,750,000 ","1750000",-0.43,2,1,1750000,1,3,2
887,"Kyle Schwarber","LF",29,"L","R","BOS","PHI",4,"$79,000,000 ","19750000",1.83,3,2,19750000,3,2,7
900,"Leury Garcia","2B",30.7,"","R","CHW","CHW",3,"$16,500,000 ","5500000",2.11,2,2,5500000,3,2,4
917,"Luis A. Garcia","RP",34.8,"R","R","STL","SD",2,"$7,000,000 ","3500000",0.35,1,2,3500000,1,3,1
1762,"Luis A. Garcia","RP",34.8,"R","R","STL","SD",2,"$7,000,000 ","3500000",0.35,1,2,3500000,1,3,1
917,"Luis A. Garcia","RP",34.8,"R","R","STL","SD",2,"$7,000,000 ","3500000",0.35,1,2,3500000,1,3,1
1762,"Luis A. Garcia","RP",34.8,"R","R","STL","SD",2,"$7,000,000 ","3500000",0.35,1,2,3500000,1,3,1
940,"Luke Maile","C",31.1,"R","R","MIL","CLE",1,"$900,000 ","9e+05",0.25,2,1,9e+05,1,2,2
2051,"Manuel Pina","C",34.4,"R","R","MIL","ATL",2,"$8,000,000 ","4e+06",1.3,2,2,4e+06,2,3,2
958,"Marcus Semien","2B",31.2,"R","R","TOR","TEX",7,"$175,000,000 ","2.5e+07",7.25,2,2,2.5e+07,3,2,4
959,"Marcus Stroman","SP",30.6,"R","R","NYM","CHC",3,"$71,000,000 ","23666667",3.36,1,2,23666667,3,2,1
961,"Mark Canha","LF",32.8,"R","R","OAK","NYM",2,"$26,500,000 ","13250000",2.54,3,2,13250000,3,2,7
962,"Mark Melancon","RP",36.7,"R","R","SD","ARI",2,"$14,000,000 ","7e+06",2.13,1,2,7e+06,3,3,1
965,"Martin Perez","SP",30.9,"L","L","BOS","TEX",1,"$4,000,000 ","4e+06",0.51,1,1,4e+06,2,2,1
989,"Matthew Boyd","SP",31.1,"L","L","DET","SF",1,"$5,200,000 ","5200000",1.35,1,1,5200000,3,2,1
974,"Matt Carpenter","3B",36.5,"L","R","TEX","NYY",1,"$2,000,000 ","2e+06",-1.05,2,1,2e+06,1,3,5
976,"Matt Duffy","3B",31.2,"R","R","CHC","LAA",1,"$1,500,000 ","1500000",1.64,2,1,1500000,1,2,5
985,"Matt Strahm","RP",30.3,"R","L","SD","BOS",1,"$3,000,000 ","3e+06",-0.18,1,1,3e+06,1,2,1
997,"Max Scherzer","SP",37.3,"R","R","LAD","NYM",3,"$130,000,000 ","43333333",3.24,1,2,43333333,3,3,1
1007,"Michael Hermosillo","CF",26.8,"R","R","CHC","CHC",1,"$707,000 ","707000",0.12,3,1,707000,1,2,8
1010,"Michael Lorenzen","SP",29.8,"R","R","CIN","LAA",1,"$6,750,000 ","6750000",-0.06,1,1,6750000,3,2,1
1011,"Michael Pineda","SP",33.2,"R","R","MIN","DET",1,"$5,500,000 ","5500000",1.55,1,1,5500000,3,2,1
1014,"Michael Wacha","SP",30.3,"R","R","TB","BOS",1,"$7,000,000 ","7e+06",-0.61,1,1,7e+06,3,2,1
1050,"Mychal Givens","RP",31.8,"R","R","CIN","CHC",1,"$5,000,000 ","5e+06",1.11,1,1,5e+06,2,2,1
1058,"Nelson Cruz","DH",41.7,"R","R","TB","WSH",1,"$15,000,000 ","1.5e+07",2.05,4,1,1.5e+07,3,3,10
1063,"Nick Castellanos","DH",30,"R","R","CIN","PHI",5,"$100,000,000 ","2e+07",3.24,4,2,2e+07,3,2,10
1083,"Nick Wittgren","RP",30.8,"R","R","CLE","STL",1,"$1,200,000 ","1200000",-0.03,1,1,1200000,1,2,1
1087,"Niko Goodrum","2B",30,"","R","DET","HOU",1,"$2,100,000 ","2100000",0.03,2,1,2100000,1,2,4
1089,"Noah Syndergaard","SP",29.2,"L","R","NYM","LAA",1,"$21,000,000 ","2.1e+07",-0.1,1,1,2.1e+07,3,2,1
1093,"Odubel Herrera","CF",30.2,"L","R","PHI","PHI",1,"$1,750,000 ","1750000",1.78,3,1,1750000,1,2,8
1126,"Pedro Severino","C",28.3,"R","R","BAL","MIL",1,"$1,900,000 ","1900000",0.95,2,1,1900000,1,2,2
1147,"Raisel Iglesias","RP",31.8,"R","R","LAA","LAA",4,"$58,000,000 ","14500000",2.79,1,2,14500000,3,2,1
1168,"Rich Hill","SP",41.7,"L","L","NYM","BOS",1,"$5,000,000 ","5e+06",0.78,1,1,5e+06,2,3,1
1181,"Robbie Ray","SP",30.1,"L","L","TOR","SEA",5,"$115,000,000 ","2.3e+07",6.59,1,2,2.3e+07,3,2,1
1187,"Roberto Perez","C",32.9,"R","R","CLE","PIT",1,"$5,000,000 ","5e+06",-0.11,2,1,5e+06,2,2,2
1188,"Robinson Chirinos","C",37.8,"R","R","CHC","BAL",1,"$900,000 ","9e+05",0.16,2,1,9e+05,1,3,2
1225,"Ryan Tepera","RP",34.3,"R","R","CHW","LAA",2,"$14,000,000 ","7e+06",1.1,1,2,7e+06,3,3,1
1257,"Sean Doolittle","RP",35.4,"L","L","SEA","WSH",1,"$1,500,000 ","1500000",0.65,1,1,1500000,1,3,1
1298,"Starling Marte","RF",33.1,"R","R","OAK","NYM",4,"$78,000,000 ","19500000",2.81,3,2,19500000,3,2,9
1306,"Stephen Vogt","C",37.3,"L","R","ATL","OAK",1,"$850,000 ","850000",0.27,2,1,850000,1,3,2
1307,"Steve Cishek","RP",35.7,"R","R","LAA","WSH",1,"$1,750,000 ","1750000",1.16,1,1,1750000,1,3,1
1310,"Steven Matz","SP",30.4,"R","L","TOR","STL",4,"$44,000,000 ","1.1e+07",2.07,1,2,1.1e+07,3,2,1
1326,"Taylor Clarke","RP",28.5,"R","R","ARI","KC",1,"$975,000 ","975000",0.02,1,1,975000,1,2,1
1346,"Tim Locastro","OF",29.6,"R","R","BOS","NYY",1,"$900,000 ","9e+05",-0.81,3,1,9e+05,1,2,NA
1356,"Tommy Pham","LF",34,"R","R","SD","CIN",1,"$7,500,000 ","7500000",1.38,3,1,7500000,3,2,7
1385,"Trevor Story","SS",29.3,"R","R","COL","BOS",6,"$140,000,000 ","23333333",4.21,2,2,23333333,3,2,6
1397,"Tyler Anderson","SP",32.2,"L","L","SEA","LAD",1,"$8,000,000 ","8e+06",1.36,1,1,8e+06,3,2,1
1467,"Yan Gomes","C",34.3,"R","R","OAK","CHC",2,"$13,000,000 ","6500000",2.05,2,2,6500000,3,3,2
1474,"Yimi Garcia","RP",31.2,"R","R","HOU","TOR",2,"$11,000,000 ","5500000",0.8,1,2,5500000,3,2,1
2050,"Yoshitomo Tsutsugo","1B",29.9,"L","R","PIT","PIT",1,"$4,000,000 ","4e+06",-0.6,2,1,4e+06,2,2,3
1486,"Yusei Kikuchi","SP",30.7,"L","L","SEA","TOR",3,"$36,000,000 ","1.2e+07",1.73,1,2,1.2e+07,3,2,1
1491,"Zach Davies","SP",29.1,"R","R","CHC","ARI",1,"$4,500,000 ","4500000",-0.95,1,1,4500000,2,2,1
1502,"Zack Greinke","SP",38.3,"R","R","HOU","KC",1,"$13,000,000 ","1.3e+07",1.19,1,1,1.3e+07,3,3,1
11,"Aaron Hicks","CF",33.6,"","R","NYY","BAL",1,"$720,000 ","$720,000 ",2.1,3,1,720000,1,2,8
23,"Adam Duvall","RF",34.3,"R","R","ATL","BOS",1,"$7,000,000 ","$7,000,000 ",-0.17,3,1,7e+06,3,3,9
25,"Adam Engel","RF",31,"R","R","CHW","SD",1,"$1,000,000 ","$1,000,000 ",0.15,3,1,1e+06,1,2,9
26,"Adam Frazier","2B",31,"L","R","SEA","BAL",1,"$8,000,000 ","$8,000,000 ",0.69,2,1,8e+06,3,2,4
30,"Adam Ottavino","RP",37,"","R","NYM","NYM",2,"$14,500,000 ","$7,250,000 ",2.14,1,2,7250000,3,3,1
51,"Aledmys Diaz","SS",32.3,"R","R","HOU","OAK",2,"$14,500,000 ","$7,250,000 ",1.15,2,2,7250000,3,2,6
82,"Andrew Benintendi","LF",28.4,"L","L","NYY","CHW",5,"$75,000,000 ","$15,000,000 ",2.52,3,2,1.5e+07,3,2,7
83,"Andrew Chafin","RP",32.6,"R","L","DET","ARI",1,"$6,250,000 ","$6,250,000 ",0.29,1,1,6250000,3,2,1
84,"Andrew Heaney","SP",31.5,"L","L","LAD","TEX",2,"$25,000,000 ","$12,500,000 ",0.83,1,2,12500000,3,2,1
88,"Andrew McCutchen","RF",36.2,"R","R","MIL","PIT",1,"$5,000,000 ","$5,000,000 ",1.1,3,1,5e+06,2,3,9
123,"Aroldis Chapman","RP",34.8,"L","L","NYY","KC",1,"$3,750,000 ","$3,750,000 ",-0.25,1,1,3750000,1,3,1
136,"Austin Hedges","C",30.3,"R","R","CLE","PIT",1,"$5,000,000 ","$5,000,000 ",-0.36,2,1,5e+06,2,2,2
145,"Austin Wynns","C",32.3,"R","R","SF","LAD",1,"$720,000 ","$720,000 ",0.55,2,1,720000,1,2,2
165,"Brad Boxberger","RP",34.5,"R","R","MIL","CHC",1,"$2,800,000 ","$2,800,000 ",1,1,1,2800000,1,3,1
167,"Brad Hand","RP",32.9,"L","L","PHI","COL",1,"$2,000,000 ","$2,000,000 ",0.91,1,1,2e+06,1,2,1
176,"Brandon Belt","1B",34.7,"L","L","SF","TOR",1,"$9,300,000 ","$9,300,000 ",0.35,2,1,9300000,3,3,3
181,"Brandon Drury","2B",30.2,"R","R","SD","LAA",2,"$17,000,000 ","$8,500,000 ",2.28,2,2,8500000,3,2,4
198,"Brett Phillips","RF",28.6,"L","R","BAL","LAA",1,"$1,200,000 ","$1,200,000 ",0.23,3,1,1200000,1,2,9
201,"Brian Anderson","3B",29.6,"R","R","MIA","MIL",1,"$3,500,000 ","$3,500,000 ",0.54,2,1,3500000,1,2,5
237,"Carlos Correa","SS",28.2,"R","R","MIN","MIN",6,"$200,000,000 ","$33,333,333 ",5.55,2,2,33333333,3,2,6
238,"Carlos Estevez","RP",29.9,"R","R","COL","LAA",2,"$13,500,000 ","$6,750,000 ",1.15,1,2,6750000,3,2,1
242,"Carlos Santana","1B",36.6,"","R","SEA","PIT",1,"$6,725,000 ","$6,725,000 ",0.73,2,1,6725000,3,3,3
244,"Carson Kelly","C",29.1,"R","R","ARI","DET",1,"$720,000 ","$720,000 ",1.2,2,1,720000,1,2,2
250,"Chad Green","RP",31.7,"L","R","NYY","TOR",2,"$8,500,000 ","$4,250,000 ",0.06,1,2,4250000,2,2,1
268,"Chris Devenski","RP",32.8,"R","R","LAA","TB",1,"$720,000 ","$720,000 ",-0.36,1,1,720000,1,2,1
272,"Chris Martin","RP",36.5,"R","R","LAD","BOS",2,"$13,500,000 ","$6,750,000 ",0.02,1,2,6750000,3,3,1
281,"Christian Vazquez","C",32.2,"R","R","HOU","MIN",3,"$30,000,000 ","$10,000,000 ",2.31,2,2,1e+07,3,2,2
287,"Clayton Kershaw","SP",34.7,"L","L","LAD","LAD",1,"$20,000,000 ","$20,000,000 ",3.54,1,1,2e+07,3,3,1
290,"Cody Bellinger","CF",27.3,"L","L","LAD","CHC",1,"$17,500,000 ","$17,500,000 ",1.13,3,1,17500000,3,2,8
314,"Corey Dickerson","LF",33.6,"L","R","STL","WSH",1,"$2,250,000 ","$2,250,000 ",-0.02,3,1,2250000,1,2,7
315,"Corey Kluber","SP",36.7,"R","R","TB","BOS",1,"$10,000,000 ","$10,000,000 ",0.8,1,1,1e+07,3,3,1
321,"Craig Kimbrel","RP",34.5,"R","R","LAD","PHI",1,"$10,000,000 ","$10,000,000 ",0.12,1,1,1e+07,3,3,1
326,"Curt Casali","C",34.1,"R","R","SEA","CIN",1,"$3,250,000 ","$3,250,000 ",1.14,2,1,3250000,1,3,2
354,"Danny Mendick","2B",29.2,"R","R","CHW","NYM",1,"$1,000,000 ","$1,000,000 ",0.52,2,1,1e+06,1,2,4
358,"Darin Ruf","1B",36.8,"R","R","SF","MIL",1,"$720,000 ","$720,000 ",-0.52,2,1,720000,1,3,3
372,"David Peralta","LF",35.4,"L","L","TB","LAD",1,"$6,500,000 ","$6,500,000 ",0.94,3,1,6500000,3,3,7
376,"David Robertson","RP",37.6,"R","R","PHI","NYM",1,"$10,000,000 ","$10,000,000 ",1.94,1,1,1e+07,3,3,1
407,"Dominic Smith","1B",27.5,"L","L","NYM","WSH",1,"$2,000,000 ","$2,000,000 ",-0.37,2,1,2e+06,1,2,3
408,"Donovan Solano","2B",35.2,"R","R","CIN","MIN",1,"$2,000,000 ","$2,000,000 ",0.94,2,1,2e+06,1,3,4
418,"Drew Smyly","SP",33.5,"L","L","CHC","CHC",2,"$19,000,000 ","$9,500,000 ",1.86,1,2,9500000,3,2,1
442,"Edwin Diaz","RP",28.6,"R","R","NYM","NYM",5,"$102,000,000 ","$20,400,000 ",3.08,1,2,20400000,3,2,1
443,"Edwin Rios","3B",28.8,"L","R","LAD","CHC",1,"$1,000,000 ","$1,000,000 ",0.08,2,1,1e+06,1,2,5
451,"Elvis Andrus","SS",34.4,"R","R","CHW","CHW",1,"$3,000,000 ","$3,000,000 ",1.26,2,1,3e+06,1,3,6
459,"Erasmo Ramirez","RP",32.6,"R","R","WSH","WSH",1,"$1,000,000 ","$1,000,000 ",1.36,1,1,1e+06,1,2,1
463,"Eric Hosmer","1B",33.2,"L","L","BOS","CHC",1,"$720,000 ","$720,000 ",1.07,2,1,720000,1,2,3
475,"Evan Longoria","3B",37.2,"R","R","SF","ARI",1,"$4,000,000 ","$4,000,000 ",0.73,2,1,4e+06,2,3,5
482,"Franchy Cordero","RF",28.5,"L","R","BAL","NYY",1,"$1,000,000 ","$1,000,000 ",-0.19,3,1,1e+06,1,2,9
573,"J.D. Martinez","DH",35.3,"R","R","BOS","LAD",1,"$10,000,000 ","$10,000,000 ",0.84,4,1,1e+07,3,3,10
582,"Jace Peterson","3B",32.5,"L","R","MIL","OAK",2,"$9,500,000 ","$4,750,000 ",2.39,2,2,4750000,2,2,5
600,"Jake Brentz","RP",28.5,"L","L","KC","KC",2,"$1,900,000 ","$950,000 ",-1.31,1,2,950000,1,2,1
605,"Jake Diekman","RP",36.2,"L","L","CHW","TB",1,"$720,000 ","$720,000 ",0.26,1,1,720000,1,3,1
631,"Jameson Taillon","SP",31,"R","R","NYY","CHC",4,"$68,000,000 ","$17,000,000 ",1.36,1,2,1.7e+07,3,2,1
637,"Jarlin Garcia","RP",29.8,"L","L","SF","PIT",1,"$2,500,000 ","$2,500,000 ",0.38,1,1,2500000,1,2,1
654,"Jean Segura","3B",32.8,"R","R","PHI","MIA",2,"$17,000,000 ","$8,500,000 ",1.86,2,2,8500000,3,2,5
661,"Jeimer Candelario","3B",29,"","R","DET","WSH",1,"$5,000,000 ","$5,000,000 ",0.29,2,1,5e+06,2,2,5
668,"Jesus Aguilar","1B",32.5,"R","R","BAL","OAK",1,"$3,000,000 ","$3,000,000 ",-0.67,2,1,3e+06,1,2,3
672,"Jeurys Familia","RP",33.4,"R","R","ARI","OAK",1,"$1,500,000 ","$1,500,000 ",-0.57,1,1,1500000,1,2,1
697,"Joely Rodriguez","RP",31,"L","L","NYM","BOS",1,"$2,000,000 ","$2,000,000 ",-0.25,1,1,2e+06,1,2,1
699,"Joey Gallo","1B",29.1,"L","R","LAD","MIN",1,"$11,000,000 ","$11,000,000 ",0.04,2,1,1.1e+07,3,2,3
717,"Johnny Cueto","SP",36.8,"R","R","CHW","MIA",1,"$8,500,000 ","$8,500,000 ",3.38,1,1,8500000,3,3,1
735,"Jordan Luplow","RF",29.2,"R","R","ARI","ATL",1,"$1,400,000 ","$1,400,000 ",0.19,3,1,1400000,1,2,9
736,"Jordan Lyles","SP",32.2,"R","R","BAL","KC",2,"$17,000,000 ","$8,500,000 ",1.03,1,2,8500000,3,2,1
759,"Josh Bell","1B",30.2,"","R","SD","CLE",2,"$33,000,000 ","$16,500,000 ",3.5,2,2,16500000,3,2,3
763,"Josh Harrison","2B",35.5,"R","R","CHW","PHI",1,"$2,000,000 ","$2,000,000 ",1.73,2,1,2e+06,1,3,4
780,"Jose Abreu","1B",35.8,"R","R","CHW","HOU",3,"$58,500,000 ","$19,500,000 ",4.19,2,2,19500000,3,3,3
792,"Jose Quintana","SP",33.8,"R","L","STL","NYM",2,"$26,000,000 ","$13,000,000 ",1.98,1,2,1.3e+07,3,2,1
810,"Jurickson Profar","LF",30,"","R","SD","COL",1,"$7,750,000 ","$7,750,000 ",3.14,3,1,7750000,3,2,7
818,"Justin Turner","3B",38,"R","R","LAD","BOS",2,"$21,700,000 ","$10,850,000 ",1.97,2,2,10850000,3,3,5
821,"Justin Wilson","RP",35.5,"L","L","CIN","MIL",1,"$1,000,000 ","$1,000,000 ",0.13,1,1,1e+06,1,3,1
832,"Kenley Jansen","RP",35.2,"","R","ATL","BOS",2,"$32,000,000 ","$16,000,000 ",0.89,1,2,1.6e+07,3,3,1
843,"Kevin Kiermaier","CF",32.6,"L","R","TB","TOR",1,"$9,000,000 ","$9,000,000 ",1.1,3,1,9e+06,3,2,8
876,"Kyle Gibson","SP",35.1,"R","R","PHI","BAL",1,"$10,000,000 ","$10,000,000 ",0.67,1,1,1e+07,3,3,1
940,"Luke Maile","C",31.8,"R","R","CLE","CIN",1,"$1,175,000 ","$1,175,000 ",0.6,2,1,1175000,1,2,2
943,"Luke Weaver","SP",30,"R","R","CIN","SEA",1,"$720,000 ","$720,000 ",-0.41,1,1,720000,1,2,1
974,"Matt Carpenter","3B",37,"L","R","NYY","SD",2,"$12,000,000 ","$6,000,000 ",2.36,2,2,6e+06,3,3,5
981,"Matt Moore","RP",33.6,"L","L","TEX","LAA",1,"$7,550,000 ","$7,550,000 ",2.3,1,1,7550000,3,2,1
985,"Matt Strahm","RP",31,"R","L","BOS","PHI",2,"$15,000,000 ","$7,500,000 ",0.19,1,2,7500000,3,2,1
1002,"Michael Brantley","LF",35.6,"L","L","HOU","HOU",1,"$12,000,000 ","$12,000,000 ",1.3,3,1,1.2e+07,3,3,7
1006,"Michael Fulmer","RP",29.8,"R","R","MIN","CHC",1,"$4,000,000 ","$4,000,000 ",0.36,1,1,4e+06,2,2,1
1010,"Michael Lorenzen","SP",30.9,"R","R","LAA","DET",1,"$8,500,000 ","$8,500,000 ",0.62,1,1,8500000,3,2,1
1014,"Michael Wacha","SP",31.6,"R","R","BOS","SD",4,"$26,000,000 ","$6,500,000 ",3.31,1,2,6500000,3,2,1
1020,"Miguel Castro","RP",27.9,"R","R","NYY","ARI",1,"$3,500,000 ","$3,500,000 ",-0.34,1,1,3500000,1,2,1
1041,"Mike Zunino","C",31.7,"R","R","TB","CLE",1,"$6,000,000 ","$6,000,000 ",-0.8,2,1,6e+06,3,2,2
1044,"Mitch Haniger","LF",31.9,"R","R","SEA","SF",3,"$43,500,000 ","$14,500,000 ",1.02,3,2,14500000,3,2,7
1050,"Mychal Givens","RP",32.6,"R","R","NYM","BAL",1,"$5,000,000 ","$5,000,000 ",0.96,1,1,5e+06,2,2,1
1058,"Nelson Cruz","DH",42.5,"R","R","WSH","SD",1,"$1,000,000 ","$1,000,000 ",0.14,4,1,1e+06,1,3,10
1089,"Noah Syndergaard","SP",30.2,"L","R","PHI","LAD",1,"$13,000,000 ","$13,000,000 ",1.08,1,1,1.3e+07,3,2,1
1096,"Omar Narvaez","C",30.8,"L","R","MIL","NYM",2,"$15,000,000 ","$7,500,000 ",0.21,2,2,7500000,3,2,2
1138,"Pierce Johnson","RP",31.6,"R","R","SD","COL",1,"$5,000,000 ","$5,000,000 ",-0.03,1,1,5e+06,2,2,1
1144,"Rafael Montero","RP",32,"R","R","HOU","HOU",3,"$34,500,000 ","$11,500,000 ",1.22,1,2,11500000,3,2,1
1146,"Raimel Tapia","LF",29.3,"L","L","BOS","MIL",1,"$720,000 ","$720,000 ",0.19,3,1,720000,1,2,7
1168,"Rich Hill","SP",42.8,"L","L","BOS","PIT",1,"$8,000,000 ","$8,000,000 ",0.85,1,1,8e+06,3,3,1
1180,"Robbie Grossman","RF",33.4,"","L","ATL","TEX",1,"$2,000,000 ","$2,000,000 ",0.08,3,1,2e+06,1,2,9
1200,"Ross Stripling","SP",33,"R","R","TOR","SF",2,"$25,000,000 ","$12,500,000 ",2.75,1,2,12500000,3,2,1
1230,"Ryan Yarbrough","SP",30.9,"R","L","TB","KC",1,"$3,000,000 ","$3,000,000 ",0.06,1,1,3e+06,1,2,1
1260,"Sean Manaea","SP",30.8,"R","L","SD","SF",2,"$25,000,000 ","$12,500,000 ",-1.18,1,2,12500000,3,2,1
1275,"Seth Lugo","SP",33.1,"R","R","NYM","SD",2,"$15,000,000 ","$7,500,000 ",0.74,1,2,7500000,3,2,1
1286,"Shelby Miller","RP",32.1,"R","R","SF","LAD",1,"$1,500,000 ","$1,500,000 ",-0.19,1,1,1500000,1,2,1
1318,"Taijuan Walker","SP",30.2,"R","R","NYM","PHI",4,"$72,000,000 ","$18,000,000 ",2.27,1,2,1.8e+07,3,2,1
1332,"Taylor Rogers","RP",32,"L","L","MIL","SF",3,"$33,000,000 ","$11,000,000 ",-0.19,1,2,1.1e+07,3,2,1
1353,"Tommy La Stella","2B",33.9,"L","R","SF","SEA",1,"$720,000 ","$720,000 ",-0.73,2,1,720000,1,2,4
1356,"Tommy Pham","LF",34.8,"R","R","BOS","NYM",1,"$6,000,000 ","$6,000,000 ",0.64,3,1,6e+06,3,3,7
1380,"Trevor May","RP",33.2,"R","R","NYM","OAK",1,"$7,000,000 ","$7,000,000 ",-0.18,1,1,7e+06,3,2,1
1386,"Trevor Williams","RP",30.6,"R","R","NYM","WSH",2,"$13,000,000 ","$6,500,000 ",1.3,1,2,6500000,3,2,1
1388,"Trey Mancini","OF",30.8,"R","R","HOU","CHC",2,"$14,000,000 ","$7,000,000 ",1.87,3,2,7e+06,3,2,NA
1391,"Tucker Barnhart","C",31.9,"L","R","DET","CHC",2,"$6,500,000 ","$3,250,000 ",-0.08,2,2,3250000,1,2,2
1434,"Wade Miley","SP",36.1,"L","L","CHC","MIL",1,"$4,500,000 ","$4,500,000 ",0.03,1,1,4500000,2,3,1
1443,"Wil Myers","1B",32,"R","R","SD","CIN",1,"$7,500,000 ","$7,500,000 ",0.9,2,1,7500000,3,2,3
1491,"Zach Davies","SP",29.8,"R","R","ARI","ARI",1,"$5,000,000 ","$5,000,000 ",0.61,1,1,5e+06,2,2,1
1492,"Zach Eflin","SP",28.6,"R","R","PHI","TB",3,"$40,000,000 ","$13,333,333 ",0.94,1,2,13333333,3,2,1
1502,"Zack Greinke","SP",39.2,"R","R","KC","KC",1,"$8,500,000 ","$8,500,000 ",2.45,1,1,8500000,3,3,1
1546,"Stone Garrett","LF",27,"R","R","ARI","WSH",1,"$720,000 ","$720,000 ",0.56,3,1,720000,1,2,7
1607,"Jackson Stephens","RP",28.6,"R","R","ATL","ATL",1,"$740,000 ","$740,000 ",0.18,1,1,740000,1,2,1
1732,"Mike Clevinger","SP",31.9,"R","R","SD","CHW",1,"$12,000,000 ","$12,000,000 ",0.62,1,1,1.2e+07,3,2,1
1769,"Trevor Gott","RP",30.2,"R","R","MIL","SEA",1,"$1,200,000 ","$1,200,000 ",-0.03,1,1,1200000,1,2,1
1788,"Tommy Kahnle","RP",33.2,"R","R","LAD","NYY",2,"$11,500,000 ","$5,750,000 ",0.31,1,2,5750000,3,2,1
1862,"Robert Suarez","RP",31.7,"","","SD","SD",5,"$46,000,000 ","$9,200,000 ",1.36,1,2,9200000,3,2,1
1873,"Justin Verlander","SP",39.8,"R","R","HOU","NYM",2,"$86,666,666 ","$43,333,333 ",5.5,1,2,43333333,3,3,1
2043,"Vincent Velasquez","SP",30.4,"R","R","CHW","PIT",1,"$3,150,000 ","$3,150,000 ",0.23,1,1,3150000,1,2,1
2049,"Yu-Cheng Chang","SS",27.4,"R","R","BOS","BOS",1,"$850,000 ","$850,000 ",-0.25,2,1,850000,1,2,6
1397,"Tyler Anderson","SP",32.8,"L","L","LAD","LAA",3,"$39,000,000 ","$13,000,000 ",4.26,1,2,1.3e+07,3,2,1
267,"Chris Bassitt","SP",33.8,"R","R","NYM","TOR",3,"$63,000,000 ","$21,000,000 ",3.18,1,2,2.1e+07,3,2,1
1462,"Xander Bogaerts","SS",30.2,"R","R","BOS","SD",11,"$280,000,000 ","$25,454,545 ",5.42,2,2,25454545,3,2,6
989,"Matthew Boyd","SP",31.8,"L","L","SEA","DET",1,"$10,000,000 ","$10,000,000 ",0.43,1,1,1e+07,3,2,1
1454,"Willson Contreras","C",30.5,"R","R","CHC","STL",5,"$87,500,000 ","$17,500,000 ",3.72,2,2,17500000,3,2,2
595,"Jacob deGrom","SP",34.4,"L","R","NYM","TEX",5,"$185,000,000 ","$37,000,000 ",1.42,1,2,3.7e+07,3,3,1
1055,"Nathan Eovaldi","SP",32.8,"R","R","BOS","TEX",2,"$34,000,000 ","$17,000,000 ",1.13,1,2,1.7e+07,3,2,1
12,"Aaron Judge","CF",30.6,"R","R","NYY","NYY",9,"$360,000,000 ","$40,000,000 ",10.53,3,2,4e+07,3,2,8
185,"Brandon Nimmo","CF",29.7,"L","R","NYM","NYM",8,"$162,000,000 ","$20,250,000 ",4.34,3,2,20250000,3,2,8
685,"Joc Pederson","LF",30.5,"L","L","SF","SF",1,"$19,650,000 ","$19,650,000 ",1.41,3,1,19650000,3,2,7
965,"Martin Perez","SP",31.6,"L","L","TEX","TEX",1,"$19,650,000 ","$19,650,000 ",5.17,1,1,19650000,3,2,1
5,"AJ Pollock","LF",35.1,"R","R","CHW","SEA",1,"$7,000,000 ","$7,000,000 ",0.86,3,1,7e+06,3,3,7
115,"Anthony Rizzo","1B",33.2,"L","L","NYY","NYY",2,"$40,000,000 ","$20,000,000 ",2.32,2,2,2e+07,3,2,3
241,"Carlos Rodon","SP",30,"L","L","SF","NYY",6,"$162,000,000 ","$27,000,000 ",5.31,1,2,2.7e+07,3,2,1
1448,"Will M. Smith","RP",33.6,"R","L","HOU","TEX",1,"$1,500,000 ","$1,500,000 ",-0.67,1,1,1500000,1,2,1
356,"Dansby Swanson","SS",28.8,"R","R","ATL","CHC",7,"$177,000,000 ","$25,285,714 ",5.57,2,2,25285714,3,2,6
1371,"Trea Turner","SS",29.4,"R","R","LAD","PHI",11,"$300,000,000 ","$27,272,727 ",4.84,2,2,27272727,3,2,6
