"Player","Pos","Age","Bats","Throws","BaseSalary","Team"
"Justin Verlander","SP","40","","R","$43,333,333 "," HOU"
"Max Scherzer","SP","38","","R","$43,333,333 "," TEX"
"Aaron Judge","CF","31","R","","$40,000,000 "," NYY"
"Anthony Rendon","3B","33","R","","$38,000,000 "," LAA"
"Gerrit Cole","SP","32","","R","$36,000,000 "," NYY"
"Mike Trout","CF","31","R","","$35,450,000 "," LAA"
"Stephen Strasburg","SP","34","","R","$35,000,000 "," WSH"
"Nolan Arenado","3B","32","R","","$35,000,000 "," STL"
"Corey Seager","SS","29","L","","$35,000,000 "," TEX"
"Giancarlo Stanton","RF","33","R","","$32,000,000 "," NYY"
"Miguel Cabrera","DH","40","R","","$32,000,000 "," DET"
"Carlos Correa","SS","28","R","","$32,000,000 "," MIN"
"Francisco Lindor","SS","29","","","$32,000,000 "," NYM"
"Shohei Ohtani","SP/DH","28","","R","$30,000,000 "," LAA"
"Jacob deGrom","SP","35","","R","$30,000,000 "," TEX"
"Alex Bregman","3B","29","R","","$28,500,000 "," HOU"
"Chris Sale","SP","34","","L","$27,500,000 "," BOS"
"Trea Turner","SS","30","R","","$27,272,727 "," PHI"
"Freddie Freeman","1B","33","L","","$27,000,000 "," LAD"
"Kris Bryant","RF","31","R","","$27,000,000 "," COL"
"Bryce Harper","1B","30","L","","$26,000,000 "," PHI"
"Jose Altuve","2B","33","R","","$26,000,000 "," HOU"
"Marcus Semien","2B","32","R","","$26,000,000 "," TEX"
"Christian Yelich","LF","31","L","","$26,000,000 "," MIL"
"Marcus Stroman","SP","32","","R","$25,000,000 "," CHC"
"Joey Votto","1B","39","L","","$25,000,000 "," CIN"
"Xander Bogaerts","SS","30","R","","$25,000,000 "," SD"
"Zack Wheeler","SP","33","","R","$24,500,000 "," PHI"
"Yu Darvish","SP","36","","R","$24,000,000 "," SD"
"Patrick Corbin","SP","33","","L","$24,000,000 "," WSH"
"J.T. Realmuto","C","32","R","","$23,875,000 "," PHI"
"Juan Soto","LF","24","L","","$23,000,000 "," SD"
"George Springer","RF","33","R","","$22,500,000 "," TOR"
"Carlos Rodon","SP","30","","L","$22,000,000 "," NYY"
"Paul Goldschmidt","1B","35","R","","$22,000,000 "," STL"
"Javier Baez","SS","30","R","","$22,000,000 "," DET"
"Robbie Ray","SP","31","","L","$21,000,000 "," SEA"
"Kevin Gausman","SP","32","","R","$21,000,000 "," TOR"
"Matt Olson","1B","29","L","","$21,000,000 "," ATL"
"Charlie Morton","SP","39","","R","$20,000,000 "," ATL"
"Nick Castellanos","RF","31","R","","$20,000,000 "," PHI"
"Joe Musgrove","SP","30","","R","$20,000,000 "," SD"
"Hyun-Jin Ryu","SP","36","","L","$20,000,000 "," TOR"
"Salvador Perez","C","33","R","","$20,000,000 "," KC"
"Trevor Story","SS","30","R","","$20,000,000 "," BOS"
"Mookie Betts","SS","30","R","","$20,000,000 "," LAD"
"Kyle Schwarber","LF","30","L","","$20,000,000 "," PHI"
"Martin Perez","RP","32","","L","$19,650,000 "," TEX"
"Joc Pederson","LF","31","L","","$19,650,000 "," SF"
"Starling Marte","RF","34","R","","$19,500,000 "," NYM"
"Jose Abreu","1B","36","R","","$19,500,000 "," HOU"
"Miles Mikolas","SP","34","","R","$18,750,000 "," STL"
"Lance Lynn","SP","36","","R","$18,500,000 "," LAD"
"Yasmani Grandal","C","34","","","$18,250,000 "," CHW"
"Brandon Nimmo","CF","30","L","","$18,250,000 "," NYM"
"Taijuan Walker","SP","30","","R","$18,000,000 "," PHI"
"Chris Bassitt","SP","34","","R","$18,000,000 "," TOR"
"Michael Conforto","RF","30","L","","$18,000,000 "," SF"
"Adam Wainwright","SP","41","","R","$17,500,000 "," STL"
"Rafael Devers","3B","26","L","","$17,500,000 "," BOS"
"Edwin Diaz","RP/CL","29","","R","$17,250,000 "," NYM"
"Ronald Acuna Jr.","RF","25","R","","$17,000,000 "," ATL"
"Seiya Suzuki","RF","28","R","","$17,000,000 "," CHC"
"Anthony Rizzo","1B","33","L","","$17,000,000 "," NYY"
"Yoan Moncada","3B","28","","","$17,000,000 "," CHW"
"Josh Bell","1B","30","","","$16,500,000 "," MIA"
"Aaron Nola","SP","30","","R","$16,000,000 "," PHI"
"Blake Snell","SP","30","","L","$16,000,000 "," SD"
"Nathan Eovaldi","SP","33","","R","$16,000,000 "," TEX"
"Raisel Iglesias","RP/CL","33","","R","$16,000,000 "," ATL"
"Kenley Jansen","RP/CL","35","","R","$16,000,000 "," BOS"
"Brandon Crawford","SS","36","L","","$16,000,000 "," SF"
"Marcell Ozuna","LF","32","R","","$16,000,000 "," ATL"
"Lance McCullers","SP","29","","R","$15,250,000 "," HOU"
"German Marquez","SP","28","","R","$15,000,000 "," COL"
"Clayton Kershaw","SP","35","","L","$15,000,000 "," LAD"
"Luis Severino","SP","29","","R","$15,000,000 "," NYY"
"Jon Gray","SP","31","","R","$15,000,000 "," TEX"
"Jose Berrios","SP","29","","R","$15,000,000 "," TOR"
"Jorge Soler","DH","31","R","","$15,000,000 "," MIA"
"Austin Riley","3B","26","R","","$15,000,000 "," ATL"
"Chris Taylor","3B","32","R","","$15,000,000 "," LAD"
"D.J. LeMahieu","3B","34","R","","$15,000,000 "," NYY"
"Byron Buxton","CF","29","R","","$15,000,000 "," MIN"
"Masataka Yoshida","LF","29","L","","$15,000,000 "," BOS"
"Charlie Blackmon","RF","36","L","","$15,000,000 "," COL"
"Pete Alonso","1B","28","R","","$14,500,000 "," NYM"
"Vladimir Guerrero Jr.","1B","24","R","","$14,500,000 "," TOR"
"Julio Urias","SP","26","","L","$14,250,000 "," LAD"
"Josh Hader","RP/CL","29","","L","$14,100,000 "," SD"
"Kyle Hendricks","SP","33","","R","$14,000,000 "," CHC"
"Jameson Taillon","SP","31","","R","$14,000,000 "," CHC"
"Eduardo Rodriguez","SP","30","","L","$14,000,000 "," DET"
"Kodai Senga","SP","30","","","$14,000,000 "," NYM"
"Carlos Carrasco","SP","36","","R","$14,000,000 "," NYM"
"Liam Hendriks","RP/CL","34","","R","$14,000,000 "," CHW"
"Ryan Pressly","RP/CL","34","","R","$14,000,000 "," HOU"
"Jose Ramirez","3B","30","","","$14,000,000 "," CLE"
"Teoscar Hernandez","RF","30","R","","$14,000,000 "," SEA"
"Max Fried","SP","29","","L","$13,500,000 "," ATL"
"Max Muncy","1B","32","L","","$13,500,000 "," LAD"
"Tyler Anderson","SP","33","","L","$13,000,000 "," LAA"
"Jose Quintana","SP","34","","L","$13,000,000 "," NYM"
"Manny Machado","3B","30","R","","$13,000,000 "," SD"
"Dansby Swanson","SS","29","R","","$13,000,000 "," CHC"
"Sonny Gray","SP","33","","R","$12,700,000 "," MIN"
"Alex Wood","RP","32","","L","$12,500,000 "," SF"
"Jake Odorizzi","RP","33","","R","$12,500,000 "," TEX"
"Tim Anderson","SS","30","R","","$12,500,000 "," CHW"
"Anthony DeSclafani","SP","33","","R","$12,000,000 "," SF"
"Andrew Heaney","SP","32","","L","$12,000,000 "," TEX"
"James McCann","C","33","R","","$12,000,000 "," BAL"
"Rhys Hoskins","1B","30","R","","$12,000,000 "," PHI"
"Matt Chapman","3B","30","R","","$12,000,000 "," TOR"
"Avisail Garcia","RF","32","R","","$12,000,000 "," MIA"
"Michael Brantley","LF","36","L","","$12,000,000 "," HOU"
"Cody Bellinger","CF","27","L","","$12,000,000 "," CHC"
"Rafael Montero","RP","32","","R","$11,500,000 "," HOU"
"Zach Eflin","SP","29","","R","$11,000,000 "," TB"
"Joey Gallo","1B","29","L","","$11,000,000 "," MIN"
"Ketel Marte","2B","29","","","$11,000,000 "," ARI"
"Eugenio Suarez","3B","31","R","","$11,000,000 "," SEA"
"Ian Happ","LF","28","","","$10,850,000 "," CHC"
"Brandon Woodruff","SP","30","","R","$10,800,000 "," MIL"
"Kyle Freeland","SP","30","","L","$10,500,000 "," COL"
"Mark Canha","LF","34","R","","$10,500,000 "," MIL"
"Lucas Giolito","SP","28","","R","$10,400,000 "," CLE"
"Shane Bieber","SP","28","","R","$10,010,000 "," CLE"
"Corbin Burnes","SP","28","","R","$10,010,000 "," MIL"
"Kyle Gibson","SP","35","","R","$10,000,000 "," BAL"
"J.D. Martinez","DH","35","R","","$10,000,000 "," LAD"
"Matt Boyd","SP","32","","L","$10,000,000 "," DET"
"Luis Castillo","SP","30","","R","$10,000,000 "," SEA"
"Steven Matz","SP","32","","L","$10,000,000 "," STL"
"Jordan Montgomery","SP","30","","L","$10,000,000 "," TEX"
"Yusei Kikuchi","SP","32","","L","$10,000,000 "," TOR"
"Corey Kluber","RP","37","","R","$10,000,000 "," BOS"
"David Robertson","RP/CL","38","","R","$10,000,000 "," MIA"
"Craig Kimbrel","RP/CL","35","","R","$10,000,000 "," PHI"
"Nick Martinez","RP","32","","R","$10,000,000 "," SD"
"Robert Suarez","RP","32","","","$10,000,000 "," SD"
"Christian Vazquez","C","32","R","","$10,000,000 "," MIN"
"Willson Contreras","C","31","R","","$10,000,000 "," STL"
"Ke'Bryan Hayes","3B","26","R","","$10,000,000 "," PIT"
"Enrique Hernandez","SS","31","R","","$10,000,000 "," LAD"
"J.P. Crawford","SS","28","L","","$10,000,000 "," SEA"
"Gleyber Torres","2B","26","R","","$9,950,000 "," NYY"
"Daniel Bard","RP","38","","R","$9,500,000 "," COL"
"Eloy Jimenez","DH","26","R","","$9,500,000 "," CHW"
"Eduardo Escobar","3B","34","","","$9,500,000 "," LAA"
"Luis Robert Jr.","CF","25","R","","$9,500,000 "," CHW"
"Randal Grichuk","RF","31","R","","$9,333,334 "," LAA"
"Brandon Belt","1B","35","L","","$9,300,000 "," TOR"
"Kevin Kiermaier","CF","33","L","","$9,000,000 "," TOR"
"Alex Cobb","SP","35","","R","$9,000,000 "," SF"
"Joe Kelly","RP","35","","R","$9,000,000 "," LAD"
"Taylor Rogers","RP","32","","L","$9,000,000 "," SF"
"Ryan McMahon","3B","28","L","","$9,000,000 "," COL"
"Eddie Rosario","LF","31","L","","$9,000,000 "," ATL"
"Willy Adames","SS","27","R","","$8,700,000 "," MIL"
"Zack Greinke","SP","39","","R","$8,500,000 "," KC"
"Jordan Lyles","SP","32","","R","$8,500,000 "," KC"
"Michael Lorenzen","SP","31","","R","$8,500,000 "," PHI"
"Max Kepler","RF","30","L","","$8,500,000 "," MIN"
"Brandon Drury","3B","30","R","","$8,500,000 "," LAA"
"Giovanny Urshela","1B","31","R","","$8,400,000 "," LAA"
"Justin Turner","3B","38","R","","$8,300,000 "," BOS"
"Jesse Winker","RF","29","L","","$8,250,000 "," MIL"
"Walker Buehler","SP","28","","R","$8,025,000 "," LAD"
"Merrill Kelly","SP","34","","R","$8,000,000 "," ARI"
"Drew Smyly","SP","34","","L","$8,000,000 "," CHC"
"Mike Clevinger","SP","32","","R","$8,000,000 "," CHW"
"Rich Hill","SP","43","","L","$8,000,000 "," SD"
"Kendall Graveman","RP/CL","32","","R","$8,000,000 "," HOU"
"Hector Neris","RP","34","","R","$8,000,000 "," HOU"
"Blake Treinen","RP","35","","R","$8,000,000 "," LAD"
"Drew Pomeranz","RP","34","","L","$8,000,000 "," SD"
"Travis d'Arnaud","C","34","R","","$8,000,000 "," ATL"
"Omar Narvaez","C","31","L","","$8,000,000 "," NYM"
"Adam Frazier","2B","31","L","","$8,000,000 "," BAL"
"Andrew Benintendi","LF","28","L","","$8,000,000 "," CHW"
"Amed Rosario","SS","27","R","","$7,800,000 "," LAD"
"Adam Ottavino","RP","37","","R","$7,750,000 "," NYM"
"Tyler Mahle","SP","28","","R","$7,500,000 "," MIN"
"Frankie Montas","SP","30","","R","$7,500,000 "," NYY"
"Seth Lugo","SP","33","","R","$7,500,000 "," SD"
"Ross Stripling","SP","33","","R","$7,500,000 "," SF"
"Aaron Loup","RP","35","","L","$7,500,000 "," LAA"
"Matt Barnes","RP","33","","R","$7,500,000 "," MIA"
"Matt Strahm","RP","31","","L","$7,500,000 "," PHI"
"Sean Manaea","RP","31","","L","$7,500,000 "," SF"
"Jorge Polanco","2B","29","","","$7,500,000 "," MIN"
"Anthony Santander","RF","28","","","$7,400,000 "," BAL"
"Antonio Senzatela","SP","28","","R","$7,250,000 "," COL"
"C.J. Cron","1B","33","R","","$7,250,000 "," LAA"
"Adam Duvall","RF","34","R","","$7,000,000 "," BOS"
"Manuel Margot","RF","28","R","","$7,000,000 "," TB"
"Fernando Tatis Jr.","RF","24","R","","$7,000,000 "," SD"
"Max Stassi","C","32","R","","$7,000,000 "," LAA"
"Ozzie Albies","2B","26","","","$7,000,000 "," ATL"
"Ha-seong Kim","2B","27","R","","$7,000,000 "," SD"
"Yordan Alvarez","LF","26","L","","$7,000,000 "," HOU"
"Framber Valdez","SP","29","","L","$6,800,000 "," HOU"
"Carlos Estevez","RP/CL","30","","R","$6,750,000 "," LAA"
"Bryan Reynolds","CF","28","","","$6,750,000 "," PIT"
"Whit Merrifield","2B","34","R","","$6,750,000 "," TOR"
"Carlos Santana","1B","37","","","$6,725,000 "," MIL"
"Marco Gonzales","SP","31","","L","$6,500,000 "," SEA"
"Daniel Hudson","RP/CL","36","","R","$6,500,000 "," LAD"
"Christian Walker","1B","32","R","","$6,500,000 "," ARI"
"Wilmer Flores","1B","31","R","","$6,500,000 "," SF"
"Aledmys Diaz","SS","32","R","","$6,500,000 "," OAK"
"David Peralta","LF","35","L","","$6,500,000 "," LAD"
"Alex Verdugo","RF","27","L","","$6,300,000 "," BOS"
"Jeff McNeil","2B","31","L","","$6,250,000 "," NYM"
"Luis Arraez","2B","26","L","","$6,100,000 "," MIA"
"Mike Yastrzemski","CF","32","L","","$6,100,000 "," SF"
"Sandy Alcantara","SP","27","","R","$6,000,000 "," MIA"
"Johnny Cueto","SP","37","","R","$6,000,000 "," MIA"
"Trevor Williams","SP","31","","R","$6,000,000 "," WSH"
"Mark Melancon","RP","38","","R","$6,000,000 "," ARI"
"Kirby Yates","RP","36","","R","$6,000,000 "," ATL"
"Chris Martin","RP","37","","R","$6,000,000 "," BOS"
"Trevor May","RP/CL","33","","R","$6,000,000 "," OAK"
"Jose Leclerc","RP","29","","R","$6,000,000 "," TEX"
"Yan Gomes","C","35","R","","$6,000,000 "," CHC"
"Yandy Diaz","1B","31","R","","$6,000,000 "," TB"
"Joe Wendle","3B","33","L","","$6,000,000 "," MIA"
"David Fletcher","SS","29","R","","$6,000,000 "," LAA"
"Isiah Kiner-Falefa","SS","28","R","","$6,000,000 "," NYY"
"Brad Keller","SP","27","","R","$5,775,000 "," KC"
"Tommy Kahnle","RP","33","","R","$5,750,000 "," NYY"
"Dylan Cease","SP","27","","R","$5,700,000 "," CHW"
"Zac Gallen","SP","27","","R","$5,600,000 "," ARI"
"Kyle Farmer","SS","32","R","","$5,585,000 "," MIN"
"Cal Quantrill","SP","28","","R","$5,500,000 "," CLE"
"Andrew Chafin","RP/CL","33","","L","$5,500,000 "," MIL"
"Elias Diaz","C","32","R","","$5,500,000 "," COL"
"Pablo Lopez","SP","27","","R","$5,450,000 "," MIN"
"Jack Flaherty","SP","27","","R","$5,400,000 "," BAL"
"Lourdes Gurriel Jr.","LF","29","R","","$5,400,000 "," ARI"
"Tyler Glasnow","SP","29","","R","$5,350,000 "," TB"
"Nick Pivetta","RP","30","","R","$5,350,000 "," BOS"
"Scott Barlow","RP/CL","30","","R","$5,300,000 "," SD"
"Will Smith","C","28","R","","$5,250,000 "," LAD"
"Brandon Lowe","2B","28","L","","$5,250,000 "," TB"
"Pierce Johnson","RP","32","","R","$5,000,000 "," ATL"
"Collin McHugh","RP","36","","R","$5,000,000 "," ATL"
"Kyle Tucker","RF","26","L","","$5,000,000 "," HOU"
"Andrew McCutchen","RF","36","R","","$5,000,000 "," PIT"
"Yimi Garcia","RP","32","","R","$5,000,000 "," TOR"
"Austin Hedges","C","30","R","","$5,000,000 "," TEX"
"Jeimer Candelario","3B","29","","","$5,000,000 "," CHC"
"Tommy Pham","LF","35","R","","$5,000,000 "," ARI"
"Mitch Haniger","LF","32","R","","$5,000,000 "," SF"
"Michael Harris","CF","22","","","$5,000,000 "," ATL"
"Rowdy Tellez","1B","28","L","","$4,950,000 "," MIL"
"Tyler O'Neill","LF","28","R","","$4,950,000 "," STL"
"Luis Urias","3B","26","R","","$4,700,000 "," BOS"
"Harrison Bader","CF","29","R","","$4,700,000 "," CIN"
"Ji-Man Choi","1B","32","","","$4,650,000 "," SD"
"Logan Webb","SP","26","","R","$4,600,000 "," SF"
"Jordan Romano","RP/CL","30","","R","$4,537,500 "," TOR"
"Brooks Raley","RP","35","","L","$4,500,000 "," NYM"
"Giovanny Gallegos","RP","31","","R","$4,500,000 "," STL"
"Michael Taylor","CF","32","R","","$4,500,000 "," MIN"
"Jace Peterson","3B","33","L","","$4,500,000 "," ARI"
"Austin Meadows","DH","28","L","","$4,300,000 "," DET"
"A.J. Minter","RP","29","","L","$4,287,500 "," ATL"
"Jake Cronenworth","1B","29","L","","$4,225,000 "," SD"
"J.D. Davis","3B","30","R","","$4,210,000 "," SF"
"Garrett Cooper","1B","32","R","","$4,200,000 "," SD"
"Tommy Edman","SS","28","","","$4,200,000 "," STL"
"Randy Arozarena","LF","28","R","","$4,150,000 "," TB"
"Paul Sewald","RP/CL","33","","R","$4,100,000 "," ARI"
"Lou Trivino","RP","31","","R","$4,100,000 "," NYY"
"Ty France","1B","28","R","","$4,100,000 "," SEA"
"Cedric Mullins","CF","28","","","$4,100,000 "," BAL"
"Nate Lowe","1B","27","L","","$4,050,000 "," TEX"
"James Paxton","SP","34","","L","$4,000,000 "," BOS"
"Michael Wacha","SP","32","","R","$4,000,000 "," SD"
"Jeffrey Springs","SP","30","","L","$4,000,000 "," TB"
"Michael Fulmer","RP","30","","R","$4,000,000 "," CHC"
"Julio Rodriguez","CF","22","R","","$4,000,000 "," SEA"
"Sean Murphy","C","28","R","","$4,000,000 "," ATL"
"Martin Maldonado","C","36","R","","$4,000,000 "," HOU"
"Brad Miller","2B","33","L","","$4,000,000 "," TEX"
"Evan Longoria","3B","37","R","","$4,000,000 "," ARI"
"Gregory Soto","RP","28","","L","$3,925,000 "," PHI"
"Mitch Garver","C","32","R","","$3,900,000 "," TEX"
"Aaron Bummer","RP","29","","L","$3,750,000 "," CHW"
"Aroldis Chapman","RP","35","","L","$3,750,000 "," TEX"
"Tony Kemp","2B","31","L","","$3,725,000 "," OAK"
"Nicky Lopez","3B","28","L","","$3,700,000 "," ATL"
"Pete Fairbanks","RP/CL","29","","R","$3,666,666 "," TB"
"Reynaldo Lopez","RP","29","","R","$3,625,000 "," CLE"
"Adrian Houser","SP","30","","R","$3,600,000 "," MIL"
"Ryne Stanek","RP","31","","R","$3,600,000 "," HOU"
"Ramon Laureano","OF","28","R","","$3,550,000 "," CLE"
"Wade Miley","SP","36","","L","$3,500,000 "," MIL"
"Freddy Peralta","SP","27","","R","$3,500,000 "," MIL"
"Miguel Castro","RP","28","","R","$3,500,000 "," ARI"
"Emilio Pagan","RP","32","","R","$3,500,000 "," MIN"
"Luis Garcia","RP","36","","R","$3,500,000 "," SD"
"Austin Barnes","C","33","R","","$3,500,000 "," LAD"
"Danny Jansen","C","28","R","","$3,500,000 "," TOR"
"Matt Carpenter","3B","37","L","","$3,500,000 "," SD"
"Miguel Rojas","SS","34","R","","$3,500,000 "," LAD"
"Jose Alvarado","RP/CL","28","","L","$3,450,000 "," PHI"
"Devin Williams","RP/CL","28","","R","$3,350,000 "," MIL"
"Wandy Peralta","RP","31","","L","$3,350,000 "," NYY"
"Jacob Stallings","C","33","R","","$3,350,000 "," MIA"
"Josh Naylor","1B","26","L","","$3,350,000 "," CLE"
"Clay Holmes","RP/CL","30","","R","$3,300,000 "," NYY"
"Anthony Gonsolin","SP","29","","R","$3,250,000 "," LAD"
"Shintaro Fujinami","RP","29","","","$3,250,000 "," BAL"
"Nestor Cortes","SP","28","","L","$3,200,000 "," NYY"
"Austin Hays","LF","27","R","","$3,200,000 "," BAL"
"Austin Slater","LF","30","R","","$3,200,000 "," SF"
"Trent Grisham","CF","26","L","","$3,175,000 "," SD"
"Vincent Velasquez","SP","31","","R","$3,150,000 "," PIT"
"Adam Cimber","RP","32","","R","$3,150,000 "," TOR"
"Daulton Varsho","LF","26","L","","$3,050,000 "," TOR"
"Adalberto Mondesi","SS","27","","","$3,045,000 "," BOS"
"Jose Urquidy","RP","28","","R","$3,025,000 "," HOU"
"Cristian Javier","SP","26","","R","$3,000,000 "," HOU"
"Kenta Maeda","SP","35","","R","$3,000,000 "," MIN"
"Drew Rucinski","SP","34","","R","$3,000,000 "," OAK"
"Brent Suter","RP","33","","L","$3,000,000 "," COL"
"Ryan Yarbrough","RP","31","","L","$3,000,000 "," LAD"
"Luke Jackson","RP","31","","R","$3,000,000 "," SF"
"Drew VerHagen","RP","32","","R","$3,000,000 "," STL"
"Evan White","1B","27","R","","$3,000,000 "," SEA"
"Elvis Andrus","SS","34","R","","$3,000,000 "," CHW"
"Kevin Pillar","LF","34","R","","$3,000,000 "," ATL"
"John Means","SP","30","","L","$2,975,000 "," BAL"
"Brady Singer","SP","26","","R","$2,950,000 "," KC"
"Ranger Suarez","SP","27","","L","$2,950,000 "," PHI"
"Bo Bichette","SS","25","R","","$2,850,000 "," TOR"
"Tanner Scott","RP","28","","L","$2,825,000 "," MIA"
"Michael Soroka","SP","25","","R","$2,800,000 "," ATL"
"Jake Junis","RP","30","","R","$2,800,000 "," SF"
"Chris Stratton","RP","32","","R","$2,800,000 "," TEX"
"Victor Caratini","C","29","","","$2,800,000 "," MIL"
"Cavan Biggio","2B","28","L","","$2,800,000 "," TOR"
"Joe Jimenez","RP","28","","R","$2,765,000 "," ATL"
"Patrick Sandoval","SP","26","","L","$2,750,000 "," LAA"
"Taylor Ward","LF","29","R","","$2,750,000 "," LAA"
"Brendan Rodgers","2B","26","R","","$2,700,000 "," COL"
"Dakota Hudson","SP","28","","R","$2,650,000 "," STL"
"Domingo German","SP","30","","R","$2,600,000 "," NYY"
"Aaron Civale","SP","28","","R","$2,600,000 "," TB"
"Josh Rojas","3B","29","L","","$2,575,000 "," SEA"
"Phil Maton","RP","30","","R","$2,550,000 "," HOU"
"Nico Hoerner","2B","26","R","","$2,525,000 "," CHC"
"Chris Paddack","SP","27","","R","$2,500,000 "," MIN"
"Scott McGough","RP","33","","R","$2,500,000 "," ARI"
"Seranthony Dominguez","RP","28","","R","$2,500,000 "," PHI"
"Jarlin Garcia","RP","30","","L","$2,500,000 "," PIT"
"Curt Casali","C","34","R","","$2,500,000 "," CIN"
"Roberto Perez","C","34","R","","$2,500,000 "," SF"
"Myles Straw","CF","28","R","","$2,500,000 "," CLE"
"Jesus Luzardo","SP","25","","L","$2,450,000 "," MIA"
"Mitch Keller","SP","27","","R","$2,437,500 "," PIT"
"Caleb Thielbar","RP","36","","L","$2,400,000 "," MIN"
"Jose Trevino","C","30","R","","$2,360,000 "," NYY"
"Victor Robles","CF","26","R","","$2,325,000 "," WSH"
"Kyle Finnegan","RP/CL","31","","R","$2,325,000 "," WSH"
"John Brebbia","RP","33","","R","$2,300,000 "," SF"
"Orlando Arcia","2B","28","R","","$2,300,000 "," ATL"
"Luis Rengifo","SS","26","","","$2,300,000 "," LAA"
"Jose Cisnero","RP","34","","R","$2,287,500 "," DET"
"JT Brubaker","SP","29","","R","$2,275,000 "," PIT"
"Jonathan Loaisiga","RP","28","","R","$2,262,500 "," NYY"
"Chad Green","RP","32","","R","$2,250,000 "," TOR"
"C.J. Edwards","RP","31","","R","$2,250,000 "," WSH"
"Thairo Estrada","2B","27","R","","$2,250,000 "," SF"
"Kris Bubic","SP","25","","L","$2,200,000 "," KC"
"Lane Thomas","RF","27","R","","$2,200,000 "," WSH"
"Harold Ramirez","RF","28","R","","$2,200,000 "," TB"
"Ryan Helsley","RP/CL","28","","R","$2,150,000 "," STL"
"Tim Mayza","RP","31","","L","$2,100,000 "," TOR"
"Santiago Espinal","3B","28","R","","$2,100,000 "," TOR"
"Jon Berti","SS","33","R","","$2,100,000 "," MIA"
"Andrew Kittredge","RP","33","","R","$2,075,000 "," TB"
"Michael Kopech","SP","27","","R","$2,050,000 "," CHW"
"Brad Boxberger","RP","35","","R","$2,000,000 "," CHC"
"Dominic Smith","1B","28","L","","$2,000,000 "," WSH"
"Donovan Solano","2B","35","R","","$2,000,000 "," MIN"
"Dylan Moore","2B","30","R","","$2,000,000 "," SEA"
"Jorge Mateo","SS","28","R","","$2,000,000 "," BAL"
"Robbie Grossman","RF","33","","","$2,000,000 "," TEX"
"Wander Franco","SS","22","","","$2,000,000 "," TB"
"Nick Senzel","CF","28","R","","$1,950,000 "," CIN"
"Paul Blackburn","SP","29","","R","$1,900,000 "," OAK"
"Tyler Alexander","RP","28","","L","$1,875,000 "," DET"
"Tim Hill","RP","33","","L","$1,850,000 "," SD"
"Jordan Hicks","RP","26","","R","$1,837,500 "," TOR"
"Willi Castro","SS","26","","","$1,800,000 "," MIN"
"Jason Adam","RP","31","","R","$1,775,000 "," TB"
"Buck Farmer","RP","32","","R","$1,750,000 "," CIN"
"Robert Stephenson","RP","30","","R","$1,750,000 "," TB"
"Dustin May","SP","25","","R","$1,675,000 "," LAD"
"Tyler Rogers","RP","32","","R","$1,675,000 "," SF"
"Austin Gomber","SP","29","","L","$1,650,000 "," COL"
"Tom Murphy","C","32","R","","$1,625,000 "," SEA"
"Elieser Hernandez","RP","28","","R","$1,600,000 "," NYM"
"Luis Guillorme","SS","28","L","","$1,600,000 "," NYM"
"Miguel Andujar","3B","28","R","","$1,525,000 "," PIT"
"Brad Hand","RP","33","","L","$1,500,000 "," ATL"
"Dillon Tate","RP","29","","R","$1,500,000 "," BAL"
"Joely Rodriguez","RP","31","","L","$1,500,000 "," BOS"
"Emmanuel Clase","RP/CL","25","","R","$1,500,000 "," CLE"
"James Karinchak","RP","27","","R","$1,500,000 "," CLE"
"Yency Almonte","RP","29","","R","$1,500,000 "," LAD"
"Shelby Miller","RP","32","","R","$1,500,000 "," LAD"
"Andres Munoz","RP","24","","R","$1,500,000 "," SEA"
"Will Smith","RP/CL","33","","L","$1,500,000 "," TEX"
"Trevor Richards","RP","30","","R","$1,500,000 "," TOR"
"Tanner Rainey","RP","30","","R","$1,500,000 "," WSH"
"Gary Sanchez","C","30","R","","$1,500,000 "," SD"
"Matt Duffy","3B","32","R","","$1,500,000 "," KC"
"Dan Vogelbach","DH","30","L","","$1,500,000 "," NYM"
"Kyle Higashioka","C","33","R","","$1,462,500 "," NYY"
"Trayce Thompson","CF","32","R","","$1,450,000 "," CHW"
"Jordan Luplow","RF","29","R","","$1,400,000 "," MIN"
"Tim Locastro","OF","30","R","","$1,400,000 "," NYM"
"Ryan O'Hearn","1B","29","L","","$1,400,000 "," BAL"
"Mauricio Dubon","2B","28","R","","$1,400,000 "," HOU"
"LaMonte Wade Jr.","LF","29","L","","$1,375,000 "," SF"
"Trevor Stephan","RP","27","","R","$1,350,000 "," CLE"
"Christian Bethancourt","C","31","R","","$1,350,000 "," TB"
"Michael King","SP","28","","R","$1,300,000 "," NYY"
"Evan Phillips","RP/CL","28","","R","$1,300,000 "," LAD"
"Drew Smith","RP","29","","R","$1,300,000 "," NYM"
"Jeff Hoffman","RP","30","","R","$1,300,000 "," PHI"
"Harold Castro","3B","29","L","","$1,300,000 "," COL"
"Yonny Chirinos","RP","29","","R","$1,275,000 "," ATL"
"Brett Martin","RP","28","","L","$1,275,000 "," TEX"
"Lucas Sims","RP","29","","R","$1,267,500 "," CIN"
"Erik Swanson","RP","29","","R","$1,250,000 "," TOR"
"Cam Gallagher","C","30","R","","$1,250,000 "," CLE"
"Yulieski Gurriel","1B","39","R","","$1,250,000 "," MIA"
"Travis Jankowski","LF","32","L","","$1,250,000 "," TEX"
"Brusdar Graterol","RP","24","","R","$1,225,000 "," LAD"
"Reese McGuire","C","28","L","","$1,225,000 "," BOS"
"Nick Madrigal","2B","26","R","","$1,225,000 "," CHC"
"Rob Refsnyder","RF","32","R","","$1,200,000 "," BOS"
"Jesse Chavez","RP","39","","R","$1,200,000 "," ATL"
"Tyler Matzek","RP","32","","L","$1,200,000 "," ATL"
"Tyler Kinley","RP","32","","R","$1,200,000 "," COL"
"Jimmy Nelson","RP","34","","R","$1,200,000 "," LAD"
"Trevor Gott","RP","30","","R","$1,200,000 "," NYM"
"Brett Phillips","RF","29","L","","$1,200,000 "," LAA"
"Shawn Armstrong","RP","32","","R","$1,200,000 "," TB"
"Colin Poche","RP","29","","L","$1,175,000 "," TB"
"Luke Maile","C","32","R","","$1,175,000 "," CIN"
"Alex Young","RP","29","","L","$1,150,000 "," CIN"
"Taylor Clarke","RP","30","","R","$1,150,000 "," KC"
"Scott Alexander","RP","33","","L","$1,150,000 "," SF"
"Ty Blach","SP","32","","L","$1,100,000 "," COL"
"Caleb Ferguson","RP","26","","L","$1,100,000 "," LAD"
"Alex Reyes","RP","28","","R","$1,100,000 "," LAD"
"Andrew Knizner","C","28","R","","$1,100,000 "," STL"
"Jaime Barria","RP","26","","R","$1,050,000 "," LAA"
"Josh Staumont","RP","29","","R","$1,025,000 "," KC"
"Josh Taylor","RP","30","","L","$1,025,000 "," KC"
"Hoby Milner","RP","32","","L","$1,025,000 "," MIL"
"Spencer Strider","SP","24","","R","$1,000,000 "," ATL"
"Corbin Carroll","RF","22","L","","$1,000,000 "," ARI"
"Garrett Whitlock","SP","27","","R","$1,000,000 "," BOS"
"Hunter Greene","SP","23","","R","$1,000,000 "," CIN"
"Aaron Ashby","SP","25","","L","$1,000,000 "," MIL"
"Daniel Coulombe","RP","33","","L","$1,000,000 "," BAL"
"Derek Law","RP","32","","R","$1,000,000 "," CIN"
"Trey Wingenter","RP","29","","R","$1,000,000 "," DET"
"Justin Wilson","RP","35","","L","$1,000,000 "," MIL"
"Trent Thornton","RP","29","","R","$1,000,000 "," SEA"
"Keibert Ruiz","C","24","","","$1,000,000 "," WSH"
"Andres Gimenez","2B","24","L","","$1,000,000 "," CLE"
"Danny Mendick","2B","29","R","","$1,000,000 "," NYM"
"Michael Chavis","2B","27","R","","$1,000,000 "," WSH"
"Jonathan Hernandez","RP","26","","R","$995,000 "," TEX"
"Ildemaro Vargas","2B","31","","","$975,000 "," WSH"
"Genesis Cabrera","RP","26","","L","$950,000 "," TOR"
"Edmundo Sosa","3B","27","R","","$950,000 "," PHI"
"Jake Cave","LF","30","L","","$950,000 "," PHI"
"Victor Arano","RP","28","","R","$925,000 "," WSH"
"Justin Dunn","SP","27","","R","$900,000 "," CIN"
"Nick Anderson","RP","32","","R","$875,000 "," ATL"
"Hunter Harvey","RP","28","","R","$870,000 "," WSH"
"Griffin Canning","SP","27","","R","$850,000 "," LAA"
"Mark Leiter Jr.","RP/CL","32","","R","$850,000 "," CHC"
"Jake Brentz","RP","28","","L","$850,000 "," KC"
"J.T. Chargois","RP","32","","R","$850,000 "," MIA"
"Keynan Middleton","RP","29","","R","$800,000 "," NYY"
"Jorge Alcala","RP","27","","R","$790,000 "," MIN"
"Codi Heuer","RP","26","","R","$785,000 "," CHC"
"Peter Lambert","SP","26","","R","$775,000 "," COL"
"John Curtiss","RP","30","","R","$775,000 "," NYM"
"Tejay Antone","RP","29","","R","$770,000 "," CIN"
"Logan Gilbert","SP","26","","R","$767,300 "," SEA"
"Alejandro Kirk","C","24","R","","$767,300 "," TOR"
"Luis Garcia","SP","26","","R","$763,200 "," HOU"
"Patrick Wisdom","3B","31","R","","$763,000 "," CHC"
"Andrew Vaughn","1B","25","R","","$760,000 "," CHW"
"Jonathan India","2B","26","R","","$760,000 "," CIN"
"George Kirby","SP","25","","R","$758,300 "," SEA"
"Cal Raleigh","C","26","","","$758,300 "," SEA"
"Joe Mantiply","RP","32","","L","$756,000 "," ARI"
"Jeremy Pena","SS","25","R","","$754,900 "," HOU"
"Chas McCormick","CF","28","R","","$752,500 "," HOU"
"Trevor Rogers","SP","25","","L","$752,000 "," MIA"
"Kolby Allard","SP","25","","L","$750,000 "," ATL"
"Kyle Wright","SP","27","","R","$750,000 "," ATL"
"Huascar Ynoa","SP","25","","R","$750,000 "," ATL"
"Jose Suarez","SP","25","","L","$750,000 "," LAA"
"Colin Rea","SP","32","","R","$750,000 "," MIL"
"Tylor Megill","SP","27","","R","$750,000 "," NYM"
"David Peterson","SP","27","","L","$750,000 "," NYM"
"Denyi Reyes","SP","26","","R","$750,000 "," NYM"
"Pavin Smith","OF","27","L","","$750,000 "," ARI"
"Michael Tonkin","RP","33","","R","$750,000 "," ATL"
"John Schreiber","RP","29","","R","$750,000 "," BOS"
"Enyel De Los Santos","RP","27","","R","$750,000 "," CLE"
"Jimmy Herget","RP","29","","R","$750,000 "," LAA"
"Jose Quijada","RP","27","","L","$750,000 "," LAA"
"J.P. Feyereisen","RP","30","","R","$750,000 "," LAD"
"Alex Vesia","RP","27","","L","$750,000 "," LAD"
"Camilo Doval","RP/CL","25","","R","$750,000 "," SF"
"Dominic Leone","RP","31","","R","$750,000 "," SEA"
"Gavin Lux","2B","25","L","","$750,000 "," LAD"
"Mark Mathias","2B","28","R","","$750,000 "," SF"
"Sam Hilliard","CF","29","L","","$750,000 "," ATL"
"Jazz Chisholm","CF","25","L","","$749,500 "," MIA"
"Alec Bohm","1B","26","R","","$748,000 "," PHI"
"Adolis Garcia","RF","30","R","","$747,760 "," TEX"
"Kevin Ginkel","RP","29","","R","$746,600 "," ARI"
"Bobby Witt Jr.","SS","23","R","","$745,750 "," KC"
"Jonah Heim","C","28","","","$745,660 "," TEX"
"Bryan Abreu","RP","26","","R","$745,200 "," HOU"
"Nick Nelson","RP","27","","R","$745,000 "," PHI"
"David Bednar","RP/CL","28","","R","$745,000 "," PIT"
"Adbert Alzolay","RP","28","","R","$744,750 "," CHC"
"Tarik Skubal","SP","26","","L","$743,700 "," DET"
"Dane Dunning","SP","28","","R","$742,840 "," TEX"
"Brock Burke","RP","26","","L","$742,840 "," TEX"
"Scott Effross","RP","29","","R","$742,750 "," NYY"
"Oswaldo Cabrera","LF","24","","","$742,750 "," NYY"
"Dylan Carlson","CF","24","","","$742,400 "," STL"
"Ryan Jeffers","C","26","R","","$741,650 "," MIN"
"Garrett Stubbs","C","30","L","","$741,000 "," PHI"
"Edward Olivares","LF","27","R","","$740,750 "," KC"
"Clarke Schmidt","SP","27","","R","$740,475 "," NYY"
"Tanner Houck","SP","27","","R","$740,000 "," BOS"
"Justin Steele","SP","27","","L","$740,000 "," CHC"
"Reid Detmers","SP","23","","L","$740,000 "," LAA"
"Chris Rodriguez","SP","24","","R","$740,000 "," LAA"
"Jackson Stephens","RP","29","","R","$740,000 "," ATL"
"Tucker Davidson","RP","27","","L","$740,000 "," KC"
"Andrew Wantz","RP","27","","R","$740,000 "," LAA"
"Phil Bickford","RP","27","","R","$740,000 "," NYM"
"Tyler Stephenson","C","26","R","","$740,000 "," CIN"
"Matt Thaiss","C","28","L","","$740,000 "," LAA"
"Carlos Perez","C","32","R","","$740,000 "," OAK"
"Jake Fraley","RF","28","L","","$740,000 "," CIN"
"Drew Rasmussen","SP","27","","R","$739,700 "," TB"
"Triston McKenzie","SP","25","","R","$739,500 "," CLE"
"Steven Okert","RP","31","","L","$739,000 "," MIA"
"William Contreras","C","25","R","","$739,000 "," MIL"
"Albert Abreu","RP","27","","R","$738,700 "," NYY"
"Geraldo Perdomo","SS","23","","","$738,600 "," ARI"
"Anthony Bender","RP","28","","R","$738,500 "," MIA"
"Ryan Mountcastle","1B","26","R","","$738,400 "," BAL"
"Jesus Sanchez","CF","25","","","$738,000 "," MIA"
"Cole Irvin","RP","29","","L","$737,600 "," BAL"
"Shane McClanahan","SP","26","","L","$737,000 "," TB"
"Julian Merryweather","RP","31","","R","$737,000 "," CHC"
"A.J. Puk","RP/CL","28","","L","$736,000 "," MIA"
"Bryan De La Cruz","LF","26","R","","$736,000 "," MIA"
"Alex Kirilloff","1B","25","L","","$735,650 "," MIN"
"Nick Gordon","SS","27","L","","$735,400 "," MIN"
"Tyrone Taylor","RF","29","R","","$735,400 "," MIL"
"Alek Thomas","CF","23","L","","$735,200 "," ARI"
"Johan Oviedo","SP","25","","R","$735,000 "," PIT"
"Jimmy Lambert","RP","28","","R","$735,000 "," CHW"
"Isaac Paredes","3B","24","R","","$735,000 "," TB"
"Gavin Sheets","OF","27","L","","$735,000 "," CHW"
"Connor Joe","LF","30","R","","$735,000 "," PIT"
"Ramon Urias","3B","29","R","","$734,700 "," BAL"
"Brandon Marsh","CF","25","L","","$734,500 "," PHI"
"Zach McKinstry","2B","28","L","","$734,500 "," DET"
"Bryson Stott","2B","25","L","","$734,500 "," PHI"
"Casey Mize","SP","26","","R","$734,200 "," DET"
"Matt Foster","RP","28","","R","$734,000 "," CHW"
"Adley Rutschman","C","25","R","","$733,900 "," BAL"
"Trevor Larnach","OF","26","L","","$733,650 "," MIN"
"Josh Sborz","RP","29","","R","$733,450 "," TEX"
"Leodys Taveras","CF","24","","","$733,445 "," TEX"
"Carter Kieboom","3B","25","R","","$733,400 "," WSH"
"Griffin Jax","RP","28","","R","$733,150 "," MIN"
"Bailey Falter","SP","26","","L","$733,000 "," PIT"
"Garrett Crochet","RP","24","","L","$733,000 "," CHW"
"Bryse Wilson","RP","25","","R","$732,600 "," MIL"
"Triston Casas","1B","23","","","$732,500 "," BOS"
"Tyler Wells","SP","28","","R","$732,400 "," BAL"
"Lars Nootbaar","CF","25","L","","$732,400 "," STL"
"Cionel Perez","RP","27","","L","$732,300 "," BAL"
"Braxton Garrett","SP","25","","L","$732,000 "," MIA"
"Seby Zavala","C","29","R","","$732,000 "," ARI"
"Jake Meyers","CF","27","R","","$732,000 "," HOU"
"Felix Bautista","RP/CL","28","","R","$731,800 "," BAL"
"Jose Siri","CF","27","R","","$731,600 "," TB"
"Dean Kremer","SP","27","","R","$731,200 "," BAL"
"Keegan Akin","RP","28","","L","$731,100 "," BAL"
"Edward Cabrera","SP","25","","R","$731,000 "," MIA"
"Joel Payamps","RP","29","","R","$730,500 "," MIL"
"Daniel Lynch","SP","26","","L","$730,250 "," KC"
"Joe Ryan","SP","27","","R","$730,250 "," MIN"
"Carlos Hernandez","RP","26","","R","$730,250 "," KC"
"Sam Hentges","RP","26","","L","$730,200 "," CLE"
"Seth Martinez","RP","28","","R","$730,200 "," HOU"
"Kutter Crawford","SP","27","","R","$730,000 "," BOS"
"Vladimir Gutierrez","SP","27","","R","$730,000 "," CIN"
"Nick Lodolo","SP","25","","","$730,000 "," CIN"
"Connor Overton","SP","29","","R","$730,000 "," CIN"
"James Kaprielian","SP","29","","R","$730,000 "," OAK"
"Josiah Gray","SP","25","","R","$730,000 "," WSH"
"Dylan Lee","RP","28","","L","$730,000 "," ATL"
"Alexis Diaz","RP/CL","26","","R","$730,000 "," CIN"
"Ian Gibaut","RP","29","","R","$730,000 "," CIN"
"Davis Daniel","RP","26","","","$730,000 "," LAA"
"Logan O'Hoppe","C","23","","","$730,000 "," LAA"
"Nick Fortes","C","26","R","","$730,000 "," MIA"
"Ben Rortvedt","C","25","L","","$730,000 "," NYY"
"Luis Garcia","2B","23","L","","$730,000 "," WSH"
"Seth Brown","LF","30","L","","$730,000 "," OAK"
"Brayan Bello","SP","24","","R","$729,500 "," BOS"
"Tommy Nance","RP","32","","R","$729,500 "," MIA"
"Jarred Kelenic","LF","23","L","","$729,400 "," SEA"
"Matt Manning","SP","25","","R","$729,200 "," DET"
"Bryan Baker","RP","28","","R","$729,000 "," BAL"
"Kyle Nelson","RP","26","","L","$728,900 "," ARI"
"Riley Adams","C","27","R","","$728,800 "," WSH"
"Packy Naughton","RP","27","","L","$728,750 "," STL"
"Andre Pallante","RP","24","","","$728,600 "," STL"
"Brendan Donovan","2B","26","L","","$728,600 "," STL"
"Corbin Martin","RP","27","","R","$728,400 "," ARI"
"Kyle Bradish","SP","26","","R","$728,100 "," BAL"
"Brandon Hughes","RP","27","","","$728,000 "," CHC"
"Jose Miranda","SS","25","R","","$727,850 "," MIN"
"Riley Greene","CF","22","L","","$727,800 "," DET"
"Ryan Weathers","SP","23","","L","$727,600 "," MIA"
"Taylor Walls","SS","26","","","$727,600 "," TB"
"Kyle Isbel","CF","26","L","","$727,500 "," KC"
"Wyatt Mills","RP","28","","R","$727,500 "," BOS"
"Nick Pratto","1B","24","L","","$727,500 "," KC"
"Steven Kwan","LF","25","L","","$727,300 "," CLE"
"Matt Vierling","RF","26","R","","$727,100 "," DET"
"Royce Lewis","SS","24","R","","$727,100 "," MIN"
"Josh H. Smith","SS","25","","","$727,095 "," TEX"
"Eli Morgan","RP","27","","R","$727,000 "," CLE"
"Penn Murfee","RP","29","","","$727,000 "," SEA"
"Nolan Gorman","3B","23","","","$726,950 "," STL"
"Sam Haggerty","2B","29","","","$726,600 "," SEA"
"MJ Melendez","RF","24","L","","$726,500 "," KC"
"Steven Wilson","RP","28","","R","$726,400 "," SD"
"Jason Foley","RP","27","","R","$726,200 "," DET"
"Jovani Moran","RP","26","","L","$726,200 "," MIN"
"Jose Cuas","RP","29","","","$726,000 "," CHC"
"Nick Sandlin","RP","26","","R","$726,000 "," CLE"
"Alex Lange","RP/CL","27","","R","$726,000 "," DET"
"Jake Rogers","C","28","R","","$726,000 "," DET"
"Matt Brash","RP","25","","R","$725,800 "," SEA"
"Vinnie Pasquantino","1B","25","","","$725,500 "," KC"
"Garrett Cleavinger","RP","29","","L","$725,100 "," TB"
"Ryan Rolison","SP","25","","L","$725,000 "," COL"
"Hunter Brown","SP","24","","","$725,000 "," HOU"
"Cristopher Sanchez","SP","26","","L","$725,000 "," PHI"
"Jack Suwinski","CF","24","L","","$725,000 "," PIT"
"Sam Moll","RP","31","","L","$725,000 "," CIN"
"Lucas Gilbreath","RP","27","","L","$725,000 "," COL"
"Zach Jackson","RP","28","","","$725,000 "," OAK"
"Dany Jimenez","RP","29","","R","$725,000 "," OAK"
"Colin Holderman","RP","27","","","$725,000 "," PIT"
"Dauri Moreta","RP","27","","R","$725,000 "," PIT"
"Zack Thompson","RP","25","","L","$725,000 "," STL"
"Ji-Hwan Bae","2B","23","L","","$725,000 "," PIT"
"Brent Rooker","LF","28","R","","$725,000 "," OAK"
"Beau Brieske","RP","25","","","$724,400 "," DET"
"Garrett Mitchell","OF","24","","","$724,300 "," MIL"
"CJ Abrams","SS","22","L","","$724,200 "," WSH"
"Ezequiel Duran","2B","24","R","","$724,170 "," TEX"
"Cole Ragans","RP","25","","","$724,145 "," KC"
"Huascar Brazoban","RP","33","","","$724,000 "," MIA"
"Thomas Szapucki","RP","27","","L","$723,750 "," SF"
"Jose Azocar","OF","27","","","$723,700 "," SD"
"Kerry Carpenter","LF","25","","","$723,700 "," DET"
"Drey Jameson","SP","25","","R","$723,600 "," ARI"
"Shane Baz","SP","24","","R","$723,600 "," TB"
"Zack Kelly","RP","28","","","$723,500 "," BOS"
"Andrew Vasquez","RP","29","","L","$723,500 "," DET"
"Luis Gil","SP","25","","R","$723,400 "," NYY"
"MacKenzie Gore","SP","24","","L","$723,300 "," WSH"
"Joey Meneses","1B","31","","","$723,300 "," WSH"
"Josh Lowe","RF","25","L","","$723,200 "," TB"
"Gunnar Henderson","SS","22","","","$723,200 "," BAL"
"Spencer Torkelson","1B","23","R","","$723,100 "," DET"
"Andrew Nardi","RP","24","","","$723,000 "," MIA"
"Romy Gonzalez","2B","26","R","","$723,000 "," CHW"
"Tyler Nevin","3B","26","R","","$723,000 "," DET"
"Michael Massey","2B","25","","","$722,850 "," KC"
"Ryne Nelson","SP","25","","R","$722,700 "," ARI"
"Luis Campusano","C","24","R","","$722,700 "," SD"
"Oscar Gonzalez","OF","25","","","$722,600 "," CLE"
"Graham Ashcraft","SP","25","","","$722,500 "," CIN"
"Michael Grove","SP","26","","","$722,500 "," LAD"
"Ryan Pepiot","SP","25","","","$722,500 "," LAD"
"Andre Jackson","SP","27","","R","$722,500 "," PIT"
"Bryce Montes de Oca","RP","27","","","$722,500 "," NYM"
"Stuart Fairchild","OF","27","R","","$722,500 "," CIN"
"Gabriel Moreno","C","23","R","","$722,500 "," ARI"
"James Outman","CF","26","L","","$722,500 "," LAD"
"T.J. Friedl","LF","27","L","","$722,500 "," CIN"
"Drew Waters","OF","24","","","$722,400 "," KC"
"Garrett Hill","RP","27","","","$722,300 "," DET"
"Luke Raley","CF","28","L","","$722,300 "," TB"
"Terrin Vavra","SS","26","L","","$722,100 "," BAL"
"Ryan Feltner","SP","26","","R","$722,000 "," COL"
"Kaleb Ort","RP","31","","","$722,000 "," BOS"
"Josh Winckowski","RP","25","","R","$722,000 "," BOS"
"Jake Bird","RP","27","","","$722,000 "," COL"
"Justin Lawrence","RP/CL","28","","R","$722,000 "," COL"
"Connor Seabold","RP","27","","R","$722,000 "," COL"
"Connor Wong","C","27","R","","$722,000 "," BOS"
"Sean Bouchard","1B","27","","","$722,000 "," COL"
"Alan Trejo","2B","27","R","","$722,000 "," COL"
"Elehuris Montero","3B","24","R","","$722,000 "," COL"
"Ezequiel Tovar","SS","21","R","","$722,000 "," COL"
"Alex Call","LF","28","","","$721,800 "," WSH"
"Javier Assad","SP","25","","","$721,500 "," CHC"
"Max Meyer","SP","24","","R","$721,500 "," MIA"
"Calvin Faucher","RP","27","","R","$721,500 "," TB"
"Josh Jung","3B","25","R","","$721,485 "," TEX"
"Alec Burleson","RF","24","","","$721,450 "," STL"
"Angel Zerpa","RP","23","","L","$721,400 "," KC"
"Akil Baddoo","LF","24","L","","$721,300 "," DET"
"Ethan Roberts","RP","25","","R","$721,000 "," CHC"
"Miles Mastrobuoni","LF","27","","","$720,500 "," CHC"
"Wilking Rodriguez","RP","33","","R","$720,400 "," STL"
"Eguy Rosario","SS","23","R","","$720,400 "," SD"
"Yainer Diaz","C","24","","","$720,300 "," HOU"
"Cade Cavalli","SP","24","","R","$720,200 "," WSH"
"Xzavion Curry","SP","24","","","$720,100 "," CLE"
"Will Brennan","RF","25","","","$720,100 "," CLE"
"Gabriel Arias","SS","23","R","","$720,100 "," CLE"
"Tommy Henry","SP","25","","L","$720,000 "," ARI"
"Brandon Pfaadt","SP","24","","","$720,000 "," ARI"
"Jesse Scholtens","SP","29","","","$720,000 "," CHW"
"J.J. Bleday","OF","25","L","","$720,000 "," OAK"
"Andrew Abbott","SP","24","","","$720,000 "," CIN"
"Ben Lively","SP","31","","R","$720,000 "," CIN"
"Ceddanne Rafaela","OF","22","","","$720,000 "," BOS"
"Logan Allen","SP","24","","","$720,000 "," CLE"
"Tanner Bibee","SP","24","","","$720,000 "," CLE"
"Chase Anderson","SP","35","","R","$720,000 "," COL"
"Chris Flexen","SP","28","","R","$720,000 "," COL"
"Karl Kauffmann","SP","25","","","$720,000 "," COL"
"Alex Faedo","SP","27","","R","$720,000 "," DET"
"Reese Olson","SP","23","","","$720,000 "," DET"
"J.P. France","SP","28","","","$720,000 "," HOU"
"Jonathan Bowlan","SP","26","","R","$720,000 "," KC"
"Alec Marsh","SP","25","","","$720,000 "," KC"
"Anthony Veneziano","SP","25","","","$720,000 "," KC"
"Jo Adell","RF","24","R","","$720,000 "," LAA"
"Bobby Miller","SP","24","","","$720,000 "," LAD"
"Emmet Sheehan","SP","23","","","$720,000 "," LAD"
"Eury Perez","SP","20","","","$720,000 "," MIA"
"Janson Junk","SP","27","","R","$720,000 "," MIL"
"Matt Canterino","SP","25","","","$720,000 "," MIN"
"Dallas Keuchel","SP","35","","L","$720,000 "," MIN"
"Bailey Ober","SP","27","","R","$720,000 "," MIN"
"Jose Butto","SP","25","","R","$720,000 "," NYM"
"Joe Boyle","SP","23","","","$720,000 "," OAK"
"Joey Estes","SP","21","","","$720,000 "," OAK"
"Jake Marisnick","CF","32","R","","$720,000 "," LAD"
"Pedro Avila","SP","26","","R","$720,000 "," SD"
"Reiss Knehr","SP","26","","R","$720,000 "," SD"
"Kyle Harrison","SP","21","","","$720,000 "," SF"
"Easton McGee","SP","25","","R","$720,000 "," SEA"
"Bryce Miller","SP","24","","","$720,000 "," SEA"
"Bryan Woo","SP","23","","","$720,000 "," SEA"
"Matthew Liberatore","SP","23","","","$720,000 "," STL"
"Drew Rom","SP","23","","","$720,000 "," STL"
"Jasson Dominguez","OF","20","","","$720,000 "," NYY"
"Cory Abbott","SP","27","","R","$720,000 "," WSH"
"Joan Adon","SP","24","","R","$720,000 "," WSH"
"Jake Irvin","SP","26","","R","$720,000 "," WSH"
"Jackson Rutledge","SP","24","","R","$720,000 "," WSH"
"Luis Frias","RP","25","","R","$720,000 "," ARI"
"Bryce Jarvis","RP","25","","R","$720,000 "," ARI"
"Justin Martinez","RP","21","","","$720,000 "," ARI"
"Andrew Saalfrank","RP","25","","","$720,000 "," ARI"
"Ryan Thompson","RP","31","","R","$720,000 "," ARI"
"Dominic Fletcher","OF","25","L","","$720,000 "," ARI"
"Mauricio Llovera","RP","27","","R","$720,000 "," BOS"
"Chris Murphy","RP","25","","","$720,000 "," BOS"
"Nick Robertson","RP","24","","","$720,000 "," BOS"
"Will Benson","OF","25","","","$720,000 "," CIN"
"Tanner Banks","RP","31","","","$720,000 "," CHW"
"Declan Cronin","RP","25","","","$720,000 "," CHW"
"Deivi Garcia","RP","24","","R","$720,000 "," CHW"
"Luis Patino","RP","23","","R","$720,000 "," CHW"
"Sammy Peralta","RP","25","","","$720,000 "," CHW"
"Yohan Ramirez","RP","28","","R","$720,000 "," CHW"
"Lane Ramsey","RP","26","","","$720,000 "," CHW"
"Gregory Santos","RP","23","","R","$720,000 "," CHW"
"Bryan Shaw","RP","35","","R","$720,000 "," CHW"
"Alan Busenitz","RP","32","","R","$720,000 "," CIN"
"Fernando Cruz","RP","33","","","$720,000 "," CIN"
"Daniel Duarte","RP","26","","R","$720,000 "," CIN"
"Matt Wallner","RF","25","","","$720,000 "," MIN"
"Tommy Doyle","RP","27","","R","$720,000 "," COL"
"Gavin Hollowell","RP","25","","","$720,000 "," COL"
"Matt Koch","RP","32","","R","$720,000 "," COL"
"Nick Mears","RP","26","","R","$720,000 "," COL"
"Victor Vodnik","RP","23","","","$720,000 "," COL"
"Miguel Diaz","RP","28","","R","$720,000 "," DET"
"Mason Englert","RP","23","","","$720,000 "," DET"
"Brenan Hanifee","RP","25","","","$720,000 "," DET"
"Tyler Holton","RP","27","","","$720,000 "," DET"
"Freddy Pacheco","RP","25","","R","$720,000 "," DET"
"Will Vest","RP","28","","R","$720,000 "," DET"
"Billy McKinney","OF","28","L","","$720,000 "," NYY"
"Austin Cox","RP","26","","L","$720,000 "," KC"
"Steven Cruz","RP","0","","","$720,000 "," KC"
"Jackson Kowar","RP","26","","R","$720,000 "," KC"
"James McArthur","RP","26","","R","$720,000 "," KC"
"John McMillon","RP","25","","","$720,000 "," KC"
"Collin Snider","RP","27","","R","$720,000 "," KC"
"Blake Rutherford","OF","26","L","","$720,000 "," WSH"
"Ryan Brasier","RP","35","","R","$720,000 "," LAD"
"Tyler Cyr","RP","30","","R","$720,000 "," LAD"
"Victor Gonzalez","RP","27","","L","$720,000 "," LAD"
"Gus Varland","RP","26","","","$720,000 "," LAD"
"Bryan Hoeing","RP","26","","","$720,000 "," MIA"
"George Soriano","RP","24","","","$720,000 "," MIA"
"J.B. Bukauskas","RP","26","","R","$720,000 "," MIL"
"Trevor Megill","RP","29","","R","$720,000 "," MIL"
"Jean Carlos Mejia","RP","26","","R","$720,000 "," MIL"
"Elvis Peguero","RP","26","","R","$720,000 "," MIL"
"Abner Uribe","RP","23","","","$720,000 "," MIL"
"Thyago Vieira","RP","30","","R","$720,000 "," MIL"
"Jose De Leon","RP","30","","R","$720,000 "," MIN"
"Jhoan Duran","RP/CL","25","","R","$720,000 "," MIN"
"Kody Funderburk","RP","26","","","$720,000 "," MIN"
"Oliver Ortega","RP","26","","R","$720,000 "," MIN"
"Brock Stewart","RP","31","","R","$720,000 "," MIN"
"Louie Varland","RP","25","","","$720,000 "," MIN"
"Reed Garrett","RP","30","","R","$720,000 "," NYM"
"Grant Hartwig","RP","25","","","$720,000 "," NYM"
"Anthony Kay","RP","28","","L","$720,000 "," NYM"
"Evan Carter","OF","20","","","$720,000 "," TEX"
"Matthew Bowman","RP","32","","R","$720,000 "," NYY"
"Jhony Brito","RP","25","","","$720,000 "," NYY"
"Jimmy Cordero","RP","31","","R","$720,000 "," NYY"
"Ian Hamilton","RP","28","","R","$720,000 "," NYY"
"Zach McAllister","RP","35","","R","$720,000 "," NYY"
"Anthony Misiewicz","RP","28","","L","$720,000 "," NYY"
"Nick Ramirez","RP","33","","L","$720,000 "," NYY"
"Luke Weaver","RP","29","","R","$720,000 "," NYY"
"Ryan Weber","RP","32","","R","$720,000 "," NYY"
"Greg Weissert","RP","28","","","$720,000 "," NYY"
"Lucas Erceg","RP","28","","R","$720,000 "," OAK"
"Angel Felipe","RP","25","","","$720,000 "," OAK"
"Forrest Wall","OF","27","L","","$720,000 "," ATL"
"Dylan Covey","RP","31","","R","$720,000 "," PHI"
"Orion Kerkering","RP","22","","","$720,000 "," PHI"
"Erich Uelmen","RP","27","","","$720,000 "," PHI"
"Estevan Florial","OF","25","L","","$720,000 "," NYY"
"Dairon Blanco","OF","30","","","$720,000 "," KC"
"Mike Siani","OF","23","","","$720,000 "," STL"
"Jonathan Davis","CF","31","R","","$720,000 "," MIA"
"Drew Carlton","RP","27","","R","$720,000 "," SD"
"Thomas Cosgrove","RP","27","","","$720,000 "," SD"
"Alek Jacob","RP","25","","","$720,000 "," SD"
"Ray Kerr","RP","28","","L","$720,000 "," SD"
"Matt Waldron","RP","26","","","$720,000 "," SD"
"Tristan Beck","RP","27","","","$720,000 "," SF"
"Sean Hjelle","RP","26","","R","$720,000 "," SF"
"Cole Waites","RP","25","","","$720,000 "," SF"
"Ryan Walker","RP","27","","","$720,000 "," SF"
"Keaton Winn","RP","25","","","$720,000 "," SF"
"Prelander Berroa","RP","23","","","$720,000 "," SEA"
"Isaiah Campbell","RP","25","","R","$720,000 "," SEA"
"Tayler Saucedo","RP","30","","L","$720,000 "," SEA"
"Gabe Speier","RP","28","","L","$720,000 "," SEA"
"Justin Topa","RP","32","","R","$720,000 "," SEA"
"Jacob Barnes","RP","33","","R","$720,000 "," STL"
"John King","RP","28","","L","$720,000 "," STL"
"Casey Lawrence","RP","35","","R","$720,000 "," STL"
"James Naile","RP","30","","","$720,000 "," STL"
"JoJo Romero","RP","26","","L","$720,000 "," STL"
"Andrew Suarez","RP","30","","L","$720,000 "," STL"
"Guillermo Zuniga","RP","24","","","$720,000 "," STL"
"Cody Bradford","RP","25","","R","$720,000 "," TEX"
"Matt Bush","RP","37","","R","$720,000 "," TEX"
"Ian Kennedy","RP","38","","R","$720,000 "," TEX"
"Jose Ferrer","RP","23","","","$720,000 "," WSH"
"Robert Garcia","RP","27","","","$720,000 "," WSH"
"Joe LaSorsa","RP","25","","","$720,000 "," WSH"
"Andres Machado","RP","30","","R","$720,000 "," WSH"
"Thad Ward","RP","26","","","$720,000 "," WSH"
"Jordan Weems","RP","30","","R","$720,000 "," WSH"
"Korey Lee","C","24","","","$720,000 "," CHW"
"Carlos Perez","C","26","","","$720,000 "," CHW"
"David Fry","C","27","","","$720,000 "," CLE"
"Sam Bachman","P","23","","","$720,000 "," LAA"
"Hunter Goodman","C","23","","","$720,000 "," COL"
"Austin Wynns","C","32","R","","$720,000 "," COL"
"Carson Kelly","C","28","R","","$720,000 "," DET"
"Freddy Fermin","C","28","","","$720,000 "," KC"
"Logan Porter","C","27","","","$720,000 "," KC"
"Francisco Alvarez","C","21","","","$720,000 "," NYM"
"Allan Winans","P","27","","","$720,000 "," ATL"
"Austin Wells","C","23","","","$720,000 "," NYY"
"Lawrence Butler","OF","22","","","$720,000 "," OAK"
"Chandler Seagle","C","27","","","$720,000 "," SD"
"Brett Sullivan","C","29","","","$720,000 "," SD"
"Nelson Velazquez","CF","24","R","","$720,000 "," KC"
"Blake Sabol","C","25","","","$720,000 "," SF"
"Luis Torrens","C","27","R","","$720,000 "," SEA"
"Ivan Herrera","C","23","R","","$720,000 "," STL"
"Drew Millas","C","25","","","$720,000 "," WSH"
"Luis Matos","OF","21","","","$720,000 "," SF"
"Blake Perkins","RF","26","","","$720,000 "," MIL"
"Darin Ruf","1B","36","R","","$720,000 "," MIL"
"Jake Bauers","1B","27","L","","$720,000 "," NYY"
"Weston Wilson","1B","28","R","","$720,000 "," PHI"
"Kole Calhoun","RF","35","L","","$720,000 "," CLE"
"Mike Ford","1B","30","L","","$720,000 "," SEA"
"Luken Baker","1B","26","","","$720,000 "," STL"
"Jacob Young","OF","23","","","$720,000 "," WSH"
"Enmanuel Valdez","2B","24","","","$720,000 "," BOS"
"Emerson Hancock","P","24","","R","$720,000 "," SEA"
"Andy Ibanez","2B","30","R","","$720,000 "," DET"
"Zack Short","2B","28","R","","$720,000 "," DET"
"Kolten Wong","2B","32","L","","$720,000 "," LAD"
"Edouard Julien","2B","24","","","$720,000 "," MIN"
"Ronny Mauricio","2B","22","","","$720,000 "," NYM"
"Jose Fermin","2B","24","","","$720,000 "," STL"
"Irving Lopez","2B","28","","","$720,000 "," STL"
"Juniel Querecuto","2B","30","","","$720,000 "," STL"
"Emmanuel Rivera","3B","27","R","","$720,000 "," ARI"
"Zach Remillard","3B","29","R","","$720,000 "," CHW"
"Christian Encarnacion-Strand","3B","23","","","$720,000 "," CIN"
"Nolan Jones","3B","25","L","","$720,000 "," COL"
"Andre Lipcius","3B","25","","","$720,000 "," DET"
"Josh Donaldson","3B","37","R","","$720,000 "," MIL"
"Brett Baty","3B","23","","","$720,000 "," NYM"
"Andrew Stevenson","OF","29","L","","$720,000 "," MIN"
"Jordan Diaz","3B","22","R","","$720,000 "," OAK"
"Jacob Lopez","P","25","","","$720,000 "," TB"
"Casey Schmitt","3B","24","","","$720,000 "," SF"
"Jordan Walker","3B","21","","","$720,000 "," STL"
"Juan Yepez","3B","25","R","","$720,000 "," STL"
"Jason Heyward","RF","33","L","","$720,000 "," LAD"
"Jake Alu","3B","26","","","$720,000 "," WSH"
"Travis Blankenhorn","3B","26","L","","$720,000 "," WSH"
"Jordan Lawlar","SS","20","R","","$720,000 "," ARI"
"Luke Williams","SS","26","R","","$720,000 "," ATL"
"Elly De La Cruz","SS","21","","","$720,000 "," CIN"
"Jose Espada","P","26","","","$720,000 "," SD"
"Everson Pereira","OF","22","R","","$720,000 "," NYY"
"Tyler Freeman","SS","24","R","","$720,000 "," CLE"
"Rafael Ortega","OF","32","L","","$720,000 "," NYM"
"Parker Meadows","OF","23","","","$720,000 "," DET"
"Grae Kessinger","SS","25","","","$720,000 "," HOU"
"Maikel Garcia","SS","23","","","$720,000 "," KC"
"Nick Loftin","SS","24","","","$720,000 "," KC"
"Xavier Edwards","SS","23","","","$720,000 "," MIA"
"Garrett Hampson","SS","28","R","","$720,000 "," MIA"
"Sal Frelick","SS","23","","","$720,000 "," MIL"
"Andruw Monasterio","SS","26","R","","$720,000 "," MIL"
"Brice Turang","SS","23","L","","$720,000 "," MIL"
"Oswald Peraza","SS","23","R","","$720,000 "," NYY"
"Anthony Volpe","SS","22","","","$720,000 "," NYY"
"Nick Allen","SS","24","R","","$720,000 "," OAK"
"Dominic Canzone","RF","25","L","","$720,000 "," SEA"
"Matt Batten","SS","28","","","$720,000 "," SD"
"Tyler Fitzgerald","SS","25","","","$720,000 "," SF"
"Marco Luciano","SS","21","R","","$720,000 "," SF"
"Jose Caballero","SS","26","","","$720,000 "," SEA"
"Masyn Winn","SS","21","","","$720,000 "," STL"
"Pablo Reyes","LF","29","R","","$720,000 "," BOS"
"Johan Rojas","OF","22","","","$720,000 "," PHI"
"Jurickson Profar","LF","30","","","$720,000 "," SD"
"Richard Palacios","LF","26","L","","$720,000 "," STL"
"Stone Garrett","LF","27","R","","$720,000 "," WSH"
"Cristian Pache","CF","24","R","","$720,000 ","PHI"
