"PlayerID","PLAYER","POS.","AGE","BATS","THROWS","FROM","TO","YRS","DOLLARS","AVG. SALARY","YEAR","H","RBI","HR","AVG","OPS","IP","ERA","WHIP","W","SV","WAR","DummyPos"
72,"Bryce Harper","1B",26.3,"L","R","WSH","PHI",13,3.3e+08,25384615,2018,137,100,34,0.249,0.889,NA,NA,NA,NA,NA,1.79,2
295,"Manny Machado","3B",26.6,"R","R","LAD","SD",10,3e+08,3e+07,2018,188,107,37,0.297,0.905,NA,NA,NA,NA,NA,3.64,2
355,"Patrick Corbin","SP",29.3,"L","L","ARI","WSH",6,1.4e+08,23333333,2018,12,5,NA,0.197,0.435,200,3.15,1.05,11,NA,4.37,1
340,"Nathan Eovaldi","SP",28.8,"R","R","BOS","BOS",4,6.8e+07,1.7e+07,2018,1,1,NA,0.111,0.311,111,3.81,1.13,7,NA,0.52,1
1,"A.J. Pollock","LF",31.1,"R","R","ARI","LAD",5,6e+07,1.2e+07,2018,106,65,21,0.257,0.8,NA,NA,NA,NA,NA,2.19,3
31,"Andrew McCutchen","RF",32.2,"R","R","NYY","PHI",3,5e+07,16666667,2018,145,65,20,0.255,0.792,NA,NA,NA,NA,NA,1.55,3
109,"Craig Kimbrel","RP",31,"R","R","BOS","CHC",3,4.3e+07,14333333,2018,NA,NA,NA,NA,NA,62.3,2.74,1,5,42,2.09,1
454,"Zack Britton","RP",31,"L","L","NYY","NYY",3,3.9e+07,1.3e+07,2018,NA,NA,NA,NA,NA,40.7,3.1,1.23,2,7,0.33,1
182,"J.A. Happ","SP",36.1,"L","L","NYY","NYY",2,3.4e+07,1.7e+07,2018,2,NA,NA,0.333,0.762,177.7,3.65,1.13,17,NA,1.03,1
321,"Michael Brantley","LF",31.6,"L","L","CLE","HOU",2,3.2e+07,1.6e+07,2018,176,76,17,0.309,0.832,NA,NA,NA,NA,NA,3.79,3
218,"Jeurys Familia","RP",29.2,"R","R","OAK","NYM",3,3e+07,1e+07,2018,NA,NA,NA,NA,NA,72,3.13,1.22,8,18,1.08,1
284,"Lance Lynn","SP",31.6,NA,"R","NYY","TEX",3,3e+07,1e+07,2018,NA,NA,NA,NA,NA,156.7,4.77,1.53,10,NA,0.12,1
85,"Charlie Morton","SP",35.1,"R","R","HOU","TB",2,3e+07,1.5e+07,2018,1,NA,NA,0.167,0.334,167,3.13,1.16,15,NA,3.41,1
11,"Adam Ottavino","RP",33.1,NA,"R","COL","NYY",3,2.7e+07,9e+06,2018,NA,NA,NA,NA,NA,77.7,2.43,0.99,6,6,2.44,1
32,"Andrew Miller","RP",33.6,"L","L","CLE","STL",2,2.5e+07,12500000,2018,NA,NA,NA,NA,NA,34,4.24,1.38,2,2,0.2,1
224,"Joe Kelly","RP",30.5,"R","R","BOS","LAD",3,2.5e+07,8333333,2018,NA,NA,NA,NA,NA,65.7,4.39,1.36,4,2,0.21,1
112,"D.J. LeMahieu","2B",30.4,"R","R","COL","NYY",2,2.4e+07,1.2e+07,2018,147,62,15,0.276,0.749,NA,NA,NA,NA,NA,2.91,2
118,"Daniel Murphy","1B",33.7,"L","R","CHC","COL",2,2.4e+07,1.2e+07,2018,98,42,12,0.299,0.79,NA,NA,NA,NA,NA,-0.67,2
130,"David Robertson","RP",33.7,"R","R","NYY","PHI",2,2.3e+07,11500000,2018,NA,NA,NA,NA,NA,69.7,3.23,1.03,8,5,0.68,1
250,"Josh Donaldson","3B",32.9,"R","R","CLE","ATL",1,2.3e+07,2.3e+07,2018,46,23,8,0.246,0.801,NA,NA,NA,NA,NA,0.54,2
113,"Dallas Keuchel","SP",31.4,"L","L","HOU","ATL",1,21210000,21210000,2018,NA,NA,NA,NA,NA,204.7,3.74,1.31,12,NA,2.28,1
306,"Marwin Gonzalez","3B",29.9,NA,"R","HOU","MIN",2,2.1e+07,10500000,2018,121,68,16,0.247,0.733,NA,NA,NA,NA,NA,2.39,2
210,"Jed Lowrie","2B",34.7,NA,"R","OAK","NYM",2,2e+07,1e+07,2018,159,99,23,0.267,0.801,NA,NA,NA,NA,NA,4,2
40,"Aníbal Sánchez","SP",34.8,"R","R","ATL","WSH",2,1.9e+07,9500000,2018,1,NA,NA,0.024,0.072,136.7,2.83,1.08,7,NA,3.27,1
439,"Wilson Ramos","C",31.3,"R","R","PHI","NYM",2,1.9e+07,9500000,2018,117,70,15,0.306,0.845,NA,NA,NA,NA,NA,1.74,2
443,"Yasmani Grandal","C",30.2,NA,"R","LAD","MIL",1,18250000,18250000,2018,106,68,24,0.241,0.815,NA,NA,NA,NA,NA,3.6,2
265,"Kelvin Herrera","RP",29,"R","R","WSH","CHW",2,1.8e+07,9e+06,2018,NA,NA,NA,NA,NA,44.3,2.44,1.2,2,17,1.62,1
161,"Garrett Richards","SP",30.5,"R","R","LAA","SD",2,15500000,7750000,2018,NA,NA,NA,NA,NA,76.3,3.66,1.28,5,NA,0.33,1
221,"Joakim Soria","RP",34.6,"R","R","MIL","OAK",2,1.5e+07,7500000,2018,NA,NA,NA,NA,NA,60.7,3.12,1.14,3,16,1.03,1
342,"Nelson Cruz","DH",38.4,"R","R","SEA","MIN",1,14300000,14300000,2018,133,97,37,0.256,0.851,NA,NA,NA,NA,NA,2.94,4
323,"Michael Fiers","SP",33.5,"R","R","OAK","OAK",2,14100000,7050000,2018,NA,NA,NA,NA,NA,172,3.56,1.18,12,NA,3.45,1
313,"Matt Harvey","SP",29.7,"R","R","CIN","LAA",1,1.1e+07,1.1e+07,2018,4,1,NA,0.075,0.184,155,4.94,1.3,7,NA,-0.42,1
334,"Mike Moustakas","3B",30.4,"L","R","MIL","MIL",1,1e+07,1e+07,2018,144,95,28,0.251,0.774,NA,NA,NA,NA,NA,1.51,2
264,"Justin Wilson","RP",31.4,"L","L","CHC","NYM",2,1e+07,5e+06,2018,NA,NA,NA,NA,NA,54.7,3.46,1.43,4,0,0.58,1
281,"Kurt Suzuki","C",35.1,"R","R","ATL","WSH",2,1e+07,5e+06,2018,94,50,12,0.271,0.776,NA,NA,NA,NA,NA,2.05,2
66,"Brian Dozier","2B",31.6,"R","R","LAD","WSH",1,9e+06,9e+06,2018,119,72,21,0.215,0.696,NA,NA,NA,NA,NA,0.93,2
419,"Trevor Cahill","SP",30.8,"R","R","OAK","LAA",1,9e+06,9e+06,2018,NA,NA,NA,NA,NA,110,3.76,1.19,7,NA,1.41,1
99,"Cody Allen","RP",30.1,"R","R","CLE","LAA",1,8500000,8500000,2018,NA,NA,NA,NA,NA,67,4.7,1.36,4,27,0.07,1
180,"Ian Kinsler","2B",36.4,"R","R","BOS","SD",2,8e+06,4e+06,2018,117,48,14,0.24,0.681,NA,NA,NA,NA,NA,2.51,2
215,"Jesse Chavez","RP",35.2,"R","R","CHC","TEX",2,8e+06,4e+06,2018,NA,NA,NA,NA,NA,95.3,2.55,1.06,5,5,1.22,1
238,"Jonathan Schoop","2B",27.1,"R","R","MIL","MIN",1,7500000,7500000,2018,110,61,21,0.233,0.682,NA,NA,NA,NA,NA,2.42,2
132,"Derek Holland","RP",32.2,NA,"L","SF","SF",1,7e+06,7e+06,2018,3,NA,NA,0.057,0.149,171.3,3.57,1.29,7,0,2.46,1
345,"Nick Markakis","RF",35.2,"L","L","ATL","ATL",1,6e+06,6e+06,2018,185,93,14,0.297,0.806,NA,NA,NA,NA,NA,2.58,3
431,"Tyson Ross","SP",31.6,"R","R","STL","DET",1,5750000,5750000,2018,8,4,1,0.195,0.477,149.7,4.15,1.3,7,NA,0.55,1
371,"Robinson Chirinos","C",34.4,"R","R","TEX","HOU",1,5750000,5750000,2018,80,65,18,0.222,0.757,NA,NA,NA,NA,NA,1.71,2
242,"Jordy Mercer","SS",32.2,"R","R","PIT","DET",1,5250000,5250000,2018,99,39,6,0.251,0.696,NA,NA,NA,NA,NA,0.47,2
48,"Billy Hamilton","CF",28.2,NA,"R","CIN","KC",1,5250000,5250000,2018,119,29,4,0.236,0.626,NA,NA,NA,NA,NA,0.65,3
160,"Freddy Galvis","SS",29.2,NA,"R","SD","TOR",1,5e+06,5e+06,2018,149,67,13,0.248,0.679,NA,NA,NA,NA,NA,1.85,2
116,"Daniel Descalso","2B",32.1,"L","R","ARI","CHC",2,5e+06,2500000,2018,83,57,13,0.238,0.789,3.3,NA,NA,NA,NA,0.57,2
433,"Wade Miley","SP",32.2,"L","L","MIL","HOU",1,4500000,4500000,2018,5,NA,NA,0.185,0.399,80.7,2.57,1.22,5,NA,1.44,1
438,"Wilmer Flores","1B",27.4,"R","R","NYM","ARI",1,4250000,4250000,2018,103,51,11,0.267,0.736,NA,NA,NA,NA,NA,0.78,2
298,"Marco Estrada","SP",35.5,"R","R","TOR","OAK",1,4e+06,4e+06,2018,NA,NA,NA,NA,NA,143.7,5.64,1.43,7,NA,0.44,1
305,"Martin Perez","SP",27.8,"L","L","TEX","MIN",1,4e+06,4e+06,2018,NA,NA,NA,NA,NA,85.3,6.22,1.78,2,NA,-0.78,1
234,"Jon Jay","RF",33.8,"L","L","ARI","CHW",1,4e+06,4e+06,2018,141,40,3,0.268,0.677,NA,NA,NA,NA,NA,0.72,3
308,"Matt Adams","1B",30.2,"L","R","STL","WSH",1,4e+06,4e+06,2018,73,57,21,0.239,0.786,NA,NA,NA,NA,NA,1.37,2
43,"Asdrubal Cabrera","2B",33.2,NA,"R","PHI","TEX",1,3500000,3500000,2018,143,75,23,0.262,0.774,NA,NA,NA,NA,NA,1.74,2
47,"Avisaíl García","RF",27.6,"R","R","CHW","TB",1,3500000,3500000,2018,84,49,19,0.236,0.719,NA,NA,NA,NA,NA,0.49,3
316,"Matt Shoemaker","SP",32.2,"R","R","LAA","TOR",1,3500000,3500000,2018,NA,NA,NA,NA,NA,31,4.94,1.26,2,NA,0.22,1
165,"Greg Holland","RP",33.2,"R","R","WSH","ARI",1,3250000,3250000,2018,NA,NA,NA,NA,NA,46.3,4.66,1.62,2,3,-1.36,1
10,"Adam Jones","CF",33.6,"R","R","BAL","ARI",1,3e+06,3e+06,2018,163,63,15,0.281,0.732,NA,NA,NA,NA,NA,0.63,3
96,"Clay Buchholz","SP",34.5,"L","R","ARI","TOR",1,3e+06,3e+06,2018,2,1,NA,0.065,0.191,98.3,2.01,1.04,7,NA,2.79,1
93,"Chris Owings","SS",27.2,"R","R","ARI","KC",1,3e+06,3e+06,2018,58,22,4,0.206,0.574,NA,NA,NA,NA,NA,-0.37,2
191,"Jake Diekman","RP",32,"L","L","ARI","KC",1,2750000,2750000,2018,NA,NA,NA,NA,NA,53.3,4.73,1.5,1,2,0.81,1
390,"Shawn Kelley","RP",34.8,"R","R","OAK","TEX",1,2750000,2750000,2018,NA,NA,NA,NA,NA,49,2.94,0.9,2,0,0.54,1
288,"Lonnie Chisenhall","RF",30.1,"L","R","CLE","PIT",1,2750000,2750000,2018,27,9,1,0.321,0.846,NA,NA,NA,NA,NA,0.25,3
304,"Martin Maldonado","C",32.5,"R","R","HOU","KC",1,2500000,2500000,2018,84,44,9,0.225,0.627,NA,NA,NA,NA,NA,0.26,2
13,"Adam Warren","RP",31.5,"R","R","SEA","SD",1,2500000,2500000,2018,NA,NA,NA,NA,NA,51.7,3.14,1.32,3,0,0.59,1
387,"Sergio Romo","RP",35.9,"R","R","TB","MIA",1,2500000,2500000,2018,NA,NA,NA,NA,NA,67.3,4.14,1.26,3,25,0.21,1
353,"Oliver Perez","RP",37.4,"L","L","CLE","CLE",1,2500000,2500000,2018,NA,NA,NA,NA,NA,32.3,1.39,0.74,1,0,1.29,1
129,"David Phelps","RP",32.2,"R","R","SEA","TOR",1,2500000,2500000,2018,NA,NA,NA,NA,NA,NA,NA,NA,NA,NA,NA,1
199,"James McCann","C",28.5,"R","R","DET","CHW",1,2500000,2500000,2018,94,39,8,0.22,0.581,NA,NA,NA,NA,NA,-0.71,2
259,"Justin Bour","1B",30.5,"L","R","PHI","LAA",1,2500000,2500000,2018,96,59,20,0.227,0.745,NA,NA,NA,NA,NA,0.35,2
315,"Matt Moore","RP",29.4,"L","L","TEX","DET",1,2500000,2500000,2018,NA,NA,NA,NA,NA,102,6.79,1.66,3,0,-1.03,1
52,"Brad Boxberger","RP",30.7,"R","R","ARI","KC",1,2200000,2200000,2018,NA,NA,NA,NA,NA,53.3,4.39,1.43,3,32,-0.78,1
241,"Jordan Lyles","SP",28.1,"R","R","MIL","PIT",1,2050000,2050000,2018,NA,1,NA,NA,0.167,87.7,4.11,1.27,3,NA,0.35,1
164,"Gio Gonzalez","SP",33.6,"R","L","NYY","MIL",1,2e+06,2e+06,2018,4,1,NA,0.078,0.194,171,4.21,1.44,10,NA,0.91,1
251,"Josh Harrison","2B",31.6,"R","R","PIT","DET",1,2e+06,2e+06,2018,86,37,8,0.25,0.656,NA,NA,NA,NA,NA,0.49,2
366,"Robbie Grossman","RF",29.3,NA,"L","MIN","OAK",1,2e+06,2e+06,2018,108,48,5,0.273,0.751,NA,NA,NA,NA,NA,1.53,3
451,"Zach Duke","RP",35.8,"L","L","SEA","CIN",1,2e+06,2e+06,2018,NA,NA,NA,NA,NA,52,4.15,1.5,5,0,0.12,1
341,"Neil Walker","2B",33.3,NA,"R","NYY","MIA",1,2e+06,2e+06,2018,76,46,11,0.219,0.663,NA,NA,NA,NA,NA,-0.14,2
391,"Shelby Miller","RP",28.2,"R","R","ARI","TEX",1,2e+06,2e+06,2018,NA,1,NA,NA,0.2,16,1.69,2,0,0,-1.07,1
67,"Brian McCann","C",34.8,"L","R","HOU","ATL",1,2e+06,2e+06,2018,40,23,7,0.212,0.64,NA,NA,NA,NA,NA,1,2
405,"Tim Beckham","3B",28.9,"R","R","BAL","SEA",1,1750000,1750000,2018,85,35,12,0.23,0.661,NA,NA,NA,NA,NA,0.39,2
117,"Daniel Hudson","RP",32,"R","R","LAA","TOR",1,1500000,1500000,2018,NA,NA,NA,NA,NA,46,4.11,1.22,3,0,-0.37,1
62,"Brett Anderson","SP",31,"L","L","OAK","OAK",1,1500000,1500000,2018,1,NA,NA,0.25,0.5,80.3,4.48,1.28,4,NA,0.6,1
137,"Drew Pomeranz","RP",30.2,"R","L","BOS","SF",1,1500000,1500000,2018,NA,NA,NA,NA,NA,74,6.08,1.77,2,0,-0.73,1
108,"Cory Gearrin","RP",32.7,"R","R","OAK","SEA",1,1400000,1400000,2018,NA,NA,NA,NA,NA,57.3,3.77,1.34,2,1,0.19,1
214,"Jeremy Hellickson","RP",31.8,"R","R","WSH","WSH",1,1300000,1300000,2018,2,1,NA,0.062,0.156,91.3,3.45,1.07,5,0,1.33,1
177,"Hunter Strickland","RP",30.3,"R","R","SF","SEA",1,1300000,1300000,2018,NA,NA,NA,NA,NA,45.3,3.97,1.41,3,15,-0.31,1
413,"Tony Sipp","RP",35.7,"L","L","HOU","WSH",1,1250000,1250000,2018,NA,NA,NA,NA,NA,38.7,1.86,1.03,3,0,1.28,1
75,"Caleb Joseph","C",32.6,"R","R","BAL","ARI",1,1100000,1100000,2018,58,17,3,0.219,0.575,NA,NA,NA,NA,NA,0.26,2
453,"Zach McAllister","RP",31.1,"R","R","LAD","TEX",1,1e+06,1e+06,2018,NA,NA,NA,NA,NA,45,6.2,1.49,1,0,-0.14,1
91,"Chris Herrmann","C",31,"L","R","HOU","OAK",1,1e+06,1e+06,2018,18,7,2,0.237,0.743,NA,NA,NA,NA,NA,0.51,2
197,"Jake Petricka","RP",30.6,"R","R","TOR","MIL",1,9e+05,9e+05,2018,NA,NA,NA,NA,NA,45.7,4.53,1.64,3,0,-0.06,1
339,"Nate Karns","SP",31.2,"R","R","KC","BAL",1,8e+05,8e+05,2018,NA,NA,NA,NA,NA,NA,NA,NA,NA,NA,NA,1
24,"Alex Wilson","RP",32.3,"R","R","CLE","MIL",1,750000,750000,2018,NA,NA,NA,NA,NA,61.7,3.36,1.05,2,0,1.42,1
412,"Tony Barnette","RP",35.2,"R","R","TEX","CHC",1,750000,750000,2018,NA,NA,NA,NA,NA,26.3,2.39,0.91,2,0,0.46,1
267,"Kendall Graveman","RP",28,"R","R","OAK","CHC",1,575000,575000,2018,NA,NA,NA,NA,NA,34.3,7.6,1.66,1,0,-0.88,1
426,"Troy Tulowitzki","SS",34.2,"R","R","TOR","NYY",1,555000,555000,2018,NA,NA,NA,NA,NA,NA,NA,NA,NA,NA,NA,2
158,"Francisco Cervelli","C",33.4,"R","R","PIT","ATL",NA,NA,NA,2018,86,57,12,0.259,0.809,NA,NA,NA,NA,NA,2.94,2
14,"Adeiny Hechavarria","SS",30.3,"R","R","NYM","ATL",NA,NA,NA,2018,73,31,6,0.247,0.624,NA,NA,NA,NA,NA,0.67,2
225,"Joe Panik","2B",28.8,"L","R","SF","NYM",NA,NA,NA,2018,91,24,4,0.254,0.639,NA,NA,NA,NA,NA,-0.3,2
237,"Jonathan Lucroy","C",33.1,"R","R","LAA","CHC",NA,NA,NA,2018,100,51,4,0.241,0.616,NA,NA,NA,NA,NA,-0.61,2
53,"Brad Brach","RP",33.2,"R","R","CHC","NYM",NA,NA,NA,2018,NA,NA,NA,NA,NA,62.7,3.59,1.6,2,12,-0.16,1
49,"Blake Parker","RP",34.1,"R","R","LAA","PHI",NA,NA,NA,2018,NA,NA,NA,NA,NA,66.3,3.26,1.24,2,15,1.25,1
416,"Travis d'Arnaud","C",30.2,"R","R","NYM","LAD",NA,NA,NA,2018,3,3,1,0.2,0.65,NA,NA,NA,NA,NA,-0.07,2
163,"Gerrit Cole","SP",29.2,"R","R","HOU","NYY",9,3.24e+08,3.6e+07,2019,NA,NA,NA,NA,NA,212.3,2.5,0.9,20,NA,6.64,1
37,"Anthony Rendon","3B",29.5,"R","R","WSH","LAA",7,2.45e+08,3.5e+07,2019,174,126,34,0.319,1.01,NA,NA,NA,NA,NA,7.08,2
395,"Stephen Strasburg","SP",31.3,"R","R","WSH","WSH",7,2.45e+08,3.5e+07,2019,12,10,1,0.167,0.422,209,3.32,1.04,18,NA,5.63,1
456,"Zack Wheeler","SP",29.5,"L","R","NYM","PHI",5,1.18e+08,23600000,2019,12,6,1,0.211,0.56,195.3,3.96,1.26,11,NA,3.27,1
250,"Josh Donaldson","3B",34.1,"R","R","ATL","MIN",4,9.2e+07,2.3e+07,2019,142,94,37,0.259,0.9,NA,NA,NA,NA,NA,5.42,2
293,"Madison Bumgarner","SP",30.3,"R","L","SF","ARI",5,8.5e+07,1.7e+07,2019,8,4,2,0.127,0.458,207.7,3.9,1.13,9,NA,2.87,1
178,"Hyun-Jin Ryu","SP",32.7,"R","L","LAD","TOR",4,8e+07,2e+07,2019,8,3,1,0.157,0.453,182.7,2.32,1.01,14,NA,5.14,1
443,"Yasmani Grandal","C",31,NA,"R","MIL","CHW",4,7.3e+07,18250000,2019,126,77,28,0.246,0.848,NA,NA,NA,NA,NA,2.43,2
344,"Nick Castellanos","DH",27.8,"R","R","CHC","CIN",4,6.4e+07,1.6e+07,2019,178,73,27,0.289,0.862,NA,NA,NA,NA,NA,1.04,4
334,"Mike Moustakas","3B",31.2,"L","R","MIL","CIN",4,6.4e+07,1.6e+07,2019,133,87,35,0.254,0.845,NA,NA,NA,NA,NA,2.6,2
113,"Dallas Keuchel","SP",31.9,"L","L","ATL","CHW",3,55500000,18500000,2019,5,2,NA,0.132,0.312,112.7,3.75,1.37,8,NA,2.27,1
436,"Will Smith","RP",30.3,"R","L","SF","ATL",3,4e+07,13333333,2019,1,2,NA,1,2,65.3,2.76,1.03,6,34,2.24,1
137,"Drew Pomeranz","RP",31,"R","L","MIL","SD",4,3.4e+07,8500000,2019,NA,NA,NA,NA,NA,104,4.85,1.43,2,2,-0.15,1
282,"Kyle Gibson","SP",32.1,"R","R","MIN","TEX",3,2.8e+07,9333333,2019,NA,NA,NA,NA,0.5,160,4.84,1.44,13,NA,0.34,1
435,"Will Harris","RP",35.3,"R","R","HOU","WSH",3,2.4e+07,8e+06,2019,NA,NA,NA,NA,NA,60,1.5,0.93,4,4,1.93,1
402,"Tanner Roark","SP",33.2,"R","R","OAK","TOR",2,2.4e+07,1.2e+07,2019,5,2,1,0.152,0.425,165.3,4.36,1.4,10,NA,1.94,1
47,"Avisaíl García","RF",28.5,"R","R","TB","MIL",2,2e+07,1e+07,2019,138,72,20,0.282,0.796,NA,NA,NA,NA,NA,2.24,3
327,"Michael Pineda","SP",30.8,"R","R","MIN","MIN",2,2e+07,1e+07,2019,NA,NA,NA,NA,NA,146,4.01,1.16,11,NA,2.6,1
297,"Marcell Ozuna","DH",29.2,"R","R","STL","ATL",1,1.8e+07,1.8e+07,2019,118,89,29,0.243,0.804,NA,NA,NA,NA,NA,2.26,4
101,"Cole Hamels","SP",35.9,"L","L","CHC","ATL",1,1.8e+07,1.8e+07,2019,6,4,NA,0.143,0.345,141.7,3.81,1.39,7,NA,2.68,1
244,"Jose Abreu","1B",32.8,"R","R","CHW","CHW",1,17800000,17800000,2019,180,123,33,0.284,0.833,NA,NA,NA,NA,NA,2.45,2
104,"Corey Dickerson","LF",30.6,"L","R","PHI","MIA",2,17500000,8750000,2019,79,59,12,0.304,0.906,NA,NA,NA,NA,NA,0.45,3
278,"Kole Calhoun","RF",32.2,"L","L","LAA","ARI",2,1.6e+07,8e+06,2019,128,74,33,0.232,0.792,NA,NA,NA,NA,NA,1.63,3
241,"Jordan Lyles","SP",29.1,"R","R","MIL","TEX",2,1.6e+07,8e+06,2019,4,4,NA,0.089,0.217,141,4.15,1.32,12,NA,0.16,1
416,"Travis d'Arnaud","C",30.8,"R","R","TB","ATL",2,1.6e+07,8e+06,2019,88,69,16,0.251,0.745,NA,NA,NA,NA,NA,-0.41,2
433,"Wade Miley","SP",33.1,"L","L","HOU","CIN",2,1.5e+07,7500000,2019,NA,NA,NA,NA,0.2,167.3,3.98,1.35,14,NA,1.58,1
133,"Didi Gregorius","SS",29.8,"L","R","NYY","PHI",1,1.4e+07,1.4e+07,2019,77,61,16,0.238,0.717,NA,NA,NA,NA,NA,0.37,2
92,"Chris Martin","RP",33.4,"R","R","ATL","ATL",2,1.4e+07,7e+06,2019,NA,NA,NA,NA,NA,55.7,3.4,1.02,1,4,1.55,1
63,"Brett Gardner","LF",36.2,"L","L","NYY","NYY",1,12500000,12500000,2019,123,74,28,0.251,0.828,NA,NA,NA,NA,NA,4.28,3
393,"Starlin Castro","2B",29.8,"R","R","MIA","WSH",2,1.2e+07,6e+06,2019,172,86,22,0.27,0.736,NA,NA,NA,NA,NA,1.05,2
146,"Edwin Encarnacion","DH",36.9,"R","R","NYY","CHW",1,1.2e+07,1.2e+07,2019,102,86,34,0.244,0.875,NA,NA,NA,NA,NA,2.05,4
117,"Daniel Hudson","RP",32.8,"R","R","WSH","WSH",2,1.1e+07,5500000,2019,NA,NA,NA,NA,NA,73,2.47,1.14,9,8,0.95,1
131,"Dellin Betances","RP",31.8,"R","R","NYY","NYM",1,10500000,10500000,2019,NA,NA,NA,NA,NA,0.7,NA,NA,0,0,0.04,1
365,"Rick Porcello","SP",30.9,"R","R","BOS","NYM",1,1e+07,1e+07,2019,NA,NA,NA,NA,NA,174.3,5.52,1.39,14,NA,0.85,1
51,"Blake Treinen","RP",31.4,"R","R","OAK","LAD",1,1e+07,1e+07,2019,NA,NA,NA,NA,NA,58.7,4.91,1.62,6,16,-0.15,1
442,"Yan Gomes","C",32.3,"R","R","WSH","WSH",2,1e+07,5e+06,2019,70,43,12,0.223,0.705,NA,NA,NA,NA,NA,1.41,2
252,"Josh Lindblom","SP",32.4,"R","R","PIT","MIL",3,9125000,3041667,2019,NA,NA,NA,NA,NA,NA,NA,NA,NA,NA,NA,1
110,"Craig Stammen","RP",35.8,"R","R","SD","SD",2,9e+06,4500000,2019,NA,NA,NA,NA,NA,82,3.29,1.16,8,4,1.08,1
256,"Julio Teherán","SP",28.8,"R","R","ATL","LAA",1,9e+06,9e+06,2019,6,4,NA,0.109,0.234,174.7,3.81,1.32,10,NA,3.15,1
270,"Kevin Gausman","SP",28.9,"L","R","CIN","SF",1,9e+06,9e+06,2019,1,NA,NA,0.037,0.074,102.3,5.72,1.42,3,NA,-0.71,1
226,"Joe Smith","RP",35.7,"R","R","HOU","HOU",2,8e+06,4e+06,2019,NA,NA,NA,NA,NA,25,1.8,0.96,1,0,0.62,1
191,"Jake Diekman","RP",32.8,"L","L","OAK","OAK",2,7500000,3750000,2019,NA,NA,NA,NA,NA,61,4.72,1.43,1,0,0.28,1
173,"Homer Bailey","SP",33.6,"R","R","OAK","MIN",1,7e+06,7e+06,2019,2,1,NA,0.4,0.8,163.3,4.57,1.32,13,NA,1.21,1
304,"Martin Maldonado","C",33.3,"R","R","HOU","HOU",2,7e+06,3500000,2019,71,27,12,0.213,0.671,NA,NA,NA,NA,NA,0.98,2
206,"Jason Castro","C",32.5,"L","R","MIN","LAA",1,6850000,6850000,2019,55,30,13,0.232,0.767,NA,NA,NA,NA,NA,0.72,2
371,"Robinson Chirinos","C",35.6,"R","R","HOU","TEX",1,6750000,6750000,2019,87,58,17,0.238,0.79,NA,NA,NA,NA,NA,3.85,2
438,"Wilmer Flores","1B",28.4,"R","R","ARI","SF",2,6250000,3125000,2019,84,37,9,0.317,0.848,NA,NA,NA,NA,NA,0.63,2
82,"Cesar Hernandez","2B",29.6,NA,"R","PHI","CLE",1,6250000,6250000,2019,171,71,14,0.279,0.741,NA,NA,NA,NA,NA,1.94,2
174,"Howie Kendrick","2B",36.3,"R","R","WSH","WSH",1,6250000,6250000,2019,115,62,17,0.344,0.967,NA,NA,NA,NA,NA,2.79,2
73,"C.J. Cron","1B",29.9,"R","R","MIN","DET",1,6100000,6100000,2019,116,78,25,0.253,0.78,NA,NA,NA,NA,NA,1.4,2
238,"Jonathan Schoop","2B",28.2,"R","R","MIN","DET",1,6100000,6100000,2019,111,59,23,0.256,0.777,NA,NA,NA,NA,NA,1.52,2
397,"Steve Cishek","RP",33.5,"R","R","CHC","CHW",1,6e+06,6e+06,2019,NA,NA,NA,NA,NA,64,2.95,1.2,4,7,1.65,1
305,"Martin Perez","SP",28.7,"L","L","MIN","BOS",1,6e+06,6e+06,2019,NA,NA,NA,NA,NA,165.3,5.12,1.52,10,NA,0.4,1
407,"Todd Frazier","3B",33.9,"R","R","NYM","TEX",1,5e+06,5e+06,2019,112,67,21,0.251,0.772,NA,NA,NA,NA,NA,2.13,2
260,"Justin Smoak","1B",33,NA,"L","TOR","MIL",1,5e+06,5e+06,2019,86,61,22,0.208,0.748,NA,NA,NA,NA,NA,0.65,2
164,"Gio Gonzalez","SP",34.2,"R","L","MIL","CHW",1,5e+06,5e+06,2019,1,NA,NA,0.04,0.117,87.3,3.5,1.29,3,NA,2.1,1
387,"Sergio Romo","RP",36.8,"R","R","MIN","MIN",1,5e+06,5e+06,2019,NA,NA,NA,NA,NA,60.3,3.43,1.11,2,20,0.31,1
62,"Brett Anderson","SP",31.8,"L","L","OAK","MIL",1,5e+06,5e+06,2019,4,NA,NA,0.5,1,176,3.89,1.31,13,NA,2.91,1
12,"Adam Wainwright","SP",38.2,"R","R","STL","STL",1,5e+06,5e+06,2019,8,2,NA,0.16,0.409,171.7,4.19,1.43,14,NA,1.67,1
153,"Eric Sogard","3B",33.5,"L","R","TB","MIL",1,4500000,4500000,2019,115,40,13,0.29,0.81,NA,NA,NA,NA,NA,2.39,2
272,"Kevin Pillar","CF",31.1,"R","R","SF","BOS",1,4250000,4250000,2019,158,88,21,0.259,0.719,NA,NA,NA,NA,NA,0.78,3
18,"Alex Avila","C",32.8,"L","R","ARI","MIN",1,4250000,4250000,2019,34,24,9,0.207,0.774,2,NA,NA,NA,NA,1.44,2
45,"Austin Romine","C",31,"R","R","NYY","DET",1,4150000,4150000,2019,64,35,8,0.281,0.749,1,NA,NA,NA,NA,0.71,2
22,"Alex Gordon","OF",35.9,"L","R","KC","KC",1,4e+06,4e+06,2019,148,76,13,0.266,0.741,2.3,NA,NA,NA,NA,0.92,3
25,"Alex Wood","SP",29,"R","L","CIN","LAD",1,4e+06,4e+06,2019,2,NA,NA,0.222,0.444,35.7,5.8,1.4,1,NA,-0.17,1
154,"Eric Thames","1B",33.1,"L","R","MIL","WSH",1,4e+06,4e+06,2019,98,61,25,0.247,0.851,NA,NA,NA,NA,NA,1.35,2
415,"Travis Shaw","1B",29.7,"L","R","MIL","TOR",1,4e+06,4e+06,2019,36,16,7,0.157,0.551,NA,NA,NA,NA,NA,-1.46,2
58,"Brandon Kintzler","RP",35.4,"R","R","CHC","MIA",1,3250000,3250000,2019,NA,NA,NA,NA,NA,57,2.68,1.04,3,1,1.56,1
175,"Hunter Pence","RF",36.8,"R","R","TEX","SF",1,3e+06,3e+06,2019,85,59,18,0.297,0.91,NA,NA,NA,NA,NA,1.61,3
337,"Mitch Moreland","1B",34.3,"L","L","BOS","BOS",1,3e+06,3e+06,2019,75,58,19,0.252,0.835,NA,NA,NA,NA,NA,1.33,2
172,"Hector Rondon","RP",31.8,"R","R","HOU","ARI",1,3e+06,3e+06,2019,NA,NA,NA,NA,NA,60.7,3.71,1.25,3,0,0.67,1
245,"Jose Iglesias","SS",30,"R","R","CIN","BAL",1,3e+06,3e+06,2019,145,59,11,0.288,0.725,NA,NA,NA,NA,NA,0.98,2
364,"Rich Hill","SP",39.8,"L","L","LAD","MIN",1,3e+06,3e+06,2019,3,1,NA,0.167,0.433,58.7,2.46,1.13,4,NA,1.18,1
329,"Michael Wacha","SP",28.4,"R","R","STL","NYM",1,3e+06,3e+06,2019,6,3,NA,0.167,0.361,126.7,4.76,1.56,6,NA,0.15,1
396,"Stephen Vogt","C",35,"L","R","SF","ARI",1,3e+06,3e+06,2019,67,40,10,0.263,0.804,NA,NA,NA,NA,NA,1.09,2
294,"Maikel Franco","3B",27.2,"R","R","PHI","KC",1,2950000,2950000,2019,91,56,17,0.234,0.706,NA,NA,NA,NA,NA,-0.24,2
247,"Jose Peraza","SS",25.6,"R","R","CIN","BOS",1,2850000,2850000,2019,90,33,6,0.239,0.631,1.3,NA,NA,NA,NA,-1.16,2
430,"Tyler Clippard","RP",34.8,"R","R","CLE","MIN",1,2750000,2750000,2019,NA,NA,NA,NA,NA,62,2.9,0.86,1,0,1.35,1
126,"Darren O'Day","RP",37,"R","R","ATL","ATL",1,2750000,2750000,2019,NA,NA,NA,NA,NA,5.3,1.69,0.75,0,0,0.19,1
257,"Junior Guerra","RP",34.8,"R","R","MIL","ARI",1,2650000,2650000,2019,1,NA,NA,0.333,0.666,83.7,3.55,1.12,9,3,1.49,1
43,"Asdrubal Cabrera","2B",34.1,NA,"R","WSH","WSH",1,2500000,2500000,2019,116,91,18,0.26,0.783,NA,NA,NA,NA,NA,-0.23,2
53,"Brad Brach","RP",33.6,"R","R","NYM","NYM",2,2100000,1050000,2019,1,1,NA,0.25,0.5,54.3,5.47,1.62,5,0,-0.44,1
401,"Taijuan Walker","SP",27.5,"R","R","ARI","SEA",1,2e+06,2e+06,2019,NA,NA,NA,NA,NA,1,NA,1,0,NA,0.05,1
204,"Jarrod Dyson","CF",35.4,"L","R","ARI","PIT",1,2e+06,2e+06,2019,92,27,7,0.23,0.633,NA,NA,NA,NA,NA,1.45,3
378,"Ryan Zimmerman","1B",35.2,"R","R","WSH","WSH",1,2e+06,2e+06,2019,44,27,6,0.257,0.736,NA,NA,NA,NA,NA,0.53,2
318,"Matt Wieters","C",33.6,NA,"R","STL","STL",1,2e+06,2e+06,2019,36,27,11,0.214,0.703,NA,NA,NA,NA,NA,0.51,2
211,"Jedd Gyorko","3B",31.2,"R","R","LAD","MIL",1,2e+06,2e+06,2019,16,9,2,0.174,0.498,0.3,NA,NA,NA,NA,0,2
158,"Francisco Cervelli","C",33.8,"R","R","ATL","MIA",1,2e+06,2e+06,2019,30,12,3,0.213,0.65,NA,NA,NA,NA,NA,-0.07,2
267,"Kendall Graveman","RP",28.9,"R","R","CHC","SEA",1,2e+06,2e+06,2019,NA,NA,NA,NA,NA,NA,NA,NA,NA,NA,NA,1
358,"Pedro Strop","RP",34.6,"R","R","CHC","CIN",1,1825000,1825000,2019,NA,NA,NA,NA,NA,41.7,4.97,1.27,2,10,-0.07,1
428,"Tyler Anderson","SP",29.9,"L","L","SF","SF",1,1775000,1775000,2019,1,NA,NA,0.143,0.286,20.7,11.76,2.13,0,NA,-0.89,1
457,"Álex Claudio","RP",27.8,"L","L","MIL","MIL",1,1750000,1750000,2019,NA,NA,NA,NA,NA,62,4.07,1.31,2,0,0.7,1
445,"Yoshihisa Hirano","RP",35.8,"R","R","ARI","SEA",1,1600000,1600000,2019,NA,NA,NA,NA,NA,53,4.76,1.38,5,1,-0.35,1
134,"Domingo Santana","RF",27.5,"R","R","SEA","CLE",1,1500000,1500000,2019,114,69,21,0.253,0.77,NA,NA,NA,NA,NA,0.49,3
76,"Cameron Maybin","RF",32.8,"R","R","NYY","DET",1,1500000,1500000,2019,68,32,11,0.285,0.858,NA,NA,NA,NA,NA,1.61,3
39,"Anthony Swarzak","RP",34.3,"R","R","ATL","PHI",1,1500000,1500000,2019,NA,NA,NA,NA,NA,53.3,4.56,1.48,3,4,-0.34,1
129,"David Phelps","RP",33.2,"R","R","CHC","MIL",1,1500000,1500000,2019,NA,NA,NA,NA,NA,34.3,3.41,1.4,2,1,0.27,1
314,"Matt Joyce","LF",35.4,"L","R","ATL","MIA",1,1500000,1500000,2019,59,23,7,0.295,0.858,NA,NA,NA,NA,NA,0.84,3
181,"Ivan Nova","SP",33,"R","R","CHW","DET",1,1500000,1500000,2019,NA,NA,NA,NA,NA,187,4.72,1.46,11,NA,1.92,1
220,"Jimmy Nelson","RP",30.6,"R","R","MIL","LAD",1,1250000,1250000,2019,NA,NA,NA,NA,NA,22,6.96,1.91,0,0,-0.43,1
444,"Yimi Garcia","RP",29.2,"R","R","LAD","MIA",1,1100000,1100000,2019,NA,NA,NA,NA,NA,62.3,3.61,0.87,1,0,0.27,1
399,"Steven Souza","RF",30.8,"R","R","ARI","CHC",1,1e+06,1e+06,2019,NA,NA,NA,NA,NA,NA,NA,NA,NA,NA,NA,3
14,"Adeiny Hechavarria","SS",30.8,"R","R","ATL","ATL",1,1e+06,1e+06,2019,49,33,9,0.241,0.742,NA,NA,NA,NA,NA,-0.32,2
166,"Guillermo Heredia","CF",28.9,"R","L","TB","PIT",1,1e+06,1e+06,2019,46,20,5,0.225,0.669,NA,NA,NA,NA,NA,0.25,3
380,"Ryon Healy","1B",27.9,"R","R","SEA","MIL",1,1e+06,1e+06,2019,40,26,7,0.237,0.745,NA,NA,NA,NA,NA,0.11,2
74,"C.J. Edwards","RP",28.2,"R","R","SD","SEA",1,950000,950000,2019,NA,NA,NA,NA,NA,17,8.47,1.47,1,0,-0.25,1
273,"Kevin Plawecki","C",28.8,"R","R","CLE","BOS",1,9e+05,9e+05,2019,35,17,3,0.222,0.629,2,NA,NA,NA,NA,-0.1,2
376,"Ryan Tepera","RP",32.1,"R","R","TOR","CHC",1,9e+05,9e+05,2019,NA,NA,NA,NA,NA,21.7,4.99,1.29,0,0,0.03,1
291,"Luke Maile","C",28.8,"R","R","TOR","PIT",1,9e+05,9e+05,2019,18,9,2,0.151,0.44,2,NA,NA,NA,NA,-0.52,2
408,"Tommy Hunter","RP",33.6,"R","R","PHI","PHI",1,850000,850000,2019,NA,NA,NA,NA,NA,5.3,NA,0.38,0,0,0.24,1
253,"Josh Osich","RP",31.2,"L","L","BOS","BOS",1,850000,850000,2019,NA,NA,NA,NA,NA,67.7,4.66,1.14,4,0,0.41,1
277,"Kohl Stewart","SP",25.2,"R","R","MIN","BAL",1,8e+05,8e+05,2019,NA,NA,NA,NA,NA,25.3,6.4,1.46,2,NA,-0.19,1
115,"Dan Winkler","RP",29.8,"R","R","SF","CHC",1,750000,750000,2019,NA,NA,NA,NA,NA,21.7,4.99,1.34,3,0,-0.23,1
202,"Jared Hughes","RP",34.9,"R","R","HOU","NYM",1,7e+05,7e+05,2019,NA,NA,NA,NA,NA,71.3,4.04,1.18,5,1,0.18,1
299,"Marco Hernandez","3B",27.2,"L","R","BOS","BOS",1,650000,650000,2019,37,11,2,0.25,0.617,NA,NA,NA,NA,NA,-0.09,2
140,"Dustin Garneau","C",32.2,"R","R","OAK","HOU",1,650000,650000,2019,21,14,3,0.244,0.757,NA,NA,NA,NA,NA,0.67,2
103,"Collin McHugh","RP",32.7,"R","R","HOU","BOS",1,6e+05,6e+05,2019,NA,NA,NA,NA,NA,74.7,4.7,1.23,4,0,0.26,1
216,"Jesse Hahn","RP",30.3,"R","R","KC","KC",1,6e+05,6e+05,2019,NA,NA,NA,NA,NA,4.7,13.5,2.79,0,0,-0.36,1
195,"Jake McGee","RP",33.9,"L","L","COL","LAD",1,563500,563500,2019,NA,NA,NA,NA,NA,41.3,4.36,1.4,0,0,0.22,1
193,"Jake Lamb","1B",29.9,"L","R","ARI","OAK",NA,NA,NA,2019,36,30,6,0.193,0.676,NA,NA,NA,NA,NA,0.15,2
69,"Brock Holt","2B",32.2,"L","R","MIL","WSH",NA,NA,NA,2019,77,31,3,0.297,0.771,NA,NA,NA,NA,NA,1.52,2
287,"Logan Forsythe","2B",33.5,"R","R","PHI","MIA",NA,NA,NA,2019,72,39,7,0.227,0.678,NA,NA,NA,NA,NA,-0.37,2
219,"Jhoulys Chacin","SP",32.5,"R","R","MIN","ATL",NA,NA,NA,2019,3,1,1,0.125,0.41,103.3,6.01,1.56,3,NA,-0.45,1
246,"Jose Lobaton","C",35.7,NA,"R","LAD","CHC",NA,NA,NA,2019,NA,NA,NA,NA,NA,NA,NA,NA,NA,NA,NA,2
198,"James Hoyt","RP",33.2,"R","R","CLE","CLE",NA,NA,NA,2019,NA,NA,NA,NA,NA,8.3,2.16,0.96,0,0,0.22,1
162,"George Springer","RF",31.3,"R","R","HOU","TOR",6,1.5e+08,2.5e+07,2020,50,32,14,0.265,0.899,NA,NA,NA,NA,NA,2.2,3
184,"J.T. Realmuto","C",29.8,"R","R","PHI","PHI",5,115500000,23100000,2020,46,32,11,0.266,0.84,NA,NA,NA,NA,NA,1.32,2
418,"Trevor Bauer","SP",30,"R","R","CIN","LAD",3,1.02e+08,3.4e+07,2020,NA,NA,NA,NA,NA,73,1.73,0.8,5,NA,2.95,1
112,"D.J. LeMahieu","2B",32.5,"R","R","NYY","NYY",6,9e+07,1.5e+07,2020,71,27,10,0.364,1.011,NA,NA,NA,NA,NA,3.04,2
297,"Marcell Ozuna","DH",30.2,"R","R","ATL","ATL",4,6.5e+07,16250000,2020,77,56,18,0.338,1.067,NA,NA,NA,NA,NA,2.64,4
286,"Liam Hendriks","RP",31.9,"R","R","OAK","CHW",3,5.4e+07,1.8e+07,2020,NA,NA,NA,NA,NA,25.3,1.78,0.67,3,14,1.41,1
199,"James McCann","C",30.4,"R","R","CHW","NYM",4,40600000,10150000,2020,28,15,7,0.289,0.896,NA,NA,NA,NA,NA,1.31,2
261,"Justin Turner","3B",36.2,"R","R","LAD","LAD",2,3.4e+07,1.7e+07,2020,46,23,4,0.307,0.86,NA,NA,NA,NA,NA,1.45,2
321,"Michael Brantley","LF",33.7,"L","L","HOU","HOU",2,3.2e+07,1.6e+07,2020,51,22,5,0.3,0.84,NA,NA,NA,NA,NA,1.63,3
133,"Didi Gregorius","SS",30.9,"L","R","PHI","PHI",2,2.8e+07,1.4e+07,2020,61,40,10,0.284,0.827,NA,NA,NA,NA,NA,1.2,2
186,"Jackie Bradley Jr.","CF",30.8,"L","R","BOS","MIL",2,2.4e+07,1.2e+07,2020,54,22,7,0.283,0.814,NA,NA,NA,NA,NA,2.02,3
196,"Jake Odorizzi","SP",30.9,"R","R","MIN","HOU",3,23500000,7833333,2020,NA,NA,NA,NA,NA,13.7,6.59,1.39,0,NA,-0.18,1
401,"Taijuan Walker","SP",28.5,"R","R","TOR","NYM",3,2.3e+07,7666667,2020,NA,NA,NA,NA,NA,53.3,2.7,1.16,4,NA,0.37,1
258,"Jurickson Profar","LF",27.9,NA,"R","SD","SD",3,2.1e+07,7e+06,2020,50,25,7,0.278,0.771,NA,NA,NA,NA,NA,1.29,3
270,"Kevin Gausman","SP",29.8,"L","R","SF","SF",1,18900000,18900000,2020,NA,NA,NA,NA,NA,59.7,3.62,1.11,3,NA,1.33,1
301,"Marcus Stroman","SP",29.5,"R","R","NYM","NYM",1,18900000,18900000,2020,NA,NA,NA,NA,NA,NA,NA,NA,NA,NA,NA,1
410,"Tommy La Stella","2B",31.9,"L","R","OAK","SF",3,18750000,6250000,2020,55,25,5,0.281,0.819,NA,NA,NA,NA,NA,0.25,2
279,"Kolten Wong","2B",30.2,"L","R","STL","MIL",2,1.8e+07,9e+06,2020,48,16,1,0.265,0.676,NA,NA,NA,NA,NA,1.28,2
300,"Marcus Semien","2B",30.3,"R","R","OAK","TOR",1,1.8e+07,1.8e+07,2020,47,23,7,0.223,0.679,NA,NA,NA,NA,NA,0.37,2
333,"Mike Minor","SP",32.9,"R","L","OAK","KC",2,1.8e+07,9e+06,2020,NA,NA,NA,NA,NA,56.7,5.56,1.24,1,NA,-0.03,1
51,"Blake Treinen","RP",32.5,"R","R","LAD","LAD",2,17500000,8750000,2020,NA,NA,NA,NA,NA,25.7,3.86,1.21,3,1,-0.22,1
80,"Carlos Santana","1B",34.7,NA,"R","CLE","KC",2,17500000,8750000,2020,41,30,8,0.199,0.699,NA,NA,NA,NA,NA,1.1,2
421,"Trevor May","RP",31.2,"R","R","MIN","NYM",2,15500000,7750000,2020,NA,NA,NA,NA,NA,23.3,3.86,1.16,1,2,0.07,1
85,"Charlie Morton","SP",37,"R","R","TB","ATL",1,1.5e+07,1.5e+07,2020,NA,NA,NA,NA,NA,38,4.74,1.4,2,NA,0.14,1
150,"Enrique Hernandez","SS",29.3,"R","R","LAD","BOS",2,1.4e+07,7e+06,2020,32,20,5,0.23,0.68,NA,NA,NA,NA,NA,1.12,2
342,"Nelson Cruz","DH",40.6,"R","R","MIN","MIN",1,1.3e+07,1.3e+07,2020,56,33,16,0.303,0.992,NA,NA,NA,NA,NA,1.84,4
356,"Pedro Baez","RP",32.8,"R","R","LAD","HOU",2,12500000,6250000,2020,NA,NA,NA,NA,NA,17,3.18,1,0,2,0.07,1
422,"Trevor Rosenthal","RP",30.7,"R","R","SD","OAK",1,1.1e+07,1.1e+07,2020,NA,NA,NA,NA,NA,23.7,1.9,0.85,1,11,0.32,1
105,"Corey Kluber","SP",34.8,"R","R","TEX","NYY",1,1.1e+07,1.1e+07,2020,NA,NA,NA,NA,NA,1,NA,1,0,NA,0.06,1
139,"Drew Smyly","SP",31.4,"L","L","SF","ATL",1,1.1e+07,1.1e+07,2020,NA,NA,NA,NA,NA,26.3,3.42,1.1,0,NA,0.45,1
26,"Andrelton Simmons","SS",31.3,"R","R","LAA","MIN",1,10500000,10500000,2020,35,10,NA,0.297,0.702,NA,NA,NA,NA,NA,0.46,2
54,"Brad Hand","RP",30.8,"L","L","CLE","WSH",1,10500000,10500000,2020,NA,NA,NA,NA,NA,22,2.05,0.77,2,16,0.6,1
161,"Garrett Richards","SP",32.6,"R","R","SD","BOS",1,1e+07,1e+07,2020,NA,NA,NA,NA,NA,51.3,4.03,1.25,2,NA,0.9,1
283,"Kyle Schwarber","LF",27.8,"L","R","CHC","WSH",1,1e+07,1e+07,2020,36,24,11,0.188,0.701,NA,NA,NA,NA,NA,0.08,3
366,"Robbie Grossman","RF",31.2,NA,"L","OAK","DET",2,1e+07,5e+06,2020,40,23,8,0.241,0.826,NA,NA,NA,NA,NA,1.14,3
441,"Yadier Molina","C",38.5,"R","R","STL","STL",1,9e+06,9e+06,2020,38,16,4,0.262,0.662,NA,NA,NA,NA,NA,0.36,2
200,"James Paxton","SP",32.2,"L","L","NYY","SEA",1,8500000,8500000,2020,NA,NA,NA,NA,NA,20.3,6.64,1.48,1,NA,-0.39,1
142,"Eddie Rosario","LF",29.3,"L","R","MIN","CLE",1,8e+06,8e+06,2020,54,42,13,0.257,0.792,NA,NA,NA,NA,NA,1.15,3
12,"Adam Wainwright","SP",39.3,"R","R","STL","STL",1,8e+06,8e+06,2020,NA,NA,NA,NA,NA,65.7,3.15,1.05,5,NA,0.5,1
182,"J.A. Happ","SP",38.2,"L","L","NYY","MIN",1,8e+06,8e+06,2020,NA,NA,NA,NA,NA,49.3,3.47,1.05,2,NA,1.23,1
248,"Jose Quintana","SP",31.9,"R","L","CHC","LAA",1,8e+06,8e+06,2020,NA,NA,NA,NA,NA,10,4.5,1.3,0,NA,0.01,1
367,"Robbie Ray","SP",29.1,"L","L","TOR","TOR",1,8e+06,8e+06,2020,NA,NA,NA,NA,NA,51.7,6.62,1.9,2,NA,-0.48,1
266,"Ken Giles","RP",30.3,"R","R","TOR","SEA",2,7e+06,3500000,2020,NA,NA,NA,NA,NA,3.7,9.82,2.18,0,1,-0.16,1
222,"Joc Pederson","LF",28.8,"L","L","LAD","CHC",1,7e+06,7e+06,2020,23,16,7,0.19,0.682,NA,NA,NA,NA,NA,-0.3,3
206,"Jason Castro","C",33.6,"L","R","SD","HOU",2,7e+06,3500000,2020,15,9,2,0.188,0.668,NA,NA,NA,NA,NA,-0.02,2
272,"Kevin Pillar","CF",32.1,"R","R","COL","NYM",2,6500000,3250000,2020,60,26,6,0.288,0.798,NA,NA,NA,NA,NA,0.69,3
88,"Chris Archer","SP",32.3,"R","R","PIT","TB",1,6500000,6500000,2020,NA,NA,NA,NA,NA,NA,NA,NA,NA,NA,NA,1
20,"Alex Colome","RP",32.1,"R","R","CHW","MIN",1,6250000,6250000,2020,NA,NA,NA,NA,NA,22.3,0.81,0.94,2,12,0.97,1
189,"Jake Arrieta","SP",34.9,"R","R","PHI","CHC",1,6e+06,6e+06,2020,NA,NA,NA,NA,NA,44.3,5.08,1.51,4,NA,0.79,1
41,"Archie Bradley","RP",28.4,"R","R","CIN","PHI",1,6e+06,6e+06,2020,NA,NA,NA,NA,NA,18.3,2.95,1.09,2,6,0.18,1
36,"Anthony DeSclafani","SP",30.6,"R","R","CIN","SF",1,6e+06,6e+06,2020,NA,NA,NA,NA,NA,33.7,7.22,1.69,1,NA,-0.58,1
275,"Kirby Yates","RP",33.8,"L","R","SD","TOR",1,5500000,5500000,2020,NA,NA,NA,NA,NA,4.3,12.46,2.54,0,2,-0.34,1
409,"Tommy Kahnle","RP",31.3,"R","R","NYY","LAD",2,5250000,2625000,2020,NA,NA,NA,NA,NA,1,NA,2,0,0,0.1,1
63,"Brett Gardner","LF",37.4,"L","L","NYY","NYY",2,5150000,2575000,2020,29,15,5,0.223,0.746,NA,NA,NA,NA,NA,0.73,3
264,"Justin Wilson","RP",33.4,"L","L","NYM","NYY",2,5150000,2575000,2020,NA,NA,NA,NA,NA,19.7,3.66,1.37,2,0,0.22,1
6,"Adam Duvall","RF",32.4,"R","R","ATL","MIA",1,5e+06,5e+06,2020,45,33,16,0.237,0.833,NA,NA,NA,NA,NA,0.86,3
195,"Jake McGee","RP",34.5,"L","L","LAD","SF",2,5e+06,2500000,2020,NA,NA,NA,NA,NA,20.3,2.66,0.84,3,0,0.45,1
82,"Cesar Hernandez","2B",30.7,NA,"R","CLE","CLE",1,5e+06,5e+06,2020,66,20,3,0.283,0.763,NA,NA,NA,NA,NA,1.83,2
35,"Anthony Bass","RP",33.2,"R","R","TOR","MIA",2,5e+06,2500000,2020,NA,NA,NA,NA,NA,25.7,3.51,1.01,2,7,0.61,1
235,"Jon Lester","SP",37,"L","L","CHC","WSH",1,5e+06,5e+06,2020,NA,NA,NA,NA,NA,61,5.16,1.33,3,NA,-0.21,1
238,"Jonathan Schoop","2B",29.2,"R","R","DET","DET",1,4500000,4500000,2020,45,23,8,0.278,0.799,NA,NA,NA,NA,NA,1.29,2
86,"Chase Anderson","SP",33.2,"R","R","TOR","PHI",1,4e+06,4e+06,2020,NA,NA,NA,NA,NA,33.7,7.22,1.63,1,NA,-0.45,1
239,"Jonathan Villar","SS",29.8,NA,"R","TOR","NYM",1,3550000,3550000,2020,43,15,2,0.232,0.593,NA,NA,NA,NA,NA,-0.04,2
55,"Brad Miller","LF",31.2,"L","R","PHI","PHI",1,3500000,3500000,2020,33,25,7,0.232,0.808,NA,NA,NA,NA,NA,0.86,3
323,"Michael Fiers","SP",35.6,"R","R","OAK","OAK",1,3500000,3500000,2020,NA,NA,NA,NA,NA,59,4.58,1.37,6,NA,0.66,1
221,"Joakim Soria","RP",36.7,"R","R","OAK","ARI",1,3500000,3500000,2020,NA,NA,NA,NA,NA,22.3,2.82,1.25,2,2,0.44,1
255,"José Ureña","SP",29.2,"R","R","MIA","DET",1,3250000,3250000,2020,NA,NA,NA,NA,NA,23.3,5.4,1.5,0,NA,0.27,1
176,"Hunter Renfroe","RF",28.8,"R","R","TB","BOS",1,3100000,3100000,2020,19,22,8,0.156,0.645,NA,NA,NA,NA,NA,-0.04,3
303,"Mark Melancon","RP",35.8,"R","R","ATL","SD",1,3e+06,3e+06,2020,NA,NA,NA,NA,NA,22.7,2.78,1.28,2,11,0.96,1
306,"Marwin Gonzalez","3B",31.8,NA,"R","MIN","BOS",1,3e+06,3e+06,2020,37,22,5,0.211,0.606,NA,NA,NA,NA,NA,0.19,2
79,"Carlos Rodon","SP",28.1,"L","L","CHW","CHW",1,3e+06,3e+06,2020,NA,NA,NA,NA,NA,7.7,8.22,1.57,0,NA,-0.35,1
4,"Aaron Loup","RP",33.1,"L","L","TB","NYM",1,3e+06,3e+06,2020,NA,NA,NA,NA,NA,25,2.52,0.84,3,0,0.46,1
429,"Tyler Chatwood","RP",31.1,"R","R","CHC","TOR",1,3e+06,3e+06,2020,NA,NA,NA,NA,NA,18.7,5.3,1.66,2,0,-0.1,1
25,"Alex Wood","SP",30,"R","L","LAD","SF",1,3e+06,3e+06,2020,NA,NA,NA,NA,NA,12.7,6.4,1.82,0,NA,-0.37,1
329,"Michael Wacha","SP",29.4,"R","R","NYM","TB",1,3e+06,3e+06,2020,NA,NA,NA,NA,NA,34,6.62,1.56,1,NA,-0.19,1
335,"Mike Zunino","C",29.7,"R","R","TB","TB",1,3e+06,3e+06,2020,11,10,4,0.147,0.598,NA,NA,NA,NA,NA,-0.06,2
28,"Andrew Chafin","RP",30.6,"R","L","CHC","CHC",1,2750000,2750000,2020,NA,NA,NA,NA,NA,9.7,6.52,1.66,1,1,-0.19,1
165,"Greg Holland","RP",35,"R","R","KC","KC",1,2750000,2750000,2020,NA,NA,NA,NA,NA,28.3,1.91,0.95,3,6,0.9,1
127,"David Dahl","OF",26.7,"L","R","COL","TEX",1,2700000,2700000,2020,17,9,NA,0.183,0.469,NA,NA,NA,NA,NA,-0.98,3
449,"Yusmeiro Petit","RP",36.2,"R","R","OAK","OAK",1,2550000,2550000,2020,NA,NA,NA,NA,NA,21.7,1.66,1.11,2,0,0.84,1
62,"Brett Anderson","SP",33,"L","L","MIL","MIL",1,2500000,2500000,2020,NA,NA,NA,NA,NA,47,4.21,1.28,4,NA,0.59,1
364,"Rich Hill","SP",40.9,"L","L","MIN","TB",1,2500000,2500000,2020,NA,NA,NA,NA,NA,38.7,3.03,1.16,2,NA,0.8,1
424,"Trevor Williams","RP",28.8,"R","R","PIT","CHC",1,2500000,2500000,2020,NA,NA,NA,NA,NA,55.3,6.18,1.57,2,0,-0.91,1
430,"Tyler Clippard","RP",36,"R","R","MIN","ARI",1,2250000,2250000,2020,NA,NA,NA,NA,NA,26,2.77,0.89,2,0,0.37,1
337,"Mitch Moreland","1B",35.4,"L","L","SD","OAK",1,2250000,2250000,2020,36,29,10,0.265,0.893,NA,NA,NA,NA,NA,1.21,2
316,"Matt Shoemaker","SP",34.3,"R","R","TOR","MIN",1,2e+06,2e+06,2020,NA,NA,NA,NA,NA,28.7,4.71,1.08,0,NA,0.59,1
387,"Sergio Romo","RP",37.9,"R","R","MIN","OAK",1,2e+06,2e+06,2020,NA,NA,NA,NA,NA,20,4.05,1.15,1,5,0.02,1
332,"Mike Foltynewicz","SP",29.2,"R","R","ATL","TEX",1,2e+06,2e+06,2020,NA,NA,NA,NA,NA,3.3,16.2,2.4,0,NA,-0.26,1
439,"Wilson Ramos","C",33.4,"R","R","NYM","DET",1,2e+06,2e+06,2020,34,15,5,0.239,0.684,NA,NA,NA,NA,NA,0.31,2
168,"Hansel Robles","RP",30.3,"R","R","LAA","MIN",1,2e+06,2e+06,2020,NA,NA,NA,NA,NA,16.7,1.26,1.74,0,1,-0.75,1
212,"Jeff Mathis","C",37.8,"R","R","TEX","PHI",1,1800000,1800000,2020,10,9,3,0.161,0.576,NA,NA,NA,NA,NA,0.48,2
103,"Collin McHugh","RP",33.6,"R","R","BOS","TB",1,1800000,1800000,2020,NA,NA,NA,NA,NA,NA,NA,NA,NA,NA,NA,1
123,"Danny Santana","OF",30.2,NA,"R","TEX","BOS",1,1750000,1750000,2020,8,7,1,0.145,0.511,NA,NA,NA,NA,NA,-0.08,3
43,"Asdrubal Cabrera","2B",35.2,NA,"R","WSH","ARI",1,1750000,1750000,2020,46,31,8,0.242,0.752,NA,NA,NA,NA,NA,0.16,2
350,"Nomar Mazara","RF",25.8,"L","L","CHW","DET",1,1750000,1750000,2020,31,15,1,0.228,0.589,NA,NA,NA,NA,NA,-0.12,3
129,"David Phelps","RP",34.3,"R","R","PHI","TOR",1,1750000,1750000,2020,NA,NA,NA,NA,NA,20.7,6.53,1.16,2,0,0.57,1
328,"Michael Taylor","CF",29.7,"R","R","WSH","KC",1,1750000,1750000,2020,18,16,5,0.196,0.677,NA,NA,NA,NA,NA,-0.4,3
419,"Trevor Cahill","SP",33,"R","R","SF","PIT",1,1500000,1500000,2020,NA,NA,NA,NA,NA,25,3.24,1.2,1,NA,0.57,1
204,"Jarrod Dyson","CF",36.5,"L","R","CHW","KC",1,1500000,1500000,2020,11,5,NA,0.18,0.411,NA,NA,NA,NA,NA,-0.61,3
194,"Jake Marisnick","CF",29.8,"R","R","NYM","CHC",1,1500000,1500000,2020,11,5,2,0.333,0.959,NA,NA,NA,NA,NA,0.19,3
385,"Sean Doolittle","RP",34.3,"L","L","WSH","CIN",1,1500000,1500000,2020,NA,NA,NA,NA,NA,7.7,5.87,1.7,0,0,0.02,1
18,"Alex Avila","C",33.9,"L","R","MIN","WSH",1,1500000,1500000,2020,9,2,1,0.184,0.641,NA,NA,NA,NA,NA,0.45,2
160,"Freddy Galvis","SS",31.2,NA,"R","CIN","BAL",1,1500000,1500000,2020,31,16,7,0.22,0.712,NA,NA,NA,NA,NA,0.21,2
45,"Austin Romine","C",32.2,"R","R","DET","CHC",1,1500000,1500000,2020,31,17,2,0.238,0.582,NA,NA,NA,NA,NA,-0.19,2
281,"Kurt Suzuki","C",37.2,"R","R","WSH","LAA",1,1500000,1500000,2020,30,17,2,0.27,0.745,NA,NA,NA,NA,NA,0.23,2
111,"Curt Casali","C",32.1,"R","R","CIN","SF",1,1500000,1500000,2020,17,8,6,0.224,0.866,NA,NA,NA,NA,NA,0.48,2
15,"Albert Almora","CF",26.8,"R","R","CHC","NYM",1,1250000,1250000,2020,5,1,NA,0.167,0.465,NA,NA,NA,NA,NA,-0.1,3
254,"Josh Tomlin","RP",36,"R","R","ATL","ATL",1,1250000,1250000,2020,NA,NA,NA,NA,NA,39.7,4.77,1.21,2,0,0.47,1
269,"Keone Kela","RP",27.8,"R","R","PIT","SD",1,1200000,1200000,2020,NA,NA,NA,NA,NA,2,4.5,2,0,0,0.01,1
87,"Chaz Roe","RP",34.3,"R","R","TB","TB",1,1150000,1150000,2020,NA,NA,NA,NA,NA,9.3,2.89,1.39,2,1,0.28,1
319,"Matt Wisler","RP",28.2,"R","R","MIN","SF",1,1150000,1150000,2020,NA,NA,NA,NA,NA,25.3,1.07,1.15,0,1,1.03,1
457,"Álex Claudio","RP",28.8,"L","L","MIL","LAA",1,1125000,1125000,2020,NA,NA,NA,NA,NA,19,4.26,1.26,0,1,0.1,1
379,"Ryne Stanek","RP",29.4,"R","R","MIA","HOU",1,1100000,1100000,2020,NA,NA,NA,NA,NA,10,7.2,1.9,0,0,-0.07,1
101,"Cole Hamels","SP",37.6,"L","L","ATL","LAD",1,1e+06,1e+06,2020,NA,NA,NA,NA,NA,3.3,8.1,1.2,0,NA,-0.08,1
414,"Tony Watson","RP",35.8,"L","L","PHI","LAA",1,1e+06,1e+06,2020,NA,NA,NA,NA,NA,18,2.5,0.89,1,2,0.15,1
397,"Steve Cishek","RP",34.8,"R","R","HOU","LAA",1,1e+06,1e+06,2020,NA,NA,NA,NA,NA,20,5.4,1.5,0,0,-0.22,1
60,"Brandon Workman","RP",32.5,"R","R","PHI","CHC",1,1e+06,1e+06,2020,NA,NA,NA,NA,NA,19.7,5.95,2.24,1,9,0.1,1
156,"Felix Hernandez","SP",34.8,"R","R","ATL","BAL",1,1e+06,1e+06,2020,NA,NA,NA,NA,NA,NA,NA,NA,NA,NA,NA,1
378,"Ryan Zimmerman","1B",36.2,"R","R","WSH","WSH",1,1e+06,1e+06,2020,NA,NA,NA,NA,NA,NA,NA,NA,NA,NA,NA,2
90,"Chris Devenski","RP",30.2,"R","R","HOU","ARI",1,1e+06,1e+06,2020,NA,NA,NA,NA,NA,3.7,14.73,2.73,0,0,-0.36,1
312,"Matt Duffy","3B",29.9,"R","R","NYY","CHC",1,1e+06,1e+06,2020,NA,NA,NA,NA,NA,NA,NA,NA,NA,NA,NA,2
5,"Abraham Almonte","CF",31.3,NA,"R","SD","ATL",1,990000,990000,2020,1,NA,NA,0.091,0.322,NA,NA,NA,NA,NA,-0.16,3
120,"Daniel Robertson","SS",26.8,"R","R","SF","MIL",1,9e+05,9e+05,2020,7,2,NA,0.333,0.75,NA,NA,NA,NA,NA,0.03,2
294,"Maikel Franco","3B",28.5,"R","R","KC","BAL",1,8e+05,8e+05,2020,62,38,8,0.278,0.778,NA,NA,NA,NA,NA,1.04,2
376,"Ryan Tepera","RP",33.2,"R","R","CHC","CHC",1,8e+05,8e+05,2020,NA,NA,NA,NA,NA,20.7,3.92,1.4,0,0,0.21,1
230,"John Brebbia","RP",30.5,"L","R","STL","SF",1,8e+05,8e+05,2020,NA,NA,NA,NA,NA,NA,NA,NA,NA,NA,NA,1
274,"Keynan Middleton","RP",27.2,"R","R","LAA","SEA",1,8e+05,8e+05,2020,NA,NA,NA,NA,NA,12,5.25,1.5,0,0,0.02,1
352,"Oliver Drake","RP",34.1,"R","R","TB","TB",1,775000,775000,2020,NA,NA,NA,NA,NA,11,5.73,1.18,0,2,-0.11,1
236,"Jonathan Holder","RP",27.5,"R","R","NYY","CHC",1,750000,750000,2020,NA,NA,NA,NA,NA,21.7,4.99,1.66,3,0,0.12,1
382,"Sam McWilliams","RP",25.2,"R","R","TB","NYM",1,750000,750000,2020,NA,NA,NA,NA,NA,NA,NA,NA,NA,NA,NA,1
277,"Kohl Stewart","SP",26.2,"R","R","BAL","CHC",1,7e+05,7e+05,2020,NA,NA,NA,NA,NA,NA,NA,NA,NA,NA,NA,1
68,"Brian O'Grady","LF",28.5,"L","R","TB","SD",1,650000,650000,2020,2,NA,NA,0.4,1,NA,NA,NA,NA,NA,0.09,3
383,"Scott Heineman","OF",27.9,"R","R","TEX","TEX",1,595000,595000,2020,8,7,1,0.154,0.454,NA,NA,NA,NA,NA,-0.26,3
381,"Sam Clay","RP",27.3,"L","L","MIN","WSH",1,575000,575000,2020,NA,NA,NA,NA,NA,NA,NA,NA,NA,NA,NA,1
16,"Albert Pujols","DH",41.2,"R","R","LAA","LAD",1,570500,570500,2020,34,25,6,0.224,0.665,NA,NA,NA,NA,NA,0.01,4
223,"Joe Gatto","RP",25.4,"R","R","LAA","TEX",1,570500,570500,2020,NA,NA,NA,NA,NA,NA,NA,NA,NA,NA,NA,1
373,"Ross Detwiler","RP",35.5,"R","L","MIA","SD",NA,NA,NA,2020,NA,NA,NA,NA,NA,19.7,3.2,1.22,1,0,0.14,1
245,"Jose Iglesias","SS",31.7,"R","R","LAA","BOS",NA,NA,NA,2020,53,24,3,0.373,0.956,NA,NA,NA,NA,NA,1.27,2
309,"Matt Andriese","RP",31.9,"R","R","BOS","SEA",NA,NA,NA,2020,NA,NA,NA,NA,NA,32,4.5,1,2,2,0.58,1
389,"Shane Greene","RP",32.8,"R","R","ATL","LAD",NA,NA,NA,2020,NA,NA,NA,NA,NA,27.7,2.6,1.12,1,0,1.02,1
446,"Yoshitomo Tsutsugo","1B",29.7,"L","R","LAD","PIT",NA,NA,NA,2020,31,24,8,0.197,0.709,NA,NA,NA,NA,NA,0.27,2
363,"René Rivera","C",37.9,"R","R","CLE","WSH",NA,NA,NA,2020,1,NA,NA,0.25,0.5,NA,NA,NA,NA,NA,0.09,2
7,"Adam Eaton","RF",32.6,"L","L","CHW","LAA",NA,NA,NA,2020,36,17,4,0.226,0.669,NA,NA,NA,NA,NA,-0.7,3
192,"Jake Faria","RP",27.8,"R","R","LAA","ARI",NA,NA,NA,2020,NA,NA,NA,NA,NA,NA,NA,NA,NA,NA,NA,1
219,"Jhoulys Chacin","SP",33.2,"R","R","NYY","COL",NA,NA,NA,2020,NA,NA,NA,NA,NA,5,7.2,1.8,1,NA,-0.13,1
75,"Caleb Joseph","C",34.7,"R","R","TOR","NYM",1,NA,NA,2020,1,2,1,0.125,0.722,NA,NA,NA,NA,NA,0.04,2
207,"Jason Vosler","3B",27.2,"L","R","SD","SF",1,NA,NA,2020,NA,NA,NA,NA,NA,NA,NA,NA,NA,NA,NA,2
107,"Corey Seager","SS",27.6,"L","R","LAD","TEX",10,3.25e+08,32500000,2021,108,57,16,0.306,0.915,NA,NA,NA,NA,NA,3.7,2
280,"Kris Bryant","RF",30.2,"R","R","SF","COL",7,1.82e+08,2.6e+07,2021,136,73,25,0.265,0.834,NA,NA,NA,NA,NA,2.17,3
300,"Marcus Semien","2B",31.2,"R","R","TOR","TEX",7,1.75e+08,2.5e+07,2021,173,102,45,0.265,0.872,NA,NA,NA,NA,NA,7.25,2
159,"Freddie Freeman","1B",32.5,"L","R","ATL","LAD",6,1.62e+08,2.7e+07,2021,180,83,31,0.3,0.895,NA,NA,NA,NA,NA,4.65,2
423,"Trevor Story","SS",29.3,"R","R","COL","BOS",6,1.4e+08,23333333,2021,132,75,24,0.251,0.8,NA,NA,NA,NA,NA,4.21,2
208,"Javier Baez","SS",28.9,"R","R","NYM","DET",6,1.4e+08,23333333,2021,133,87,31,0.265,0.813,NA,NA,NA,NA,NA,2.66,2
320,"Max Scherzer","SP",37.3,"R","R","LAD","NYM",3,1.3e+08,43333333,2021,NA,1,NA,NA,NA,179.3,2.46,0.86,15,NA,3.24,1
367,"Robbie Ray","SP",30.1,"L","L","TOR","SEA",5,1.15e+08,2.3e+07,2021,NA,NA,NA,NA,NA,193.3,2.84,1.05,13,NA,6.59,1
270,"Kevin Gausman","SP",30.8,"L","R","SF","TOR",5,1.1e+08,2.2e+07,2021,10,4,NA,0.185,0.396,192,2.81,1.04,14,NA,5.11,1
77,"Carlos Correa","SS",27.4,"R","R","HOU","MIN",3,105300000,35100000,2021,154,92,26,0.277,0.847,NA,NA,NA,NA,NA,7.23,2
344,"Nick Castellanos","DH",30,"R","R","CIN","PHI",5,1e+08,2e+07,2021,164,100,34,0.309,0.939,NA,NA,NA,NA,NA,3.24,4
283,"Kyle Schwarber","LF",29,"L","R","BOS","PHI",4,7.9e+07,19750000,2021,106,71,32,0.266,0.928,NA,NA,NA,NA,NA,1.83,3
394,"Starling Marte","RF",33.1,"R","R","OAK","NYM",4,7.8e+07,19500000,2021,144,55,12,0.308,0.837,NA,NA,NA,NA,NA,2.81,3
144,"Eduardo Rodriguez","SP",28.6,"L","L","BOS","DET",5,7.7e+07,15400000,2021,NA,NA,NA,NA,NA,157.7,4.74,1.39,13,NA,1.75,1
301,"Marcus Stroman","SP",30.6,"R","R","NYM","CHC",3,7.1e+07,23666667,2021,5,1,NA,0.098,0.301,179,3.02,1.15,10,NA,3.36,1
94,"Chris Taylor","3B",31.2,"R","R","LAD","LAD",4,6e+07,1.5e+07,2021,129,73,20,0.254,0.782,NA,NA,NA,NA,NA,2.59,2
362,"Raisel Iglesias","RP",31.8,"R","R","LAA","LAA",4,5.8e+07,14500000,2021,NA,NA,NA,NA,NA,70,2.57,0.93,7,34,2.79,1
233,"Jon Gray","SP",30,"R","R","COL","TEX",4,5.6e+07,1.4e+07,2021,5,3,NA,0.106,0.212,149,4.59,1.33,8,NA,1.48,1
47,"Avisaíl García","RF",30.4,"R","R","MIL","MIA",4,5.3e+07,13250000,2021,121,86,29,0.262,0.821,NA,NA,NA,NA,NA,2.9,3
263,"Justin Verlander","SP",38.7,"R","R","HOU","HOU",2,5e+07,2.5e+07,2021,NA,NA,NA,NA,NA,NA,NA,NA,NA,NA,NA,1
79,"Carlos Rodon","SP",29.2,"L","L","CHW","SF",2,4.4e+07,2.2e+07,2021,NA,NA,NA,NA,NA,132.7,2.37,0.96,13,NA,5.07,1
398,"Steven Matz","SP",30.4,"R","L","TOR","STL",4,4.4e+07,1.1e+07,2021,NA,NA,NA,NA,NA,150.7,3.82,1.33,14,NA,2.07,1
243,"Jorge Soler","DH",30,"R","R","ATL","MIA",3,3.6e+07,1.2e+07,2021,115,70,27,0.223,0.748,NA,NA,NA,NA,NA,-1.35,4
448,"Yusei Kikuchi","SP",30.7,"L","L","SEA","TOR",3,3.6e+07,1.2e+07,2021,NA,NA,NA,NA,NA,157,4.41,1.32,7,NA,1.73,1
36,"Anthony DeSclafani","SP",31.6,"R","R","SF","SF",3,3.6e+07,1.2e+07,2021,2,1,NA,0.039,0.168,167.7,3.17,1.09,13,NA,4.17,1
38,"Anthony Rizzo","1B",32.6,"L","L","NYY","NYY",2,3.2e+07,1.6e+07,2021,123,61,22,0.248,0.784,0.7,NA,NA,NA,NA,1.18,2
302,"Mark Canha","LF",32.8,"R","R","OAK","NYM",2,26500000,13250000,2021,120,61,17,0.231,0.745,NA,NA,NA,NA,NA,2.54,3
346,"Nick Martinez","RP",31.6,"L","R","TEX","SD",4,25500000,6375000,2021,NA,NA,NA,NA,NA,NA,NA,NA,NA,NA,NA,1
25,"Alex Wood","SP",30.8,"R","L","SF","SF",2,2.5e+07,12500000,2021,NA,NA,NA,NA,0.116,138.7,3.83,1.18,10,NA,1.63,1
267,"Kendall Graveman","RP",30.9,"R","R","HOU","CHW",3,2.4e+07,8e+06,2021,NA,NA,NA,NA,NA,56,1.77,0.98,5,10,1.67,1
349,"Noah Syndergaard","SP",29.2,"L","R","NYM","LAA",1,2.1e+07,2.1e+07,2021,NA,NA,NA,NA,NA,2,9,1.5,0,NA,-0.1,1
19,"Alex Cobb","SP",34.1,"R","R","LAA","SF",2,2e+07,1e+07,2021,NA,NA,NA,NA,NA,93.3,3.76,1.26,8,NA,1.63,1
143,"Eduardo Escobar","3B",32.8,NA,"R","MIL","NYM",2,2e+07,1e+07,2021,139,90,28,0.253,0.786,NA,NA,NA,NA,NA,2.13,2
56,"Brandon Belt","1B",33.5,"L","L","SF","SF",1,18400000,18400000,2021,89,59,29,0.274,0.975,NA,NA,NA,NA,NA,2.65,2
142,"Eddie Rosario","LF",30.4,"L","R","ATL","ATL",2,1.8e+07,9e+06,2021,98,62,14,0.259,0.74,NA,NA,NA,NA,NA,0.56,3
224,"Joe Kelly","RP",33.8,"R","R","LAD","CHW",2,1.7e+07,8500000,2021,NA,NA,NA,NA,NA,44,2.86,0.98,2,2,0.7,1
97,"Clayton Kershaw","SP",33.9,"L","L","LAD","LAD",1,1.7e+07,1.7e+07,2021,8,3,NA,0.222,0.465,121.7,3.55,1.02,10,NA,2.11,1
171,"Hector Neris","RP",32.4,"R","R","PHI","HOU",2,1.7e+07,8500000,2021,NA,NA,NA,NA,NA,74.3,3.63,1.17,4,12,1.18,1
4,"Aaron Loup","RP",33.9,"L","L","NYM","LAA",2,1.7e+07,8500000,2021,NA,NA,NA,NA,NA,56.7,0.95,0.94,6,0,2.79,1
285,"Leury García","2B",30.7,NA,"R","CHW","CHW",3,16500000,5500000,2021,111,54,5,0.267,0.711,NA,NA,NA,NA,NA,2.11,2
268,"Kenley Jansen","RP",34.4,NA,"R","LAD","ATL",1,1.6e+07,1.6e+07,2021,NA,NA,NA,NA,NA,69,2.22,1.04,4,38,2.29,1
342,"Nelson Cruz","DH",41.7,"R","R","TB","WSH",1,1.5e+07,1.5e+07,2021,136,86,32,0.265,0.831,NA,NA,NA,NA,NA,2.05,4
376,"Ryan Tepera","RP",34.3,"R","R","CHW","LAA",2,1.4e+07,7e+06,2021,NA,NA,NA,NA,NA,61.3,2.79,0.88,0,2,1.1,1
303,"Mark Melancon","RP",36.7,"R","R","SD","ARI",2,1.4e+07,7e+06,2021,NA,NA,NA,NA,NA,64.7,2.23,1.22,4,39,2.13,1
455,"Zack Greinke","SP",38.3,"R","R","HOU","KC",1,1.3e+07,1.3e+07,2021,NA,NA,NA,NA,NA,171,4.16,1.17,11,NA,1.19,1
28,"Andrew Chafin","RP",31.7,"R","L","OAK","DET",2,1.3e+07,6500000,2021,NA,NA,NA,NA,NA,68.7,1.84,0.93,2,5,1.48,1
442,"Yan Gomes","C",34.3,"R","R","OAK","CHC",2,1.3e+07,6500000,2021,88,52,14,0.252,0.722,NA,NA,NA,NA,NA,2.05,2
444,"Yimi Garcia","RP",31.2,"R","R","HOU","TOR",2,1.1e+07,5500000,2021,NA,NA,NA,NA,NA,57.7,4.21,1.16,4,15,0.8,1
55,"Brad Miller","LF",32.3,"L","R","PHI","TEX",2,1e+07,5e+06,2021,75,49,20,0.227,0.774,NA,NA,NA,NA,NA,0.36,3
103,"Collin McHugh","RP",34.7,"R","R","TB","ATL",2,1e+07,5e+06,2021,NA,NA,NA,NA,NA,64,1.55,0.94,6,1,1.96,1
200,"James Paxton","SP",33,"L","L","SEA","BOS",1,1e+07,1e+07,2021,NA,NA,NA,NA,NA,1.3,6.75,0.75,0,NA,-0.01,1
106,"Corey Knebel","RP",30,"R","R","LAD","PHI",1,1e+07,1e+07,2021,NA,NA,NA,NA,NA,25.7,2.46,0.97,4,3,0.71,1
70,"Brooks Raley","RP",33.4,"L","L","HOU","TB",2,1e+07,5e+06,2021,NA,NA,NA,NA,NA,49,4.78,1.2,2,2,-0.43,1
31,"Andrew McCutchen","RF",35.4,"R","R","PHI","MIL",1,8500000,8500000,2021,107,80,27,0.222,0.778,NA,NA,NA,NA,NA,1.36,3
29,"Andrew Heaney","SP",30.4,"L","L","NYY","LAD",1,8500000,8500000,2021,1,NA,NA,0.333,0.833,129.7,5.83,1.32,8,NA,0.8,1
275,"Kirby Yates","RP",34.7,"L","R","TOR","ATL",2,8250000,4125000,2021,NA,NA,NA,NA,NA,NA,NA,NA,NA,NA,NA,1
428,"Tyler Anderson","SP",32.2,"L","L","SEA","LAD",1,8e+06,8e+06,2021,4,1,1,0.103,0.304,167,4.53,1.25,7,NA,1.36,1
191,"Jake Diekman","RP",35.1,"L","L","OAK","BOS",2,8e+06,4e+06,2021,NA,NA,NA,NA,NA,60.7,3.86,1.34,3,7,0.36,1
105,"Corey Kluber","SP",35.6,"R","R","NYY","TB",1,8e+06,8e+06,2021,NA,NA,NA,NA,NA,80,3.83,1.34,5,NA,1.44,1
296,"Manuel Pina","C",34.4,"R","R","MIL","ATL",2,8e+06,4e+06,2021,34,33,13,0.189,0.732,NA,NA,NA,NA,NA,1.3,2
411,"Tommy Pham","LF",34,"R","R","SD","CIN",1,7500000,7500000,2021,109,49,15,0.229,0.723,NA,NA,NA,NA,NA,1.38,3
241,"Jordan Lyles","SP",31.1,"R","R","TEX","BAL",1,7e+06,7e+06,2021,NA,NA,NA,NA,NA,180,5.15,1.39,10,NA,-0.07,1
289,"Luis Garcia","RP",34.8,"R","R","STL","SD",2,7e+06,3500000,2021,NA,NA,NA,NA,NA,33.3,3.24,0.99,1,2,0.35,1
117,"Daniel Hudson","RP",34.7,"R","R","SD","LAD",1,7e+06,7e+06,2021,NA,NA,NA,NA,NA,51.7,3.31,1.08,5,0,0.98,1
329,"Michael Wacha","SP",30.3,"R","R","TB","BOS",1,7e+06,7e+06,2021,NA,NA,NA,NA,NA,124.7,5.05,1.31,3,NA,-0.61,1
326,"Michael Lorenzen","SP",29.8,"R","R","CIN","LAA",1,6750000,6750000,2021,NA,NA,NA,NA,NA,29,5.59,1.38,1,NA,-0.06,1
222,"Joc Pederson","LF",29.8,"L","L","ATL","SF",1,6e+06,6e+06,2021,103,61,18,0.24,0.739,NA,NA,NA,NA,NA,-0.26,3
54,"Brad Hand","RP",31.9,"L","L","NYM","PHI",1,6e+06,6e+06,2021,NA,NA,NA,NA,NA,64.7,3.9,1.27,6,21,0.27,1
218,"Jeurys Familia","RP",32.4,"R","R","NYM","PHI",1,6e+06,6e+06,2021,NA,NA,NA,NA,NA,59.3,3.94,1.42,9,1,0.02,1
161,"Garrett Richards","SP",33.8,"R","R","BOS","TEX",1,5500000,5500000,2021,1,1,NA,0.2,0.6,136.7,4.87,1.6,7,NA,0.28,1
327,"Michael Pineda","SP",33.2,"R","R","MIN","DET",1,5500000,5500000,2021,NA,NA,NA,NA,NA,109.3,3.62,1.24,9,NA,1.55,1
251,"Josh Harrison","2B",34.7,"R","R","OAK","CHW",1,5500000,5500000,2021,141,60,8,0.279,0.741,NA,NA,NA,NA,NA,2.55,2
139,"Drew Smyly","SP",32.8,"L","L","ATL","CHC",1,5250000,5250000,2021,3,NA,NA,0.073,0.146,126.7,4.48,1.37,11,NA,0.78,1
310,"Matt Boyd","SP",31.1,"L","L","DET","SF",1,5200000,5200000,2021,1,NA,NA,0.333,0.833,78.7,3.89,1.27,3,NA,1.35,1
278,"Kole Calhoun","RF",34.1,"L","L","ARI","TEX",1,5200000,5200000,2021,39,17,5,0.235,0.67,NA,NA,NA,NA,NA,-0.09,3
104,"Corey Dickerson","LF",32.8,"L","R","TOR","STL",1,5e+06,5e+06,2021,91,29,6,0.271,0.734,NA,NA,NA,NA,NA,-0.1,3
338,"Mychal Givens","RP",31.8,"R","R","CIN","CHC",1,5e+06,5e+06,2021,NA,NA,NA,NA,NA,51,3.35,1.37,4,8,1.11,1
245,"Jose Iglesias","SS",32.2,"R","R","BOS","COL",1,5e+06,5e+06,2021,131,48,9,0.271,0.7,NA,NA,NA,NA,NA,-1.09,2
141,"Dylan Bundy","SP",29,NA,"R","LAA","MIN",1,5e+06,5e+06,2021,1,NA,NA,0.25,0.5,90.7,6.06,1.36,2,NA,-0.29,1
364,"Rich Hill","SP",41.7,"L","L","NYM","BOS",1,5e+06,5e+06,2021,3,NA,NA,0.125,0.25,158.7,3.86,1.21,7,NA,0.78,1
369,"Roberto Perez","C",32.9,"R","R","CLE","PIT",1,5e+06,5e+06,2021,21,17,7,0.149,0.564,NA,NA,NA,NA,NA,-0.11,2
179,"Ian Kennedy","RP",37.2,"R","R","PHI","ARI",1,4750000,4750000,2021,NA,NA,NA,NA,NA,56.3,3.2,1.1,3,27,1.14,1
422,"Trevor Rosenthal","RP",32.1,"R","R","OAK","SF",1,4500000,4500000,2021,NA,NA,NA,NA,NA,NA,NA,NA,NA,NA,NA,1
450,"Zach Davies","SP",29.1,"R","R","CHC","ARI",1,4500000,4500000,2021,6,2,NA,0.176,0.352,148,5.78,1.6,6,NA,-0.95,1
136,"Donovan Solano","2B",34.2,"R","R","SF","CIN",1,4500000,4500000,2021,86,31,7,0.28,0.748,NA,NA,NA,NA,NA,1.14,2
20,"Alex Colome","RP",33.2,"R","R","MIN","COL",1,4100000,4100000,2021,NA,NA,NA,NA,NA,65,4.15,1.4,4,17,-0.65,1
11,"Adam Ottavino","RP",36.2,NA,"R","BOS","NYM",1,4e+06,4e+06,2021,NA,NA,NA,NA,NA,62,4.21,1.45,7,11,0.81,1
305,"Martin Perez","SP",30.9,"L","L","BOS","TEX",1,4e+06,4e+06,2021,NA,NA,NA,NA,NA,114,4.74,1.51,7,NA,0.51,1
26,"Andrelton Simmons","SS",32.5,"R","R","MIN","CHC",1,4e+06,4e+06,2021,92,31,3,0.223,0.557,NA,NA,NA,NA,NA,1.47,2
82,"Cesar Hernandez","2B",31.5,NA,"R","CHW","WSH",1,4e+06,4e+06,2021,132,62,21,0.232,0.694,NA,NA,NA,NA,NA,1.12,2
446,"Yoshitomo Tsutsugo","1B",29.9,"L","R","PIT","PIT",1,4e+06,4e+06,2021,50,32,8,0.217,0.69,NA,NA,NA,NA,NA,-0.6,2
88,"Chris Archer","SP",33.5,"R","R","TB","MIN",1,3750000,3750000,2021,NA,NA,NA,NA,NA,19.3,4.66,1.35,1,NA,-0.11,1
41,"Archie Bradley","RP",29.6,"R","R","PHI","LAA",1,3750000,3750000,2021,NA,NA,NA,NA,NA,51,3.71,1.43,7,2,0.68,1
130,"David Robertson","RP",36.9,"R","R","TB","CHC",1,3500000,3500000,2021,NA,NA,NA,NA,NA,12,4.5,1.25,0,0,-0.11,1
71,"Bryan Shaw","RP",34.3,NA,"R","CLE","CLE",1,3e+06,3e+06,2021,NA,NA,NA,NA,NA,77.3,3.49,1.38,6,2,1.25,1
121,"Danny Duffy","SP",33.2,"L","L","LAD","LAD",1,3e+06,3e+06,2021,NA,NA,NA,NA,NA,61,2.51,1.21,4,NA,2.07,1
84,"Chad Kuhl","RP",29.5,"R","R","PIT","COL",1,3e+06,3e+06,2021,1,NA,NA,0.048,0.139,80.3,4.82,1.43,5,0,0.12,1
317,"Matt Strahm","RP",30.3,"R","L","SD","BOS",1,3e+06,3e+06,2021,NA,NA,NA,NA,NA,6.7,8.1,2.4,0,0,-0.18,1
92,"Chris Martin","RP",35.8,"R","R","ATL","CHC",1,2750000,2750000,2021,NA,NA,NA,NA,NA,43.3,3.95,1.27,2,1,0.41,1
16,"Albert Pujols","DH",42.2,"R","R","LAD","STL",1,2500000,2500000,2021,65,50,17,0.236,0.717,NA,NA,NA,NA,NA,-0.72,4
226,"Joe Smith","RP",37.9,"R","R","SEA","MIN",1,2500000,2500000,2021,NA,NA,NA,NA,NA,39.7,4.99,1.39,4,0,-0.49,1
52,"Brad Boxberger","RP",33.8,"R","R","MIL","MIL",1,2500000,2500000,2021,NA,NA,NA,NA,NA,64.7,3.34,1.07,5,4,1.16,1
227,"Joely Rodriguez","RP",29.9,"L","L","NYY","NYY",1,2500000,2500000,2021,NA,NA,NA,NA,NA,46.3,4.66,1.53,2,1,-0.63,1
170,"Heath Hembree","RP",33.2,"R","R","NYM","PIT",1,2125000,2125000,2021,NA,NA,NA,NA,NA,58,5.59,1.19,2,9,-0.54,1
348,"Niko Goodrum","2B",30,NA,"R","DET","HOU",1,2100000,2100000,2021,62,33,9,0.214,0.651,NA,NA,NA,NA,NA,0.03,2
311,"Matt Carpenter","3B",36.5,"L","R","TEX","NYY",1,2e+06,2e+06,2021,35,21,3,0.169,0.58,1.3,NA,NA,NA,NA,-1.05,2
248,"Jose Quintana","SP",32.8,"R","L","SF","PIT",1,2e+06,2e+06,2021,1,NA,NA,1,2,63,6.43,1.73,0,NA,-0.88,1
357,"Pedro Severino","C",28.3,"R","R","BAL","MIL",1,1900000,1900000,2021,94,46,11,0.248,0.691,NA,NA,NA,NA,NA,0.95,2
177,"Hunter Strickland","RP",33.4,"R","R","MIL","CIN",1,1825000,1825000,2021,NA,NA,NA,NA,NA,58.7,2.61,1.16,3,0,0.3,1
119,"Daniel Norris","RP",28.8,"L","L","MIL","CHC",1,1750000,1750000,2021,NA,NA,NA,NA,NA,57,6.16,1.49,2,1,-0.32,1
351,"Odubel Herrera","CF",30.2,"L","R","PHI","PHI",1,1750000,1750000,2021,117,51,13,0.26,0.726,NA,NA,NA,NA,NA,1.78,3
281,"Kurt Suzuki","C",38.4,"R","R","LAA","LAA",1,1750000,1750000,2021,49,16,6,0.224,0.636,NA,NA,NA,NA,NA,-0.43,2
397,"Steve Cishek","RP",35.7,"R","R","LAA","WSH",1,1750000,1750000,2021,NA,NA,NA,NA,NA,68.3,3.42,1.49,0,0,1.16,1
169,"Hanser Alberto","2B",29.3,"R","R","KC","LAD",1,1600000,1600000,2021,65,24,2,0.27,0.693,0.3,NA,NA,NA,NA,0.37,2
312,"Matt Duffy","3B",31.2,"R","R","CHC","LAA",1,1500000,1500000,2021,83,30,5,0.287,0.738,0.3,NA,NA,NA,NA,1.64,2
385,"Sean Doolittle","RP",35.4,"L","L","SEA","WSH",1,1500000,1500000,2021,NA,NA,NA,NA,NA,49.7,4.53,1.47,3,1,0.65,1
148,"Ehire Adrianza","SS",32.5,NA,"R","ATL","WSH",1,1500000,1500000,2021,45,28,5,0.247,0.728,NA,NA,NA,NA,NA,0.3,2
98,"Clint Frazier","OF",27.2,"R","R","NYY","CHC",1,1500000,1500000,2021,34,15,5,0.186,0.634,NA,NA,NA,NA,NA,-1.41,3
229,"Johan Camargo","3B",27.9,NA,"R","ATL","PHI",1,1400000,1400000,2021,NA,NA,NA,NA,0.111,NA,NA,NA,NA,NA,-0.36,2
194,"Jake Marisnick","CF",31,"R","R","SD","PIT",1,1300000,1300000,2021,38,24,5,0.216,0.661,NA,NA,NA,NA,NA,0.42,3
215,"Jesse Chavez","RP",38.5,"R","R","ATL","CHC",1,1250000,1250000,2021,NA,NA,NA,NA,NA,33.7,2.14,0.98,3,0,1.12,1
219,"Jhoulys Chacin","SP",33.8,"R","R","COL","COL",1,1250000,1250000,2021,NA,NA,NA,NA,NA,64.3,4.34,1.26,3,NA,0.65,1
347,"Nick Wittgren","RP",30.8,"R","R","CLE","STL",1,1200000,1200000,2021,NA,NA,NA,NA,NA,62.3,5.05,1.24,2,1,-0.03,1
102,"Colin Moran","1B",29.4,"L","R","PIT","CIN",1,1e+06,1e+06,2021,82,50,10,0.258,0.724,NA,NA,NA,NA,NA,-0.01,2
21,"Alex Dickerson","LF",31.8,"L","L","SF","ATL",1,1e+06,1e+06,2021,66,38,13,0.233,0.724,NA,NA,NA,NA,NA,-0.1,3
114,"Dan Vogelbach","DH",29.2,"L","R","MIL","PIT",1,1e+06,1e+06,2021,47,24,9,0.219,0.73,NA,NA,NA,NA,NA,-0.17,4
403,"Taylor Clarke","RP",28.5,"R","R","ARI","KC",1,975000,975000,2021,1,NA,NA,0.333,0.666,43.3,4.99,1.52,1,0,0.02,1
205,"Jason Adam","RP",30.6,"R","R","CHC","TB",1,9e+05,9e+05,2021,NA,NA,NA,NA,NA,10.7,5.91,1.5,1,0,-0.1,1
406,"Tim Locastro","OF",29.6,"R","R","BOS","NYY",1,9e+05,9e+05,2021,25,7,2,0.18,0.515,NA,NA,NA,NA,NA,-0.81,3
371,"Robinson Chirinos","C",37.8,"R","R","CHC","BAL",1,9e+05,9e+05,2021,22,15,5,0.227,0.778,NA,NA,NA,NA,NA,0.16,2
291,"Luke Maile","C",31.1,"R","R","MIL","CLE",1,9e+05,9e+05,2021,9,3,NA,0.3,0.815,1,NA,NA,NA,NA,0.25,2
210,"Jed Lowrie","2B",37.9,NA,"R","OAK","OAK",1,850000,850000,2021,112,69,14,0.245,0.716,NA,NA,NA,NA,NA,0.13,2
396,"Stephen Vogt","C",37.3,"L","R","ATL","OAK",1,850000,850000,2021,41,25,7,0.195,0.616,NA,NA,NA,NA,NA,0.27,2
30,"Andrew Knapp","C",30.3,NA,"R","CIN","PIT",1,8e+05,8e+05,2021,22,11,2,0.152,0.429,0.3,NA,NA,NA,NA,-1.47,2
231,"John Curtiss","RP",29,"R","R","MIL","NYM",1,770000,770000,2021,NA,NA,NA,NA,NA,44.3,3.45,1.22,3,0,0.92,1
420,"Trevor Gott","RP",29.2,"R","R","SF","MIL",1,725000,725000,2021,NA,NA,NA,NA,NA,NA,NA,NA,NA,NA,NA,1
325,"Michael Hermosillo","CF",26.8,"R","R","CHC","CHC",1,707000,707000,2021,7,7,3,0.194,0.737,NA,NA,NA,NA,NA,0.12,3
34,"Anthony Banda","RP",29,"L","L","SEA","NYY",1,7e+05,7e+05,2021,NA,NA,NA,NA,NA,33.7,4.28,1.55,2,0,-0.33,1
262,"Justin Upton","LF",34.7,"R","R","LAA","SEA",1,7e+05,7e+05,2021,67,41,17,0.211,0.705,NA,NA,NA,NA,NA,-0.71,3
220,"Jimmy Nelson","RP",32.8,"R","R","LAD","LAD",1,7e+05,7e+05,2021,NA,NA,NA,NA,NA,29,1.86,0.93,1,0,0.93,1
273,"Kevin Plawecki","C",31.5,"R","R","BOS","TEX",NA,NA,NA,2021,45,15,3,0.287,0.738,1,NA,NA,NA,NA,0.18,2
149,"Elvis Andrus","SS",33.9,"R","R","OAK","CHW",NA,NA,NA,2021,121,37,3,0.243,0.614,NA,NA,NA,NA,NA,0.6,2
186,"Jackie Bradley Jr.","CF",32.2,"L","R","BOS","TOR",NA,NA,NA,2021,63,29,6,0.163,0.497,NA,NA,NA,NA,NA,-0.66,3
195,"Jake McGee","RP",35.9,"L","L","SF","MIL",NA,NA,NA,2021,NA,NA,NA,NA,NA,59.7,2.72,0.91,3,31,0.98,1
372,"Roman Quinn","CF",29.2,NA,"R","PHI","TB",NA,NA,NA,2021,9,2,NA,0.173,0.594,NA,NA,NA,NA,NA,0.23,3
239,"Jonathan Villar","SS",31.2,NA,"R","CHC","LAA",NA,NA,NA,2021,113,42,18,0.249,0.738,NA,NA,NA,NA,NA,1.74,2
387,"Sergio Romo","RP",39.2,"R","R","SEA","TOR",NA,NA,NA,2021,NA,NA,NA,NA,NA,61.7,4.67,1.25,1,3,0.08,1
370,"Robinson Canó","DH",39.5,"L","R","NYM","SD",NA,NA,NA,2021,NA,NA,NA,NA,NA,NA,NA,NA,NA,NA,NA,4
33,"Andrew Vasquez","RP",28.4,"L","L","LAD","TOR",NA,NA,NA,2021,NA,NA,NA,NA,NA,1.7,NA,0.6,0,0,0.08,1
375,"Rougned Odor","2B",27.8,"L","R","NYY","BAL",1,NA,NA,2021,65,39,15,0.202,0.665,NA,NA,NA,NA,NA,0.33,2
3,"Aaron Judge","CF",30.6,"R","R","NYY","NYY",9,3.6e+08,4e+07,2022,177,131,62,0.311,1.111,NA,NA,NA,NA,NA,10.53,3
417,"Trea Turner","SS",29.4,"R","R","LAD","PHI",11,3e+08,27272727,2022,194,100,21,0.298,0.809,NA,NA,NA,NA,NA,4.84,2
440,"Xander Bogaerts","SS",30.2,"R","R","BOS","SD",11,2.8e+08,25454545,2022,171,73,15,0.307,0.833,NA,NA,NA,NA,NA,5.42,2
77,"Carlos Correa","SS",28.2,"R","R","MIN","MIN",6,2e+08,33333333,2022,152,64,22,0.291,0.833,NA,NA,NA,NA,NA,5.55,2
188,"Jacob deGrom","SP",34.4,"L","R","NYM","TEX",5,1.85e+08,3.7e+07,2022,NA,NA,NA,NA,NA,64.3,3.08,0.75,5,NA,1.42,1
124,"Dansby Swanson","SS",28.8,"R","R","ATL","CHC",7,1.77e+08,25285714,2022,177,96,25,0.277,0.776,NA,NA,NA,NA,NA,5.57,2
79,"Carlos Rodon","SP",30,"L","L","SF","NYY",6,1.62e+08,2.7e+07,2022,NA,NA,NA,NA,NA,178,2.88,1.03,14,NA,5.31,1
59,"Brandon Nimmo","CF",29.7,"L","R","NYM","NYM",8,1.62e+08,20250000,2022,159,64,16,0.274,0.8,NA,NA,NA,NA,NA,4.34,3
145,"Edwin Diaz","RP",28.6,"R","R","NYM","NYM",5,1.02e+08,20400000,2022,NA,NA,NA,NA,NA,62,1.31,0.84,3,32,3.08,1
307,"Masataka Yoshida","LF",29.3,"L","R",NA,"BOS",5,9e+07,1.8e+07,2022,NA,NA,NA,NA,NA,NA,NA,NA,NA,NA,NA,3
437,"Willson Contreras","C",30.5,"R","R","CHC","STL",5,87500000,17500000,2022,101,55,22,0.243,0.815,NA,NA,NA,NA,NA,3.72,2
263,"Justin Verlander","SP",39.8,"R","R","HOU","NYM",2,86666666,43333333,2022,NA,NA,NA,NA,NA,175,1.75,0.83,18,NA,5.5,1
27,"Andrew Benintendi","LF",28.4,"L","L","NYY","CHW",5,7.5e+07,1.5e+07,2022,140,51,5,0.304,0.772,NA,NA,NA,NA,NA,2.52,3
276,"Kodai Senga","SP",29.8,NA,NA,"JPN","NYM",5,7.5e+07,1.5e+07,2022,NA,NA,NA,NA,NA,NA,NA,NA,NA,NA,NA,1
401,"Taijuan Walker","SP",30.2,"R","R","NYM","PHI",4,7.2e+07,1.8e+07,2022,NA,NA,NA,NA,NA,157.3,3.49,1.2,12,NA,2.27,1
201,"Jameson Taillon","SP",31,"R","R","NYY","CHC",4,6.8e+07,1.7e+07,2022,NA,NA,NA,NA,NA,177.3,3.91,1.13,13,NA,1.36,1
89,"Chris Bassitt","SP",33.8,"R","R","NYM","TOR",3,6.3e+07,2.1e+07,2022,NA,NA,NA,NA,NA,181.7,3.42,1.15,15,NA,3.18,1
244,"Jose Abreu","1B",35.8,"R","R","CHW","HOU",3,58500000,19500000,2022,183,75,15,0.304,0.824,NA,NA,NA,NA,NA,4.19,2
368,"Robert Suarez","RP",31.7,NA,NA,"SD","SD",5,4.6e+07,9200000,2022,NA,NA,NA,NA,NA,47.7,2.27,1.05,5,1,1.36,1
336,"Mitch Haniger","LF",31.9,"R","R","SEA","SF",3,43500000,14500000,2022,55,34,11,0.246,0.737,NA,NA,NA,NA,NA,1.02,3
452,"Zach Eflin","SP",28.6,"R","R","PHI","TB",3,4e+07,13333333,2022,NA,NA,NA,NA,NA,75.7,4.04,1.12,3,NA,0.94,1
38,"Anthony Rizzo","1B",33.2,"L","L","NYY","NYY",2,4e+07,2e+07,2022,104,75,32,0.224,0.818,NA,NA,NA,NA,NA,2.32,2
428,"Tyler Anderson","SP",32.8,"L","L","LAD","LAA",3,3.9e+07,1.3e+07,2022,NA,NA,NA,NA,NA,178.7,2.57,1,15,NA,4.26,1
322,"Michael Conforto","RF",29.8,"L","R","NYM","SF",2,3.6e+07,1.8e+07,2022,NA,NA,NA,NA,NA,NA,NA,NA,NA,NA,NA,3
360,"Rafael Montero","RP",32,"R","R","HOU","HOU",3,34500000,11500000,2022,NA,NA,NA,NA,NA,68.3,2.37,1.02,5,14,1.22,1
340,"Nathan Eovaldi","SP",32.8,"R","R","BOS","TEX",2,3.4e+07,1.7e+07,2022,NA,NA,NA,NA,NA,109.3,3.87,1.24,6,NA,1.13,1
404,"Taylor Rogers","RP",32,"L","L","MIL","SF",3,3.3e+07,1.1e+07,2022,NA,NA,NA,NA,NA,64.3,4.76,1.18,4,31,-0.19,1
249,"Josh Bell","1B",30.2,NA,"R","SD","CLE",2,3.3e+07,16500000,2022,147,71,17,0.266,0.784,NA,NA,NA,NA,NA,3.5,2
268,"Kenley Jansen","RP",35.2,NA,"R","ATL","BOS",2,3.2e+07,1.6e+07,2022,NA,NA,NA,NA,NA,64,3.38,1.05,5,41,0.89,1
95,"Christian Vazquez","C",32.2,"R","R","HOU","MIN",3,3e+07,1e+07,2022,109,52,9,0.274,0.714,NA,NA,NA,NA,NA,2.31,2
329,"Michael Wacha","SP",31.6,"R","R","BOS","SD",4,2.6e+07,6500000,2022,NA,NA,NA,NA,NA,127.3,3.32,1.12,11,NA,3.31,1
248,"Jose Quintana","SP",33.8,"R","L","STL","NYM",2,2.6e+07,1.3e+07,2022,NA,NA,NA,NA,NA,165.7,2.93,1.21,6,NA,1.98,1
374,"Ross Stripling","SP",33,"R","R","TOR","SF",2,2.5e+07,12500000,2022,NA,NA,NA,NA,NA,134.3,3.02,1.02,10,NA,2.75,1
386,"Sean Manaea","SP",30.8,"R","L","SD","SF",2,2.5e+07,12500000,2022,NA,NA,NA,NA,NA,158,4.96,1.3,8,NA,-1.18,1
29,"Andrew Heaney","SP",31.5,"L","L","LAD","TEX",2,2.5e+07,12500000,2022,NA,NA,NA,NA,NA,72.7,3.1,1.09,4,NA,0.83,1
261,"Justin Turner","3B",38,"R","R","LAD","BOS",2,21700000,10850000,2022,130,81,13,0.278,0.788,NA,NA,NA,NA,NA,1.97,2
97,"Clayton Kershaw","SP",34.7,"L","L","LAD","LAD",1,2e+07,2e+07,2022,NA,NA,NA,NA,NA,126.3,2.28,0.94,12,NA,3.54,1
222,"Joc Pederson","LF",30.5,"L","L","SF","SF",1,19650000,19650000,2022,104,70,23,0.274,0.874,NA,NA,NA,NA,NA,1.41,3
305,"Martin Perez","SP",31.6,"L","L","TEX","TEX",1,19650000,19650000,2022,NA,NA,NA,NA,NA,196.3,2.89,1.26,12,NA,5.17,1
139,"Drew Smyly","SP",33.5,"L","L","CHC","CHC",2,1.9e+07,9500000,2022,NA,NA,NA,NA,NA,106.3,3.47,1.19,7,NA,1.86,1
100,"Cody Bellinger","CF",27.3,"L","L","LAD","CHC",1,17500000,17500000,2022,106,68,19,0.21,0.654,NA,NA,NA,NA,NA,1.13,3
209,"Jean Segura","3B",32.8,"R","R","PHI","MIA",2,1.7e+07,8500000,2022,98,33,10,0.277,0.723,NA,NA,NA,NA,NA,1.86,2
241,"Jordan Lyles","SP",32.2,"R","R","BAL","KC",2,1.7e+07,8500000,2022,NA,NA,NA,NA,NA,179,4.43,1.39,12,NA,1.03,1
57,"Brandon Drury","2B",30.2,"R","R","SD","LAA",2,1.7e+07,8500000,2022,136,87,28,0.263,0.812,NA,NA,NA,NA,NA,2.28,2
388,"Seth Lugo","SP",33.1,"R","R","NYM","SD",2,1.5e+07,7500000,2022,NA,NA,NA,NA,NA,65,3.6,1.17,4,NA,0.74,1
354,"Omar Narvaez","C",30.8,"L","R","MIL","NYM",2,1.5e+07,7500000,2022,54,23,4,0.206,0.597,NA,NA,NA,NA,NA,0.21,2
317,"Matt Strahm","RP",31,"R","L","BOS","PHI",2,1.5e+07,7500000,2022,NA,NA,NA,NA,NA,44.7,3.83,1.23,4,4,0.19,1
11,"Adam Ottavino","RP",37,NA,"R","NYM","NYM",2,14500000,7250000,2022,NA,NA,NA,NA,NA,65.7,2.06,0.98,5,3,2.14,1
17,"Aledmys Diaz","SS",32.3,"R","R","HOU","OAK",2,14500000,7250000,2022,74,38,12,0.243,0.69,NA,NA,NA,NA,NA,1.15,2
425,"Trey Mancini","OF",30.8,"R","R","HOU","CHC",2,1.4e+07,7e+06,2022,124,63,18,0.239,0.71,NA,NA,NA,NA,NA,1.87,3
78,"Carlos Estevez","RP",29.9,"R","R","COL","LAA",2,13500000,6750000,2022,NA,NA,NA,NA,NA,57,3.47,1.18,4,2,1.15,1
92,"Chris Martin","RP",36.5,"R","R","LAD","BOS",2,13500000,6750000,2022,NA,NA,NA,NA,NA,56,3.05,0.98,4,2,0.02,1
349,"Noah Syndergaard","SP",30.2,"L","R","PHI","LAD",1,1.3e+07,1.3e+07,2022,NA,NA,NA,NA,NA,134.7,3.94,1.26,10,NA,1.08,1
424,"Trevor Williams","RP",30.6,"R","R","NYM","WSH",2,1.3e+07,6500000,2022,NA,NA,NA,NA,NA,89.7,3.21,1.23,3,1,1.3,1
311,"Matt Carpenter","3B",37,"L","R","NYY","SD",2,1.2e+07,6e+06,2022,39,37,15,0.305,1.139,NA,NA,NA,NA,NA,2.36,2
321,"Michael Brantley","LF",35.6,"L","L","HOU","HOU",1,1.2e+07,1.2e+07,2022,70,26,5,0.288,0.786,NA,NA,NA,NA,NA,1.3,3
331,"Mike Clevinger","SP",31.9,"R","R","SD","CHW",1,1.2e+07,1.2e+07,2022,NA,NA,NA,NA,NA,114.3,4.33,1.2,7,NA,0.62,1
290,"Luke Jackson","RP",31.3,"R","R","ATL","SF",2,11500000,5750000,2022,NA,NA,NA,NA,NA,NA,NA,NA,NA,NA,NA,1
409,"Tommy Kahnle","RP",33.2,"R","R","LAD","NYY",2,11500000,5750000,2022,NA,NA,NA,NA,NA,12.7,2.84,0.63,0,1,0.31,1
228,"Joey Gallo","1B",29.1,"L","R","LAD","MIN",1,1.1e+07,1.1e+07,2022,56,47,19,0.16,0.637,NA,NA,NA,NA,NA,0.04,2
183,"J.D. Martinez","DH",35.3,"R","R","BOS","LAD",1,1e+07,1e+07,2022,146,62,16,0.274,0.789,NA,NA,NA,NA,NA,0.84,4
105,"Corey Kluber","SP",36.7,"R","R","TB","BOS",1,1e+07,1e+07,2022,NA,NA,NA,NA,NA,164,4.34,1.21,10,NA,0.8,1
109,"Craig Kimbrel","RP",34.5,"R","R","LAD","PHI",1,1e+07,1e+07,2022,NA,NA,NA,NA,NA,60,3.75,1.32,6,22,0.12,1
130,"David Robertson","RP",37.6,"R","R","PHI","NYM",1,1e+07,1e+07,2022,NA,NA,NA,NA,NA,63.7,2.4,1.16,4,20,1.94,1
282,"Kyle Gibson","SP",35.1,"R","R","PHI","BAL",1,1e+07,1e+07,2022,NA,NA,NA,NA,NA,167.7,5.05,1.34,10,NA,0.67,1
310,"Matt Boyd","SP",31.8,"L","L","SEA","DET",1,1e+07,1e+07,2022,NA,NA,NA,NA,NA,13.3,1.35,0.98,2,NA,0.43,1
185,"Jace Peterson","3B",32.5,"L","R","MIL","OAK",2,9500000,4750000,2022,68,34,8,0.236,0.698,1,NA,NA,NA,NA,2.39,2
56,"Brandon Belt","1B",34.7,"L","L","SF","TOR",1,9300000,9300000,2022,54,23,8,0.213,0.676,NA,NA,NA,NA,NA,0.35,2
271,"Kevin Kiermaier","CF",32.6,"L","R","TB","TOR",1,9e+06,9e+06,2022,47,22,7,0.228,0.65,NA,NA,NA,NA,NA,1.1,3
83,"Chad Green","RP",31.7,"L","R","NYY","TOR",2,8500000,4250000,2022,NA,NA,NA,NA,NA,15,3,1.2,1,1,0.06,1
455,"Zack Greinke","SP",39.2,"R","R","KC","KC",1,8500000,8500000,2022,NA,NA,NA,NA,NA,137,3.68,1.34,4,NA,2.45,1
232,"Johnny Cueto","SP",36.8,"R","R","CHW","MIA",1,8500000,8500000,2022,NA,NA,NA,NA,NA,158.3,3.35,1.23,8,NA,3.38,1
326,"Michael Lorenzen","SP",30.9,"R","R","LAA","DET",1,8500000,8500000,2022,NA,NA,NA,NA,NA,97.7,4.24,1.28,8,NA,0.62,1
364,"Rich Hill","SP",42.8,"L","L","BOS","PIT",1,8e+06,8e+06,2022,NA,NA,NA,NA,NA,124.3,4.27,1.3,8,NA,0.85,1
9,"Adam Frazier","2B",31,"L","R","SEA","BAL",1,8e+06,8e+06,2022,129,42,3,0.238,0.612,NA,NA,NA,NA,NA,0.69,2
258,"Jurickson Profar","LF",30,NA,"R","SD","COL",1,7750000,7750000,2022,140,58,15,0.243,0.722,NA,NA,NA,NA,NA,3.14,3
315,"Matt Moore","RP",33.6,"L","L","TEX","LAA",1,7550000,7550000,2022,NA,NA,NA,NA,NA,74,1.95,1.18,5,5,2.3,1
434,"Wil Myers","1B",32,"R","R","SD","CIN",1,7500000,7500000,2022,68,41,7,0.261,0.713,3.7,NA,NA,NA,NA,0.9,2
6,"Adam Duvall","RF",34.3,"R","R","ATL","BOS",1,7e+06,7e+06,2022,61,36,12,0.213,0.68,NA,NA,NA,NA,NA,-0.17,3
1,"A.J. Pollock","LF",35.1,"R","R","CHW","SEA",1,7e+06,7e+06,2022,120,56,14,0.245,0.681,NA,NA,NA,NA,NA,0.86,3
421,"Trevor May","RP",33.2,"R","R","NYM","OAK",1,7e+06,7e+06,2022,NA,NA,NA,NA,NA,25,5.04,1.44,2,1,-0.18,1
80,"Carlos Santana","1B",36.6,NA,"R","SEA","PIT",1,6725000,6725000,2022,87,60,19,0.202,0.692,NA,NA,NA,NA,NA,0.73,2
128,"David Peralta","LF",35.4,"L","L","TB","LAD",1,6500000,6500000,2022,110,59,12,0.251,0.731,NA,NA,NA,NA,NA,0.94,3
427,"Tucker Barnhart","C",31.9,"L","R","DET","CHC",2,6500000,3250000,2022,62,16,1,0.221,0.554,1,NA,NA,NA,NA,-0.08,2
28,"Andrew Chafin","RP",32.6,"R","L","DET","ARI",1,6250000,6250000,2022,NA,NA,NA,NA,NA,57.3,2.83,1.17,2,3,0.29,1
384,"Scott McGough","RP",33.1,"R","R",NA,"ARI",2,6250000,3125000,2022,NA,NA,NA,NA,NA,NA,NA,NA,NA,NA,NA,1
411,"Tommy Pham","LF",34.8,"R","R","BOS","NYM",1,6e+06,6e+06,2022,131,63,17,0.236,0.686,NA,NA,NA,NA,NA,0.64,3
335,"Mike Zunino","C",31.7,"R","R","TB","CLE",1,6e+06,6e+06,2022,17,16,5,0.148,0.499,NA,NA,NA,NA,NA,-0.8,2
31,"Andrew McCutchen","RF",36.2,"R","R","MIL","PIT",1,5e+06,5e+06,2022,122,69,17,0.237,0.7,NA,NA,NA,NA,NA,1.1,3
450,"Zach Davies","SP",29.8,"R","R","ARI","ARI",1,5e+06,5e+06,2022,NA,NA,NA,NA,NA,134.3,4.09,1.3,2,NA,0.61,1
44,"Austin Hedges","C",30.3,"R","R","CLE","PIT",1,5e+06,5e+06,2022,48,30,7,0.163,0.489,NA,NA,NA,NA,NA,-0.36,2
338,"Mychal Givens","RP",32.6,"R","R","NYM","BAL",1,5e+06,5e+06,2022,NA,NA,NA,NA,NA,61.3,3.38,1.32,7,2,0.96,1
359,"Pierce Johnson","RP",31.6,"R","R","SD","COL",1,5e+06,5e+06,2022,NA,NA,NA,NA,NA,14.3,5.02,1.54,1,0,-0.03,1
213,"Jeimer Candelario","3B",29,NA,"R","DET","WSH",1,5e+06,5e+06,2022,93,50,13,0.217,0.633,NA,NA,NA,NA,NA,0.29,2
433,"Wade Miley","SP",36.1,"L","L","CHC","MIL",1,4500000,4500000,2022,NA,NA,NA,NA,NA,37,3.16,1.22,2,NA,0.03,1
324,"Michael Fulmer","RP",29.8,"R","R","MIN","CHC",1,4e+06,4e+06,2022,NA,NA,NA,NA,NA,63.7,3.39,1.37,5,3,0.36,1
155,"Evan Longoria","3B",37.2,"R","R","SF","ARI",1,4e+06,4e+06,2022,65,42,14,0.244,0.766,NA,NA,NA,NA,NA,0.73,2
42,"Aroldis Chapman","RP",34.8,"L","L","NYY","KC",1,3750000,3750000,2022,NA,NA,NA,NA,NA,36.3,4.46,1.43,4,9,-0.25,1
65,"Brian Anderson","3B",29.6,"R","R","MIA","MIL",1,3500000,3500000,2022,75,28,8,0.222,0.657,NA,NA,NA,NA,NA,0.54,2
330,"Miguel Castro","RP",27.9,"R","R","NYY","ARI",1,3500000,3500000,2022,NA,NA,NA,NA,NA,29,4.03,1.45,5,0,-0.34,1
392,"Shintaro Fujinami","RP",28.7,NA,NA,NA,"OAK",1,3250000,3250000,2022,NA,NA,NA,NA,NA,NA,NA,NA,NA,NA,NA,1
111,"Curt Casali","C",34.1,"R","R","SEA","CIN",1,3250000,3250000,2022,30,17,5,0.203,0.649,NA,NA,NA,NA,NA,1.14,2
432,"Vincent Velasquez","SP",30.4,"R","R","CHW","PIT",1,3150000,3150000,2022,NA,NA,NA,NA,NA,75.3,4.78,1.24,3,NA,0.23,1
149,"Elvis Andrus","SS",34.4,"R","R","CHW","CHW",1,3e+06,3e+06,2022,133,58,17,0.249,0.709,NA,NA,NA,NA,NA,1.26,2
217,"Jesús Aguilar","1B",32.5,"R","R","BAL","OAK",1,3e+06,3e+06,2022,109,51,16,0.235,0.661,NA,NA,NA,NA,NA,-0.67,2
138,"Drew Rucinski","SP",33.9,"R","R",NA,"OAK",1,3e+06,3e+06,2022,NA,NA,NA,NA,NA,NA,NA,NA,NA,NA,NA,1
377,"Ryan Yarbrough","SP",30.9,"R","L","TB","KC",1,3e+06,3e+06,2022,NA,NA,NA,NA,NA,80,4.5,1.38,3,NA,0.06,1
52,"Brad Boxberger","RP",34.5,"R","R","MIL","CHC",1,2800000,2800000,2022,NA,NA,NA,NA,NA,64,2.95,1.23,4,1,1,1
203,"Jarlin Garcia","RP",29.8,"L","L","SF","PIT",1,2500000,2500000,2022,NA,NA,NA,NA,NA,65,3.74,1.2,1,1,0.38,1
104,"Corey Dickerson","LF",33.6,"L","R","STL","WSH",1,2250000,2250000,2022,75,36,6,0.267,0.699,1,NA,NA,NA,NA,-0.02,3
54,"Brad Hand","RP",32.9,"L","L","PHI","COL",1,2e+06,2e+06,2022,NA,NA,NA,NA,NA,45,2.8,1.33,3,5,0.91,1
136,"Donovan Solano","2B",35.2,"R","R","CIN","MIN",1,2e+06,2e+06,2022,79,24,4,0.284,0.724,NA,NA,NA,NA,NA,0.94,2
366,"Robbie Grossman","RF",33.4,NA,"L","ATL","TEX",1,2e+06,2e+06,2022,86,45,7,0.209,0.621,NA,NA,NA,NA,NA,0.08,3
251,"Josh Harrison","2B",35.5,"R","R","CHW","PHI",1,2e+06,2e+06,2022,99,27,7,0.256,0.687,3,NA,NA,NA,NA,1.73,2
135,"Dominic Smith","1B",27.5,"L","L","NYM","WSH",1,2e+06,2e+06,2022,26,17,NA,0.194,0.56,NA,NA,NA,NA,NA,-0.37,2
227,"Joely Rodriguez","RP",31,"L","L","NYM","BOS",1,2e+06,2e+06,2022,NA,NA,NA,NA,NA,50.3,4.47,1.35,2,0,-0.25,1
190,"Jake Brentz","RP",28.5,"L","L","KC","KC",2,1900000,950000,2022,NA,NA,NA,NA,NA,5.3,23.63,3.94,0,0,-1.31,1
218,"Jeurys Familia","RP",33.4,"R","R","ARI","OAK",1,1500000,1500000,2022,NA,NA,NA,NA,NA,44.3,6.09,1.81,2,0,-0.57,1
436,"Will Smith","RP",33.6,"R","L","HOU","TEX",1,1500000,1500000,2022,NA,NA,NA,NA,NA,59,3.97,1.41,0,5,-0.67,1
391,"Shelby Miller","RP",32.1,"R","R","SF","LAD",1,1500000,1500000,2022,NA,NA,NA,NA,NA,7,6.43,1.29,0,0,-0.19,1
240,"Jordan Luplow","RF",29.2,"R","R","ARI","ATL",1,1400000,1400000,2022,36,28,11,0.176,0.635,NA,NA,NA,NA,NA,0.19,3
220,"Jimmy Nelson","RP",33.7,"R","R","LAD","LAD",1,1200000,1200000,2022,NA,NA,NA,NA,NA,NA,NA,NA,NA,NA,NA,1
64,"Brett Phillips","RF",28.6,"L","R","BAL","LAA",1,1200000,1200000,2022,29,15,5,0.144,0.466,4,NA,NA,NA,NA,0.23,3
420,"Trevor Gott","RP",30.2,"R","R","MIL","SEA",1,1200000,1200000,2022,NA,NA,NA,NA,NA,45.7,4.14,1.03,3,0,-0.03,1
291,"Luke Maile","C",31.8,"R","R","CLE","CIN",1,1175000,1175000,2022,40,17,3,0.221,0.627,NA,NA,NA,NA,NA,0.6,2
23,"Alex Reyes","RP",28.4,"R","R","STL","LAD",1,1100000,1100000,2022,NA,NA,NA,NA,NA,NA,NA,NA,NA,NA,NA,1
157,"Franchy Cordero","RF",28.5,"L","R","BAL","NYY",1,1e+06,1e+06,2022,53,29,8,0.219,0.697,NA,NA,NA,NA,NA,-0.19,3
264,"Justin Wilson","RP",35.5,"L","L","CIN","MIL",1,1e+06,1e+06,2022,NA,NA,NA,NA,NA,3.7,2.46,0.82,0,0,0.13,1
147,"Edwin Rios","3B",28.8,"L","R","LAD","CHC",1,1e+06,1e+06,2022,21,17,7,0.244,0.793,NA,NA,NA,NA,NA,0.08,2
342,"Nelson Cruz","DH",42.5,"R","R","WSH","SD",1,1e+06,1e+06,2022,105,64,10,0.234,0.65,NA,NA,NA,NA,NA,0.14,4
8,"Adam Engel","RF",31,"R","R","CHW","SD",1,1e+06,1e+06,2022,55,17,2,0.224,0.579,NA,NA,NA,NA,NA,0.15,3
122,"Danny Mendick","2B",29.2,"R","R","CHW","NYM",1,1e+06,1e+06,2022,28,15,3,0.289,0.786,NA,NA,NA,NA,NA,0.52,2
151,"Erasmo Ramirez","RP",32.6,"R","R","WSH","WSH",1,1e+06,1e+06,2022,NA,NA,NA,NA,NA,86.3,2.92,1.08,4,0,1.36,1
343,"Nick Anderson","RP",32.3,"R","R","TB","ATL",1,875000,875000,2022,NA,NA,NA,NA,NA,NA,NA,NA,NA,NA,NA,1
447,"Yu-Cheng Chang","SS",27.4,"R","R","BOS","BOS",1,850000,850000,2022,35,15,4,0.208,0.604,2,NA,NA,NA,NA,-0.25,2
187,"Jackson Stephens","RP",28.6,"R","R","ATL","ATL",1,740000,740000,2022,NA,NA,NA,NA,NA,53.7,3.69,1.34,3,2,0.18,1
90,"Chris Devenski","RP",32.8,"R","R","LAA","TB",1,720000,720000,2022,NA,NA,NA,NA,NA,14.7,8.59,1.5,2,0,-0.36,1
292,"Luke Weaver","SP",30,"R","R","CIN","SEA",1,720000,720000,2022,NA,NA,NA,NA,NA,35.7,6.56,1.82,1,NA,-0.41,1
81,"Carson Kelly","C",29.1,"R","R","ARI","DET",1,720000,720000,2022,67,35,7,0.211,0.616,4.7,NA,NA,NA,NA,1.2,2
361,"Raimel Tapia","LF",29.3,"L","L","BOS","MIL",1,720000,720000,2022,109,52,7,0.265,0.672,NA,NA,NA,NA,NA,0.19,3
2,"Aaron Hicks","CF",33.6,NA,"R","NYY","BAL",1,720000,720000,2022,83,40,8,0.216,0.642,NA,NA,NA,NA,NA,2.1,3
125,"Darin Ruf","1B",36.8,"R","R","SF","MIL",1,720000,720000,2022,68,45,11,0.204,0.645,2,NA,NA,NA,NA,-0.52,2
191,"Jake Diekman","RP",36.2,"L","L","CHW","TB",1,720000,720000,2022,NA,NA,NA,NA,NA,57.7,4.99,1.63,5,1,0.26,1
46,"Austin Wynns","C",32.3,"R","R","SF","LAD",1,720000,720000,2022,42,21,3,0.259,0.67,2,NA,NA,NA,NA,0.55,2
410,"Tommy La Stella","2B",33.9,"L","R","SF","SEA",1,720000,720000,2022,43,14,2,0.239,0.634,NA,NA,NA,NA,NA,-0.73,2
152,"Eric Hosmer","1B",33.2,"L","L","BOS","CHC",1,720000,720000,2022,102,44,8,0.268,0.716,NA,NA,NA,NA,NA,1.07,2
167,"Guillermo Zuniga","P",24.1,NA,NA,"LAD","STL",1,720000,720000,2022,NA,NA,NA,NA,NA,NA,NA,NA,NA,NA,NA,1
400,"Stone Garrett","LF",27,"R","R","ARI","WSH",1,720000,720000,2022,21,10,4,0.276,0.848,NA,NA,NA,NA,NA,0.56,3
50,"Blake Perkins","RF",26.2,NA,NA,"NYY","MIL",1,720000,720000,2022,NA,NA,NA,NA,NA,NA,NA,NA,NA,NA,NA,3
376,"Ryan Tepera","RP",35.7,"R","R","LAA","STL",NA,NA,NA,2022,NA,NA,NA,NA,NA,57.3,3.61,1.08,5,6,0.52,1
61,"Brent Honeywell","RP",27.8,"R","R","OAK","SD",1,NA,NA,2022,NA,NA,NA,NA,NA,NA,NA,NA,NA,NA,NA,1
