"PlayerID","Player","Pos","Age","Bats","Throws","BaseSalary","Team","contract_value","dummy_salary","dummy_age","dummy_Pos"
3,"A.J. Minter","RP",29,"","L","$4,287,500 "," ATL",4287500,3,2,1
4,"A.J. Puk","RP/CL",28,"","L","$736,000 "," MIA",736000,1,2,1
7,"Aaron Ashby","SP",25,"","L","$1,000,000 "," MIL",1e+06,1,1,1
8,"Aaron Bummer","RP",29,"","L","$3,750,000 "," CHW",3750000,1,2,1
9,"Aaron Civale","SP",28,"","R","$2,600,000 "," TB",2600000,1,2,1
12,"Aaron Judge","CF",31,"R","","$40,000,000 "," NYY",4e+07,3,2,3
13,"Aaron Loup","RP",35,"","L","$7,500,000 "," LAA",7500000,3,3,1
14,"Aaron Nola","SP",30,"","R","$16,000,000 "," PHI",1.6e+07,3,2,1
20,"Adalberto Mondesi","SS",27,"","","$3,045,000 "," BOS",3045000,1,2,2
21,"Adam Cimber","RP",32,"","R","$3,150,000 "," TOR",3150000,1,2,1
23,"Adam Duvall","RF",34,"R","","$7,000,000 "," BOS",7e+06,3,2,3
26,"Adam Frazier","2B",31,"L","","$8,000,000 "," BAL",8e+06,3,2,2
30,"Adam Ottavino","RP",37,"","R","$7,750,000 "," NYM",7750000,3,3,1
32,"Adam Wainwright","SP",41,"","R","$17,500,000 "," STL",17500000,3,3,1
33,"Adbert Alzolay","RP",28,"","R","$744,750 "," CHC",744750,1,2,1
34,"Adolis Garcia","RF",30,"R","","$747,760 "," TEX",747760,1,2,3
36,"Adrian Houser","SP",30,"","R","$3,600,000 "," MIL",3600000,1,2,1
41,"Akil Baddoo","LF",24,"L","","$721,300 "," DET",721300,1,1,3
42,"Alan Trejo","2B",27,"R","","$722,000 "," COL",722000,1,2,2
43,"Albert Abreu","RP",27,"","R","$738,700 "," NYY",738700,1,2,1
49,"Alec Bohm","1B",26,"R","","$748,000 "," PHI",748000,1,2,2
51,"Aledmys Diaz","SS",32,"R","","$6,500,000 "," OAK",6500000,3,2,2
52,"Alejandro Kirk","C",24,"R","","$767,300 "," TOR",767300,1,1,2
57,"Alex Bregman","3B",29,"R","","$28,500,000 "," HOU",28500000,3,2,2
58,"Alex Cobb","SP",35,"","R","$9,000,000 "," SF",9e+06,3,3,1
63,"Alex Kirilloff","1B",25,"L","","$735,650 "," MIN",735650,1,1,2
64,"Alex Lange","RP/CL",27,"","R","$726,000 "," DET",726000,1,2,1
66,"Alex Reyes","RP",28,"","R","$1,100,000 "," LAD",1100000,1,2,1
67,"Alex Verdugo","RF",27,"L","","$6,300,000 "," BOS",6300000,3,2,3
68,"Alex Vesia","RP",27,"","L","$750,000 "," LAD",750000,1,2,1
70,"Alex Wood","RP",32,"","L","$12,500,000 "," SF",12500000,3,2,1
71,"Alex Young","RP",29,"","L","$1,150,000 "," CIN",1150000,1,2,1
74,"Amed Rosario","SS",27,"R","","$7,800,000 "," LAD",7800000,3,2,2
77,"Andre Jackson","SP",27,"","R","$722,500 "," PIT",722500,1,2,1
82,"Andrew Benintendi","LF",28,"L","","$8,000,000 "," CHW",8e+06,3,2,3
83,"Andrew Chafin","RP/CL",33,"","L","$5,500,000 "," MIL",5500000,3,2,1
84,"Andrew Heaney","SP",32,"","L","$12,000,000 "," TEX",1.2e+07,3,2,1
85,"Andrew Kittredge","RP",33,"","R","$2,075,000 "," TB",2075000,1,2,1
87,"Andrew Knizner","C",28,"R","","$1,100,000 "," STL",1100000,1,2,2
88,"Andrew McCutchen","RF",36,"R","","$5,000,000 "," PIT",5e+06,3,3,3
91,"Andrew Stevenson","OF",29,"L","","$720,000 "," MIN",720000,1,2,3
92,"Andrew Vasquez","RP",29,"","L","$723,500 "," DET",723500,1,2,1
93,"Andrew Vaughn","1B",25,"R","","$760,000 "," CHW",760000,1,1,2
95,"Andrew Wantz","RP",27,"","R","$740,000 "," LAA",740000,1,2,1
97,"Andres Gimenez","2B",24,"L","","$1,000,000 "," CLE",1e+06,1,1,2
98,"Andres Machado","RP",30,"","R","$720,000 "," WSH",720000,1,2,1
99,"Andres Munoz","RP",24,"","R","$1,500,000 "," SEA",1500000,1,1,1
101,"Andy Ibanez","2B",30,"R","","$720,000 "," DET",720000,1,2,2
108,"Anthony Bender","RP",28,"","R","$738,500 "," MIA",738500,1,2,1
110,"Anthony DeSclafani","SP",33,"","R","$12,000,000 "," SF",1.2e+07,3,2,1
112,"Anthony Kay","RP",28,"","L","$720,000 "," NYM",720000,1,2,1
113,"Anthony Misiewicz","RP",28,"","L","$720,000 "," NYY",720000,1,2,1
114,"Anthony Rendon","3B",33,"R","","$38,000,000 "," LAA",3.8e+07,3,2,2
115,"Anthony Rizzo","1B",33,"L","","$17,000,000 "," NYY",1.7e+07,3,2,2
116,"Anthony Santander","RF",28,"","","$7,400,000 "," BAL",7400000,3,2,3
119,"Antonio Senzatela","SP",28,"","R","$7,250,000 "," COL",7250000,3,2,1
123,"Aroldis Chapman","RP",35,"","L","$3,750,000 "," TEX",3750000,1,3,1
130,"Austin Barnes","C",33,"R","","$3,500,000 "," LAD",3500000,1,2,2
134,"Austin Gomber","SP",29,"","L","$1,650,000 "," COL",1650000,1,2,1
135,"Austin Hays","LF",27,"R","","$3,200,000 "," BAL",3200000,1,2,3
136,"Austin Hedges","C",30,"R","","$5,000,000 "," TEX",5e+06,3,2,2
137,"Austin Meadows","DH",28,"L","","$4,300,000 "," DET",4300000,3,2,4
140,"Austin Riley","3B",26,"R","","$15,000,000 "," ATL",1.5e+07,3,2,2
142,"Austin Slater","LF",30,"R","","$3,200,000 "," SF",3200000,1,2,3
145,"Austin Wynns","C",32,"R","","$720,000 "," COL",720000,1,2,2
146,"Avisail Garcia","RF",32,"R","","$12,000,000 "," MIA",1.2e+07,3,2,3
147,"Bailey Falter","SP",26,"","L","$733,000 "," PIT",733000,1,2,1
148,"Bailey Ober","SP",27,"","R","$720,000 "," MIN",720000,1,2,1
152,"Ben Rortvedt","C",25,"L","","$730,000 "," NYY",730000,1,1,2
156,"Billy McKinney","OF",28,"L","","$720,000 "," NYY",720000,1,2,3
159,"Blake Snell","SP",30,"","L","$16,000,000 "," SD",1.6e+07,3,2,1
161,"Blake Treinen","RP",35,"","R","$8,000,000 "," LAD",8e+06,3,3,1
162,"Bo Bichette","SS",25,"R","","$2,850,000 "," TOR",2850000,1,1,2
165,"Brad Boxberger","RP",35,"","R","$2,000,000 "," CHC",2e+06,1,3,1
167,"Brad Hand","RP",33,"","L","$1,500,000 "," ATL",1500000,1,2,1
168,"Brad Keller","SP",27,"","R","$5,775,000 "," KC",5775000,3,2,1
169,"Brad Miller","2B",33,"L","","$4,000,000 "," TEX",4e+06,2,2,2
175,"Brady Singer","SP",26,"","R","$2,950,000 "," KC",2950000,1,2,1
176,"Brandon Belt","1B",35,"L","","$9,300,000 "," TOR",9300000,3,3,2
179,"Brandon Crawford","SS",36,"L","","$16,000,000 "," SF",1.6e+07,3,3,2
181,"Brandon Drury","3B",30,"R","","$8,500,000 "," LAA",8500000,3,2,2
183,"Brandon Lowe","2B",28,"L","","$5,250,000 "," TB",5250000,3,2,2
184,"Brandon Marsh","CF",25,"L","","$734,500 "," PHI",734500,1,1,3
185,"Brandon Nimmo","CF",30,"L","","$18,250,000 "," NYM",18250000,3,2,3
187,"Brandon Woodruff","SP",30,"","R","$10,800,000 "," MIL",10800000,3,2,1
190,"Braxton Garrett","SP",25,"","L","$732,000 "," MIA",732000,1,1,1
191,"Brendan Rodgers","2B",26,"R","","$2,700,000 "," COL",2700000,1,2,2
193,"Brent Rooker","LF",28,"R","","$725,000 "," OAK",725000,1,2,3
194,"Brent Suter","RP",33,"","L","$3,000,000 "," COL",3e+06,1,2,1
197,"Brett Martin","RP",28,"","L","$1,275,000 "," TEX",1275000,1,2,1
198,"Brett Phillips","RF",29,"L","","$1,200,000 "," LAA",1200000,1,2,3
208,"Brooks Raley","RP",35,"","L","$4,500,000 "," NYM",4500000,3,3,1
210,"Brusdar Graterol","RP",24,"","R","$1,225,000 "," LAD",1225000,1,1,1
211,"Bryan Abreu","RP",26,"","R","$745,200 "," HOU",745200,1,2,1
212,"Bryan Baker","RP",28,"","R","$729,000 "," BAL",729000,1,2,1
213,"Bryan De La Cruz","LF",26,"R","","$736,000 "," MIA",736000,1,2,3
217,"Bryan Reynolds","CF",28,"","","$6,750,000 "," PIT",6750000,3,2,3
218,"Bryan Shaw","RP",35,"","R","$720,000 "," CHW",720000,1,3,1
219,"Bryce Harper","1B",30,"L","","$26,000,000 "," PHI",2.6e+07,3,2,2
220,"Bryse Wilson","RP",25,"","R","$732,600 "," MIL",732600,1,1,1
221,"Buck Farmer","RP",32,"","R","$1,750,000 "," CIN",1750000,1,2,1
224,"Byron Buxton","CF",29,"R","","$15,000,000 "," MIN",1.5e+07,3,2,3
225,"C.J. Cron","1B",33,"R","","$7,250,000 "," LAA",7250000,3,2,2
226,"Cal Quantrill","SP",28,"","R","$5,500,000 "," CLE",5500000,3,2,1
227,"Cal Raleigh","C",26,"","","$758,300 "," SEA",758300,1,2,2
230,"Caleb Thielbar","RP",36,"","L","$2,400,000 "," MIN",2400000,1,3,1
232,"Cam Gallagher","C",30,"R","","$1,250,000 "," CLE",1250000,1,2,2
234,"Camilo Doval","RP/CL",25,"","R","$750,000 "," SF",750000,1,1,1
236,"Carlos Carrasco","SP",36,"","R","$14,000,000 "," NYM",1.4e+07,3,3,1
237,"Carlos Correa","SS",28,"R","","$32,000,000 "," MIN",3.2e+07,3,2,2
238,"Carlos Estevez","RP/CL",30,"","R","$6,750,000 "," LAA",6750000,3,2,1
239,"Carlos Hernandez","RP",26,"","R","$730,250 "," KC",730250,1,2,1
241,"Carlos Rodon","SP",30,"","L","$22,000,000 "," NYY",2.2e+07,3,2,1
242,"Carlos Santana","1B",37,"","","$6,725,000 "," MIL",6725000,3,3,2
244,"Carson Kelly","C",28,"R","","$720,000 "," DET",720000,1,2,2
245,"Carter Kieboom","3B",25,"R","","$733,400 "," WSH",733400,1,1,2
246,"Casey Mize","SP",26,"","R","$734,200 "," DET",734200,1,2,1
248,"Cavan Biggio","2B",28,"L","","$2,800,000 "," TOR",2800000,1,2,2
249,"Cedric Mullins","CF",28,"","","$4,100,000 "," BAL",4100000,3,2,3
250,"Chad Green","RP",32,"","R","$2,250,000 "," TOR",2250000,1,2,1
257,"Charlie Blackmon","RF",36,"L","","$15,000,000 "," COL",1.5e+07,3,3,3
259,"Charlie Morton","SP",39,"","R","$20,000,000 "," ATL",2e+07,3,3,1
260,"Chas McCormick","CF",28,"R","","$752,500 "," HOU",752500,1,2,3
261,"Chase Anderson","SP",35,"","R","$720,000 "," COL",720000,1,3,1
267,"Chris Bassitt","SP",34,"","R","$18,000,000 "," TOR",1.8e+07,3,2,1
270,"Chris Flexen","SP",28,"","R","$720,000 "," COL",720000,1,2,1
272,"Chris Martin","RP",37,"","R","$6,000,000 "," BOS",6e+06,3,3,1
275,"Chris Paddack","SP",27,"","R","$2,500,000 "," MIN",2500000,1,2,1
276,"Chris Rodriguez","SP",24,"","R","$740,000 "," LAA",740000,1,1,1
277,"Chris Sale","SP",34,"","L","$27,500,000 "," BOS",27500000,3,2,1
278,"Chris Stratton","RP",32,"","R","$2,800,000 "," TEX",2800000,1,2,1
279,"Chris Taylor","3B",32,"R","","$15,000,000 "," LAD",1.5e+07,3,2,2
281,"Christian Vazquez","C",32,"R","","$10,000,000 "," MIN",1e+07,3,2,2
282,"Christian Walker","1B",32,"R","","$6,500,000 "," ARI",6500000,3,2,2
283,"Christian Yelich","LF",31,"L","","$26,000,000 "," MIL",2.6e+07,3,2,3
284,"Cionel Perez","RP",27,"","L","$732,300 "," BAL",732300,1,2,1
285,"Clarke Schmidt","SP",27,"","R","$740,475 "," NYY",740475,1,2,1
286,"Clay Holmes","RP/CL",30,"","R","$3,300,000 "," NYY",3300000,1,2,1
287,"Clayton Kershaw","SP",35,"","L","$15,000,000 "," LAD",1.5e+07,3,3,1
289,"Codi Heuer","RP",26,"","R","$785,000 "," CHC",785000,1,2,1
290,"Cody Bellinger","CF",27,"L","","$12,000,000 "," CHC",1.2e+07,3,2,3
296,"Cole Irvin","RP",29,"","L","$737,600 "," BAL",737600,1,2,1
300,"Colin Rea","SP",32,"","R","$750,000 "," MIL",750000,1,2,1
301,"Collin McHugh","RP",36,"","R","$5,000,000 "," ATL",5e+06,3,3,1
307,"Connor Joe","LF",30,"R","","$735,000 "," PIT",735000,1,2,3
308,"Connor Overton","SP",29,"","R","$730,000 "," CIN",730000,1,2,1
309,"Connor Seabold","RP",27,"","R","$722,000 "," COL",722000,1,2,1
310,"Connor Wong","C",27,"R","","$722,000 "," BOS",722000,1,2,2
312,"Corbin Burnes","SP",28,"","R","$10,010,000 "," MIL",10010000,3,2,1
313,"Corbin Martin","RP",27,"","R","$728,400 "," ARI",728400,1,2,1
315,"Corey Kluber","RP",37,"","R","$10,000,000 "," BOS",1e+07,3,3,1
319,"Corey Seager","SS",29,"L","","$35,000,000 "," TEX",3.5e+07,3,2,2
320,"Cory Abbott","SP",27,"","R","$720,000 "," WSH",720000,1,2,1
321,"Craig Kimbrel","RP/CL",35,"","R","$10,000,000 "," PHI",1e+07,3,3,1
323,"Cristian Javier","SP",26,"","R","$3,000,000 "," HOU",3e+06,1,2,1
324,"Cristian Pache","CF",24,"R","","$720,000 ","PHI",720000,1,1,3
325,"Cristopher Sanchez","SP",26,"","L","$725,000 "," PHI",725000,1,2,1
326,"Curt Casali","C",34,"R","","$2,500,000 "," CIN",2500000,1,2,2
331,"DJ LeMahieu","3B",34,"R","","$15,000,000 "," NYY",1.5e+07,3,2,2
334,"Dakota Hudson","SP",28,"","R","$2,650,000 "," STL",2650000,1,2,1
335,"Dallas Keuchel","SP",35,"","L","$720,000 "," MIN",720000,1,3,1
339,"Dane Dunning","SP",28,"","R","$742,840 "," TEX",742840,1,2,1
340,"Daniel Bard","RP",38,"","R","$9,500,000 "," COL",9500000,3,3,1
343,"Daniel Hudson","RP/CL",36,"","R","$6,500,000 "," LAD",6500000,3,3,1
345,"Daniel Lynch IV","SP",26,"","L","$730,250 "," KC",730250,1,2,1
349,"Daniel Vogelbach","DH",30,"L","","$1,500,000 "," NYM",1500000,1,2,4
351,"Danny Coulombe","RP",33,"","L","$1,000,000 "," BAL",1e+06,1,2,1
353,"Danny Jansen","C",28,"R","","$3,500,000 "," TOR",3500000,1,2,2
354,"Danny Mendick","2B",29,"R","","$1,000,000 "," NYM",1e+06,1,2,2
356,"Dansby Swanson","SS",29,"R","","$13,000,000 "," CHC",1.3e+07,3,2,2
358,"Darin Ruf","1B",36,"R","","$720,000 "," MIL",720000,1,3,2
363,"Daulton Varsho","LF",26,"L","","$3,050,000 "," TOR",3050000,1,2,3
364,"Dauri Moreta","RP",27,"","R","$725,000 "," PIT",725000,1,2,1
365,"David Bednar","RP/CL",28,"","R","$745,000 "," PIT",745000,1,2,1
368,"David Fletcher","SS",29,"R","","$6,000,000 "," LAA",6e+06,3,2,2
372,"David Peralta","LF",35,"L","","$6,500,000 "," LAD",6500000,3,3,3
373,"David Peterson","SP",27,"","L","$750,000 "," NYM",750000,1,2,1
376,"David Robertson","RP/CL",38,"","R","$10,000,000 "," MIA",1e+07,3,3,1
378,"Dean Kremer","SP",27,"","R","$731,200 "," BAL",731200,1,2,1
379,"Deivi Garcia","RP",24,"","R","$720,000 "," CHW",720000,1,1,1
388,"Derek Law","RP",32,"","R","$1,000,000 "," CIN",1e+06,1,2,1
391,"Devin Williams","RP/CL",28,"","R","$3,350,000 "," MIL",3350000,1,2,1
398,"Dillon Tate","RP",29,"","R","$1,500,000 "," BAL",1500000,1,2,1
403,"Domingo German","SP",30,"","R","$2,600,000 "," NYY",2600000,1,2,1
406,"Dominic Leone","RP",31,"","R","$750,000 "," SEA",750000,1,2,1
407,"Dominic Smith","1B",28,"L","","$2,000,000 "," WSH",2e+06,1,2,2
408,"Donovan Solano","2B",35,"R","","$2,000,000 "," MIN",2e+06,1,3,2
412,"Drew Carlton","RP",27,"","R","$720,000 "," SD",720000,1,2,1
415,"Drew Pomeranz","RP",34,"","L","$8,000,000 "," SD",8e+06,3,2,1
416,"Drew Rasmussen","SP",27,"","R","$739,700 "," TB",739700,1,2,1
417,"Drew Smith","RP",29,"","R","$1,300,000 "," NYM",1300000,1,2,1
418,"Drew Smyly","SP",34,"","L","$8,000,000 "," CHC",8e+06,3,2,1
424,"Dustin May","SP",25,"","R","$1,675,000 "," LAD",1675000,1,1,1
426,"Dylan Carlson","CF",24,"","","$742,400 "," STL",742400,1,1,3
427,"Dylan Cease","SP",27,"","R","$5,700,000 "," CHW",5700000,3,2,1
430,"Dylan Lee","RP",28,"","L","$730,000 "," ATL",730000,1,2,1
431,"Dylan Moore","2B",30,"R","","$2,000,000 "," SEA",2e+06,1,2,2
432,"Eddie Rosario","LF",31,"L","","$9,000,000 "," ATL",9e+06,3,2,3
436,"Edmundo Sosa","3B",27,"R","","$950,000 "," PHI",950000,1,2,2
438,"Eduardo Escobar","3B",34,"","","$9,500,000 "," LAA",9500000,3,2,2
439,"Eduardo Rodriguez","SP",30,"","L","$14,000,000 "," DET",1.4e+07,3,2,1
440,"Edward Cabrera","SP",25,"","R","$731,000 "," MIA",731000,1,1,1
441,"Edward Olivares","LF",27,"R","","$740,750 "," KC",740750,1,2,3
442,"Edwin Diaz","RP/CL",29,"","R","$17,250,000 "," NYM",17250000,3,2,1
446,"Eli Morgan","RP",27,"","R","$727,000 "," CLE",727000,1,2,1
448,"Elias Diaz","C",32,"R","","$5,500,000 "," COL",5500000,3,2,2
449,"Elieser Hernandez","RP",28,"","R","$1,600,000 "," NYM",1600000,1,2,1
450,"Eloy Jimenez","DH",26,"R","","$9,500,000 "," CHW",9500000,3,2,4
451,"Elvis Andrus","SS",34,"R","","$3,000,000 "," CHW",3e+06,1,2,2
452,"Elvis Peguero","RP",26,"","R","$720,000 "," MIL",720000,1,2,1
453,"Emilio Pagan","RP",32,"","R","$3,500,000 "," MIN",3500000,1,2,1
454,"Emmanuel Clase","RP/CL",25,"","R","$1,500,000 "," CLE",1500000,1,1,1
455,"Emmanuel Rivera","3B",27,"R","","$720,000 "," ARI",720000,1,2,2
458,"Enyel De Los Santos","RP",27,"","R","$750,000 "," CLE",750000,1,2,1
470,"Erik Swanson","RP",29,"","R","$1,250,000 "," TOR",1250000,1,2,1
473,"Estevan Florial","OF",25,"L","","$720,000 "," NYY",720000,1,1,3
474,"Eugenio Suarez","3B",31,"R","","$11,000,000 "," SEA",1.1e+07,3,2,2
475,"Evan Longoria","3B",37,"R","","$4,000,000 "," ARI",4e+06,2,3,2
477,"Evan Phillips","RP/CL",28,"","R","$1,300,000 "," LAD",1300000,1,2,1
478,"Evan White","1B",27,"R","","$3,000,000 "," SEA",3e+06,1,2,2
480,"Fernando Tatis Jr.","RF",24,"R","","$7,000,000 "," SD",7e+06,3,1,3
481,"Framber Valdez","SP",29,"","L","$6,800,000 "," HOU",6800000,3,2,1
483,"Francisco Lindor","SS",29,"","","$32,000,000 "," NYM",3.2e+07,3,2,2
487,"Frankie Montas","SP",30,"","R","$7,500,000 "," NYY",7500000,3,2,1
489,"Freddie Freeman","1B",33,"L","","$27,000,000 "," LAD",2.7e+07,3,2,2
491,"Freddy Peralta","SP",27,"","R","$3,500,000 "," MIL",3500000,1,2,1
494,"Gabe Speier","RP",28,"","L","$720,000 "," SEA",720000,1,2,1
495,"Garrett Cleavinger","RP",29,"","L","$725,100 "," TB",725100,1,2,1
496,"Garrett Cooper","1B",32,"R","","$4,200,000 "," SD",4200000,3,2,2
497,"Garrett Crochet","RP",24,"","L","$733,000 "," CHW",733000,1,1,1
498,"Garrett Hampson","SS",28,"R","","$720,000 "," MIA",720000,1,2,2
500,"Garrett Stubbs","C",30,"L","","$741,000 "," PHI",741000,1,2,2
501,"Garrett Whitlock","SP",27,"","R","$1,000,000 "," BOS",1e+06,1,2,1
502,"Gary Sanchez","C",30,"R","","$1,500,000 "," SD",1500000,1,2,2
503,"Gavin Lux","2B",25,"L","","$750,000 "," LAD",750000,1,1,2
504,"Gavin Sheets","OF",27,"L","","$735,000 "," CHW",735000,1,2,3
506,"George Springer","RF",33,"R","","$22,500,000 "," TOR",22500000,3,2,3
507,"Geraldo Perdomo","SS",23,"","","$738,600 "," ARI",738600,1,1,2
509,"German Marquez","SP",28,"","R","$15,000,000 "," COL",1.5e+07,3,2,1
510,"Gerrit Cole","SP",32,"","R","$36,000,000 "," NYY",3.6e+07,3,2,1
511,"Giancarlo Stanton","RF",33,"R","","$32,000,000 "," NYY",3.2e+07,3,2,3
514,"Giovanny Gallegos","RP",31,"","R","$4,500,000 "," STL",4500000,3,2,1
516,"Gleyber Torres","2B",26,"R","","$9,950,000 "," NYY",9950000,3,2,2
523,"Gregory Santos","RP",23,"","R","$720,000 "," CHW",720000,1,1,1
524,"Gregory Soto","RP",28,"","L","$3,925,000 "," PHI",3925000,1,2,1
525,"Griffin Canning","SP",27,"","R","$850,000 "," LAA",850000,1,2,1
526,"Griffin Jax","RP",28,"","R","$733,150 "," MIN",733150,1,2,1
528,"Genesis Cabrera","RP",26,"","L","$950,000 "," TOR",950000,1,2,1
533,"Harold Castro","3B",29,"L","","$1,300,000 "," COL",1300000,1,2,2
534,"Harold Ramirez","RF",28,"R","","$2,200,000 "," TB",2200000,1,2,3
535,"Harrison Bader","CF",29,"R","","$4,700,000 "," CIN",4700000,3,2,3
537,"Hector Neris","RP",34,"","R","$8,000,000 "," HOU",8e+06,3,2,1
541,"Hoby Milner","RP",32,"","L","$1,025,000 "," MIL",1025000,1,2,1
543,"Huascar Ynoa","SP",25,"","R","$750,000 "," ATL",750000,1,1,1
548,"Hunter Harvey","RP",28,"","R","$870,000 "," WSH",870000,1,2,1
554,"Hyun Jin Ryu","SP",36,"","L","$20,000,000 "," TOR",2e+07,3,3,1
557,"Ian Gibaut","RP",29,"","R","$730,000 "," CIN",730000,1,2,1
558,"Ian Happ","LF",28,"","","$10,850,000 "," CHC",10850000,3,2,3
559,"Ian Kennedy","RP",38,"","R","$720,000 "," TEX",720000,1,3,1
561,"Ildemaro Vargas","2B",31,"","","$975,000 "," WSH",975000,1,2,2
563,"Isaac Paredes","3B",24,"R","","$735,000 "," TB",735000,1,1,2
565,"Isiah Kiner-Falefa","SS",28,"R","","$6,000,000 "," NYY",6e+06,3,2,2
568,"J.B. Bukauskas","RP",26,"","R","$720,000 "," MIL",720000,1,2,1
571,"J.D. Davis","3B",30,"R","","$4,210,000 "," SF",4210000,3,2,2
573,"J.D. Martinez","DH",35,"R","","$10,000,000 "," LAD",1e+07,3,3,4
574,"J.P. Crawford","SS",28,"L","","$10,000,000 "," SEA",1e+07,3,2,2
575,"J.P. Feyereisen","RP",30,"","R","$750,000 "," LAD",750000,1,2,1
576,"J.T. Realmuto","C",32,"R","","$23,875,000 "," PHI",23875000,3,2,2
577,"JT Brubaker","SP",29,"","R","$2,275,000 "," PIT",2275000,1,2,1
578,"JT Chargois","RP",32,"","R","$850,000 "," MIA",850000,1,2,1
582,"Jace Peterson","3B",33,"L","","$4,500,000 "," ARI",4500000,3,2,2
583,"Jack Flaherty","SP",27,"","R","$5,400,000 "," BAL",5400000,3,2,1
588,"Jackson Kowar","RP",26,"","R","$720,000 "," KC",720000,1,2,1
589,"Jacob Barnes","RP",33,"","R","$720,000 "," STL",720000,1,2,1
592,"Jacob Stallings","C",33,"R","","$3,350,000 "," MIA",3350000,1,2,2
595,"Jacob deGrom","SP",35,"","R","$30,000,000 "," TEX",3e+07,3,3,1
597,"Jaime Barria","RP",26,"","R","$1,050,000 "," LAA",1050000,1,2,1
599,"Jake Bauers","1B",27,"L","","$720,000 "," NYY",720000,1,2,2
600,"Jake Brentz","RP",28,"","L","$850,000 "," KC",850000,1,2,1
602,"Jake Cave","LF",30,"L","","$950,000 "," PHI",950000,1,2,3
604,"Jake Cronenworth","1B",29,"L","","$4,225,000 "," SD",4225000,3,2,2
607,"Jake Fraley","RF",28,"L","","$740,000 "," CIN",740000,1,2,3
612,"Jake Marisnick","CF",32,"R","","$720,000 "," LAD",720000,1,2,3
615,"Jake Meyers","CF",27,"R","","$732,000 "," HOU",732000,1,2,3
617,"Jake Odorizzi","RP",33,"","R","$12,500,000 "," TEX",12500000,3,2,1
620,"Jake Rogers","C",28,"R","","$726,000 "," DET",726000,1,2,2
625,"James Kaprielian","SP",29,"","R","$730,000 "," OAK",730000,1,2,1
626,"James Karinchak","RP",27,"","R","$1,500,000 "," CLE",1500000,1,2,1
627,"James McCann","C",33,"R","","$12,000,000 "," BAL",1.2e+07,3,2,2
629,"James Paxton","SP",34,"","L","$4,000,000 "," BOS",4e+06,2,2,1
631,"Jameson Taillon","SP",31,"","R","$14,000,000 "," CHC",1.4e+07,3,2,1
633,"Janson Junk","SP",27,"","R","$720,000 "," MIL",720000,1,2,1
637,"Jarlin Garcia","RP",30,"","L","$2,500,000 "," PIT",2500000,1,2,1
638,"Jarred Kelenic","LF",23,"L","","$729,400 "," SEA",729400,1,1,3
641,"Jason Adam","RP",31,"","R","$1,775,000 "," TB",1775000,1,2,1
643,"Jason Foley","RP",27,"","R","$726,200 "," DET",726200,1,2,1
644,"Jason Heyward","RF",33,"L","","$720,000 "," LAD",720000,1,2,3
647,"Javier Baez","SS",30,"R","","$22,000,000 "," DET",2.2e+07,3,2,2
653,"Jazz Chisholm Jr.","CF",25,"L","","$749,500 "," MIA",749500,1,1,3
656,"Jeff Hoffman","RP",30,"","R","$1,300,000 "," PHI",1300000,1,2,1
658,"Jeff McNeil","2B",31,"L","","$6,250,000 "," NYM",6250000,3,2,2
659,"Jeffrey Springs","SP",30,"","L","$4,000,000 "," TB",4e+06,2,2,1
661,"Jeimer Candelario","3B",29,"","","$5,000,000 "," CHC",5e+06,3,2,2
665,"Jesse Chavez","RP",39,"","R","$1,200,000 "," ATL",1200000,1,3,1
667,"Jesse Winker","RF",29,"L","","$8,250,000 "," MIL",8250000,3,2,3
669,"Jesus Luzardo","SP",25,"","L","$2,450,000 "," MIA",2450000,1,1,1
670,"Jesus Sanchez","CF",25,"","","$738,000 "," MIA",738000,1,1,3
677,"Ji Man Choi","1B",32,"","","$4,650,000 "," SD",4650000,3,2,2
678,"Jimmy Herget","RP",29,"","R","$750,000 "," LAA",750000,1,2,1
679,"Jimmy Lambert","RP",28,"","R","$735,000 "," CHW",735000,1,2,1
680,"Jimmy Nelson","RP",34,"","R","$1,200,000 "," LAD",1200000,1,2,1
681,"Jo Adell","RF",24,"R","","$720,000 "," LAA",720000,1,1,3
682,"JoJo Romero","RP",26,"","L","$720,000 "," STL",720000,1,2,1
684,"Joan Adon","SP",24,"","R","$720,000 "," WSH",720000,1,1,1
685,"Joc Pederson","LF",31,"L","","$19,650,000 "," SF",19650000,3,2,3
688,"Joe Jimenez","RP",28,"","R","$2,765,000 "," ATL",2765000,1,2,1
689,"Joe Kelly","RP",35,"","R","$9,000,000 "," LAD",9e+06,3,3,1
690,"Joe Mantiply","RP",32,"","L","$756,000 "," ARI",756000,1,2,1
691,"Joe Musgrove","SP",30,"","R","$20,000,000 "," SD",2e+07,3,2,1
694,"Joe Ryan","SP",27,"","R","$730,250 "," MIN",730250,1,2,1
696,"Joel Payamps","RP",29,"","R","$730,500 "," MIL",730500,1,2,1
697,"Joely Rodriguez","RP",31,"","L","$1,500,000 "," BOS",1500000,1,2,1
699,"Joey Gallo","1B",29,"L","","$11,000,000 "," MIN",1.1e+07,3,2,2
702,"Joey Votto","1B",39,"L","","$25,000,000 "," CIN",2.5e+07,3,3,2
703,"Joey Wendle","3B",33,"L","","$6,000,000 "," MIA",6e+06,3,2,2
705,"Johan Oviedo","SP",25,"","R","$735,000 "," PIT",735000,1,1,1
708,"John Brebbia","RP",33,"","R","$2,300,000 "," SF",2300000,1,2,1
709,"John Curtiss","RP",30,"","R","$775,000 "," NYM",775000,1,2,1
712,"John King","RP",28,"","L","$720,000 "," STL",720000,1,2,1
713,"John Means","SP",30,"","L","$2,975,000 "," BAL",2975000,1,2,1
715,"John Schreiber","RP",29,"","R","$750,000 "," BOS",750000,1,2,1
717,"Johnny Cueto","SP",37,"","R","$6,000,000 "," MIA",6e+06,3,3,1
718,"Jon Berti","SS",33,"R","","$2,100,000 "," MIA",2100000,1,2,2
720,"Jon Gray","SP",31,"","R","$15,000,000 "," TEX",1.5e+07,3,2,1
723,"Jonah Heim","C",28,"","","$745,660 "," TEX",745660,1,2,2
725,"Jonathan Davis","CF",31,"R","","$720,000 "," MIA",720000,1,2,3
727,"Jonathan India","2B",26,"R","","$760,000 "," CIN",760000,1,2,2
728,"Jonathan Loaisiga","RP",28,"","R","$2,262,500 "," NYY",2262500,1,2,1
733,"Jordan Hicks","RP",26,"","R","$1,837,500 "," TOR",1837500,1,2,1
735,"Jordan Luplow","RF",29,"R","","$1,400,000 "," MIN",1400000,1,2,3
736,"Jordan Lyles","SP",32,"","R","$8,500,000 "," KC",8500000,3,2,1
737,"Jordan Montgomery","SP",30,"","L","$10,000,000 "," TEX",1e+07,3,2,1
738,"Jordan Romano","RP/CL",30,"","R","$4,537,500 "," TOR",4537500,3,2,1
740,"Jordan Weems","RP",30,"","R","$720,000 "," WSH",720000,1,2,1
744,"Jorge Alcala","RP",27,"","R","$790,000 "," MIN",790000,1,2,1
749,"Jorge Mateo","SS",28,"R","","$2,000,000 "," BAL",2e+06,1,2,2
750,"Jorge Polanco","2B",29,"","","$7,500,000 "," MIN",7500000,3,2,2
751,"Jorge Soler","DH",31,"R","","$15,000,000 "," MIA",1.5e+07,3,2,4
752,"Jose Altuve","2B",33,"R","","$26,000,000 "," HOU",2.6e+07,3,2,2
756,"Jose Siri","CF",27,"R","","$731,600 "," TB",731600,1,2,3
757,"Jose Trevino","C",30,"R","","$2,360,000 "," NYY",2360000,1,2,2
759,"Josh Bell","1B",30,"","","$16,500,000 "," MIA",16500000,3,2,2
760,"Josh Donaldson","3B",37,"R","","$720,000 "," MIL",720000,1,3,2
762,"Josh Hader","RP/CL",29,"","L","$14,100,000 "," SD",14100000,3,2,1
766,"Josh Lowe","RF",25,"L","","$723,200 "," TB",723200,1,1,3
767,"Josh Naylor","1B",26,"L","","$3,350,000 "," CLE",3350000,1,2,2
771,"Josh Rojas","3B",29,"L","","$2,575,000 "," SEA",2575000,1,2,2
772,"Josh Sborz","RP",29,"","R","$733,450 "," TEX",733450,1,2,1
773,"Josh Staumont","RP",29,"","R","$1,025,000 "," KC",1025000,1,2,1
774,"Josh Taylor","RP",30,"","L","$1,025,000 "," KC",1025000,1,2,1
779,"Josiah Gray","SP",25,"","R","$730,000 "," WSH",730000,1,1,1
780,"Jose Abreu","1B",36,"R","","$19,500,000 "," HOU",19500000,3,3,2
781,"Jose Alvarado","RP/CL",28,"","L","$3,450,000 "," PHI",3450000,1,2,1
782,"Jose Berrios","SP",29,"","R","$15,000,000 "," TOR",1.5e+07,3,2,1
783,"Jose Cisnero","RP",34,"","R","$2,287,500 "," DET",2287500,1,2,1
784,"Jose De Leon","RP",30,"","R","$720,000 "," MIN",720000,1,2,1
791,"Jose Quijada","RP",27,"","L","$750,000 "," LAA",750000,1,2,1
792,"Jose Quintana","SP",34,"","L","$13,000,000 "," NYM",1.3e+07,3,2,1
793,"Jose Ramirez","3B",30,"","","$14,000,000 "," CLE",1.4e+07,3,2,2
796,"Jose Suarez","SP",25,"","L","$750,000 "," LAA",750000,1,1,1
798,"Jose Urquidy","RP",28,"","R","$3,025,000 "," HOU",3025000,1,2,1
800,"Jovani Moran","RP",26,"","L","$726,200 "," MIN",726200,1,2,1
803,"Juan Soto","LF",24,"L","","$23,000,000 "," SD",2.3e+07,3,1,3
805,"Julian Merryweather","RP",31,"","R","$737,000 "," CHC",737000,1,2,1
807,"Julio Urias","SP",26,"","L","$14,250,000 "," LAD",14250000,3,2,1
810,"Jurickson Profar","LF",30,"","","$720,000 "," SD",720000,1,2,3
812,"Justin Dunn","SP",27,"","R","$900,000 "," CIN",9e+05,1,2,1
814,"Justin Lawrence","RP/CL",28,"","R","$722,000 "," COL",722000,1,2,1
816,"Justin Steele","SP",27,"","L","$740,000 "," CHC",740000,1,2,1
817,"Justin Topa","RP",32,"","R","$720,000 "," SEA",720000,1,2,1
818,"Justin Turner","3B",38,"R","","$8,300,000 "," BOS",8300000,3,3,2
821,"Justin Wilson","RP",35,"","L","$1,000,000 "," MIL",1e+06,1,3,1
824,"Kaleb Ort","RP",31,"","","$722,000 "," BOS",722000,1,2,1
825,"Ke'Bryan Hayes","3B",26,"R","","$10,000,000 "," PIT",1e+07,3,2,2
827,"Keegan Akin","RP",28,"","L","$731,100 "," BAL",731100,1,2,1
829,"Keibert Ruiz","C",24,"","","$1,000,000 "," WSH",1e+06,1,1,2
831,"Kendall Graveman","RP/CL",32,"","R","$8,000,000 "," HOU",8e+06,3,2,1
832,"Kenley Jansen","RP/CL",35,"","R","$16,000,000 "," BOS",1.6e+07,3,3,1
834,"Kenta Maeda","SP",35,"","R","$3,000,000 "," MIN",3e+06,1,3,1
838,"Ketel Marte","2B",29,"","","$11,000,000 "," ARI",1.1e+07,3,2,2
841,"Kevin Gausman","SP",32,"","R","$21,000,000 "," TOR",2.1e+07,3,2,1
842,"Kevin Ginkel","RP",29,"","R","$746,600 "," ARI",746600,1,2,1
843,"Kevin Kiermaier","CF",33,"L","","$9,000,000 "," TOR",9e+06,3,2,3
846,"Kevin Pillar","LF",34,"R","","$3,000,000 "," ATL",3e+06,1,2,3
850,"Keynan Middleton","RP",29,"","R","$800,000 "," NYY",8e+05,1,2,1
853,"Kike Hernandez","SS",31,"R","","$10,000,000 "," LAD",1e+07,3,2,2
858,"Kolby Allard","SP",25,"","L","$750,000 "," ATL",750000,1,1,1
859,"Kole Calhoun","RF",35,"L","","$720,000 "," CLE",720000,1,3,3
860,"Kolten Wong","2B",32,"L","","$720,000 "," LAD",720000,1,2,2
862,"Kris Bryant","RF",31,"R","","$27,000,000 "," COL",2.7e+07,3,2,3
863,"Kris Bubic","SP",25,"","L","$2,200,000 "," KC",2200000,1,1,1
865,"Kutter Crawford","SP",27,"","R","$730,000 "," BOS",730000,1,2,1
871,"Kyle Farmer","SS",32,"R","","$5,585,000 "," MIN",5585000,3,2,2
872,"Kyle Finnegan","RP/CL",31,"","R","$2,325,000 "," WSH",2325000,1,2,1
873,"Kyle Freeland","SP",30,"","L","$10,500,000 "," COL",10500000,3,2,1
876,"Kyle Gibson","SP",35,"","R","$10,000,000 "," BAL",1e+07,3,3,1
877,"Kyle Hendricks","SP",33,"","R","$14,000,000 "," CHC",1.4e+07,3,2,1
878,"Kyle Higashioka","C",33,"R","","$1,462,500 "," NYY",1462500,1,2,2
879,"Kyle Isbel","CF",26,"L","","$727,500 "," KC",727500,1,2,3
885,"Kyle Nelson","RP",26,"","L","$728,900 "," ARI",728900,1,2,1
887,"Kyle Schwarber","LF",30,"L","","$20,000,000 "," PHI",2e+07,3,2,3
889,"Kyle Tucker","RF",26,"L","","$5,000,000 "," HOU",5e+06,3,2,3
891,"Kyle Wright","SP",27,"","R","$750,000 "," ATL",750000,1,2,1
894,"LaMonte Wade Jr.","LF",29,"L","","$1,375,000 "," SF",1375000,1,2,3
895,"Lance Lynn","SP",36,"","R","$18,500,000 "," LAD",18500000,3,3,1
896,"Lance McCullers Jr.","SP",29,"","R","$15,250,000 "," HOU",15250000,3,2,1
897,"Lane Thomas","RF",27,"R","","$2,200,000 "," WSH",2200000,1,2,3
898,"Lars Nootbaar","CF",25,"L","","$732,400 "," STL",732400,1,1,3
904,"Liam Hendriks","RP/CL",34,"","R","$14,000,000 "," CHW",1.4e+07,3,2,1
906,"Logan Allen","SP",24,"","","$720,000 "," CLE",720000,1,1,1
907,"Logan Gilbert","SP",26,"","R","$767,300 "," SEA",767300,1,2,1
908,"Logan Webb","SP",26,"","R","$4,600,000 "," SF",4600000,3,2,1
910,"Lou Trivino","RP",31,"","R","$4,100,000 "," NYY",4100000,3,2,1
912,"Lourdes Gurriel Jr.","LF",29,"R","","$5,400,000 "," ARI",5400000,3,2,3
913,"Lucas Gilbreath","RP",27,"","L","$725,000 "," COL",725000,1,2,1
914,"Lucas Giolito","SP",28,"","R","$10,400,000 "," CLE",10400000,3,2,1
916,"Lucas Sims","RP",29,"","R","$1,267,500 "," CIN",1267500,1,2,1
917,"Luis A. Garcia","RP",36,"","R","$3,500,000 "," SD",3500000,1,3,1
1762,"Luis A. Garcia","RP",36,"","R","$3,500,000 "," SD",3500000,1,3,1
918,"Luis Arraez","2B",26,"L","","$6,100,000 "," MIA",6100000,3,2,2
921,"Luis Campusano","C",24,"R","","$722,700 "," SD",722700,1,1,2
922,"Luis M. Castillo","SP",30,"","R","$10,000,000 "," SEA",1e+07,3,2,1
924,"Luis Frias","RP",25,"","R","$720,000 "," ARI",720000,1,1,1
925,"Luis Gil","SP",25,"","R","$723,400 "," NYY",723400,1,1,1
927,"Luis Guillorme","SS",28,"L","","$1,600,000 "," NYM",1600000,1,2,2
928,"Luis H. Garcia","SP",26,"","R","$763,200 "," HOU",763200,1,2,1
1763,"Luis H. Garcia","SP",26,"","R","$763,200 "," HOU",763200,1,2,1
931,"Luis Patino","RP",23,"","R","$720,000 "," CHW",720000,1,1,1
932,"Luis Rengifo","SS",26,"","","$2,300,000 "," LAA",2300000,1,2,2
933,"Luis Robert Jr.","CF",25,"R","","$9,500,000 "," CHW",9500000,3,1,3
934,"Luis Severino","SP",29,"","R","$15,000,000 "," NYY",1.5e+07,3,2,1
935,"Luis Torrens","C",27,"R","","$720,000 "," SEA",720000,1,2,2
936,"Luis Urias","3B",26,"R","","$4,700,000 "," BOS",4700000,3,2,2
937,"Luis V. Garcia","2B",23,"L","","$730,000 "," WSH",730000,1,1,2
939,"Luke Jackson","RP",31,"","R","$3,000,000 "," SF",3e+06,1,2,1
940,"Luke Maile","C",32,"R","","$1,175,000 "," CIN",1175000,1,2,2
941,"Luke Raley","CF",28,"L","","$722,300 "," TB",722300,1,2,3
943,"Luke Weaver","RP",29,"","R","$720,000 "," NYY",720000,1,2,1
944,"Luke Williams","SS",26,"R","","$720,000 "," ATL",720000,1,2,2
951,"Manny Machado","3B",30,"R","","$13,000,000 "," SD",1.3e+07,3,2,2
953,"Manuel Margot","RF",28,"R","","$7,000,000 "," TB",7e+06,3,2,3
955,"Marcell Ozuna","LF",32,"R","","$16,000,000 "," ATL",1.6e+07,3,2,3
956,"Marco Gonzales","SP",31,"","L","$6,500,000 "," SEA",6500000,3,2,1
958,"Marcus Semien","2B",32,"R","","$26,000,000 "," TEX",2.6e+07,3,2,2
959,"Marcus Stroman","SP",32,"","R","$25,000,000 "," CHC",2.5e+07,3,2,1
961,"Mark Canha","LF",34,"R","","$10,500,000 "," MIL",10500000,3,2,3
962,"Mark Melancon","RP",38,"","R","$6,000,000 "," ARI",6e+06,3,3,1
964,"Martin Maldonado","C",36,"R","","$4,000,000 "," HOU",4e+06,2,3,2
965,"Martin Perez","RP",32,"","L","$19,650,000 "," TEX",19650000,3,2,1
971,"Matt Barnes","RP",33,"","R","$7,500,000 "," MIA",7500000,3,2,1
973,"Matt Bush","RP",37,"","R","$720,000 "," TEX",720000,1,3,1
974,"Matt Carpenter","3B",37,"L","","$3,500,000 "," SD",3500000,1,3,2
975,"Matt Chapman","3B",30,"R","","$12,000,000 "," TOR",1.2e+07,3,2,2
976,"Matt Duffy","3B",32,"R","","$1,500,000 "," KC",1500000,1,2,2
977,"Matt Foster","RP",28,"","R","$734,000 "," CHW",734000,1,2,1
980,"Matt Manning","SP",25,"","R","$729,200 "," DET",729200,1,1,1
982,"Matt Olson","1B",29,"L","","$21,000,000 "," ATL",2.1e+07,3,2,2
985,"Matt Strahm","RP",31,"","L","$7,500,000 "," PHI",7500000,3,2,1
986,"Matt Thaiss","C",28,"L","","$740,000 "," LAA",740000,1,2,2
987,"Matt Vierling","RF",26,"R","","$727,100 "," DET",727100,1,2,3
989,"Matthew Boyd","SP",32,"","L","$10,000,000 "," DET",1e+07,3,2,1
990,"Mauricio Dubon","2B",28,"R","","$1,400,000 "," HOU",1400000,1,2,2
991,"Mauricio Llovera","RP",27,"","R","$720,000 "," BOS",720000,1,2,1
992,"Max Fried","SP",29,"","L","$13,500,000 "," ATL",13500000,3,2,1
993,"Max Kepler","RF",30,"L","","$8,500,000 "," MIN",8500000,3,2,3
996,"Max Muncy","1B",32,"L","","$13,500,000 "," LAD",13500000,3,2,2
997,"Max Scherzer","SP",38,"","R","$43,333,333 "," TEX",43333333,3,3,1
999,"Max Stassi","C",32,"R","","$7,000,000 "," LAA",7e+06,3,2,2
1000,"Merrill Kelly","SP",34,"","R","$8,000,000 "," ARI",8e+06,3,2,1
1001,"Michael A. Taylor","CF",32,"R","","$4,500,000 "," MIN",4500000,3,2,3
1002,"Michael Brantley","LF",36,"L","","$12,000,000 "," HOU",1.2e+07,3,3,3
1003,"Michael Chavis","2B",27,"R","","$1,000,000 "," WSH",1e+06,1,2,2
1004,"Michael Conforto","RF",30,"L","","$18,000,000 "," SF",1.8e+07,3,2,3
1006,"Michael Fulmer","RP",30,"","R","$4,000,000 "," CHC",4e+06,2,2,1
1008,"Michael King","SP",28,"","R","$1,300,000 "," NYY",1300000,1,2,1
1009,"Michael Kopech","SP",27,"","R","$2,050,000 "," CHW",2050000,1,2,1
1010,"Michael Lorenzen","SP",31,"","R","$8,500,000 "," PHI",8500000,3,2,1
1014,"Michael Wacha","SP",32,"","R","$4,000,000 "," SD",4e+06,2,2,1
1018,"Miguel Andujar","3B",28,"R","","$1,525,000 "," PIT",1525000,1,2,2
1019,"Miguel Cabrera","DH",40,"R","","$32,000,000 "," DET",3.2e+07,3,3,4
1020,"Miguel Castro","RP",28,"","R","$3,500,000 "," ARI",3500000,1,2,1
1022,"Miguel Diaz","RP",28,"","R","$720,000 "," DET",720000,1,2,1
1023,"Miguel Rojas","SS",34,"R","","$3,500,000 "," LAD",3500000,1,2,2
1031,"Mike Ford","1B",30,"L","","$720,000 "," SEA",720000,1,2,2
1038,"Mike Trout","CF",31,"R","","$35,450,000 "," LAA",35450000,3,2,3
1040,"Mike Yastrzemski","CF",32,"L","","$6,100,000 "," SF",6100000,3,2,3
1042,"Miles Mikolas","SP",34,"","R","$18,750,000 "," STL",18750000,3,2,1
1043,"Mitch Garver","C",32,"R","","$3,900,000 "," TEX",3900000,1,2,2
1044,"Mitch Haniger","LF",32,"R","","$5,000,000 "," SF",5e+06,3,2,3
1045,"Mitch Keller","SP",27,"","R","$2,437,500 "," PIT",2437500,1,2,1
1049,"Mookie Betts","SS",30,"R","","$20,000,000 "," LAD",2e+07,3,2,2
1051,"Myles Straw","CF",28,"R","","$2,500,000 "," CLE",2500000,1,2,3
1055,"Nathan Eovaldi","SP",33,"","R","$16,000,000 "," TEX",1.6e+07,3,2,1
1056,"Nathaniel Lowe","1B",27,"L","","$4,050,000 "," TEX",4050000,3,2,2
1059,"Nestor Cortes","SP",28,"","L","$3,200,000 "," NYY",3200000,1,2,1
1062,"Nick Anderson","RP",32,"","R","$875,000 "," ATL",875000,1,2,1
1063,"Nick Castellanos","RF",31,"R","","$20,000,000 "," PHI",2e+07,3,2,3
1065,"Nick Fortes","C",26,"R","","$730,000 "," MIA",730000,1,2,2
1066,"Nick Gordon","SS",27,"L","","$735,400 "," MIN",735400,1,2,2
1068,"Nick Madrigal","2B",26,"R","","$1,225,000 "," CHC",1225000,1,2,2
1072,"Nick Mears","RP",26,"","R","$720,000 "," COL",720000,1,2,1
1074,"Nick Nelson","RP",27,"","R","$745,000 "," PHI",745000,1,2,1
1075,"Nick Pivetta","RP",30,"","R","$5,350,000 "," BOS",5350000,3,2,1
1076,"Nick Ramirez","RP",33,"","L","$720,000 "," NYY",720000,1,2,1
1077,"Nick Sandlin","RP",26,"","R","$726,000 "," CLE",726000,1,2,1
1078,"Nick Senzel","CF",28,"R","","$1,950,000 "," CIN",1950000,1,2,3
1085,"Nicky Lopez","3B",28,"L","","$3,700,000 "," ATL",3700000,1,2,2
1086,"Nico Hoerner","2B",26,"R","","$2,525,000 "," CHC",2525000,1,2,2
1090,"Nolan Arenado","3B",32,"R","","$35,000,000 "," STL",3.5e+07,3,2,2
1094,"Oliver Ortega","RP",26,"","R","$720,000 "," MIN",720000,1,2,1
1096,"Omar Narvaez","C",31,"L","","$8,000,000 "," NYM",8e+06,3,2,2
1098,"Orlando Arcia","2B",28,"R","","$2,300,000 "," ATL",2300000,1,2,2
1101,"Ozzie Albies","2B",26,"","","$7,000,000 "," ATL",7e+06,3,2,2
1103,"Pablo Lopez","SP",27,"","R","$5,450,000 "," MIN",5450000,3,2,1
1104,"Pablo Reyes","LF",29,"R","","$720,000 "," BOS",720000,1,2,3
1106,"Packy Naughton","RP",27,"","L","$728,750 "," STL",728750,1,2,1
1109,"Patrick Corbin","SP",33,"","L","$24,000,000 "," WSH",2.4e+07,3,2,1
1113,"Patrick Sandoval","SP",26,"","L","$2,750,000 "," LAA",2750000,1,2,1
1115,"Patrick Wisdom","3B",31,"R","","$763,000 "," CHC",763000,1,2,2
1116,"Paul Blackburn","SP",29,"","R","$1,900,000 "," OAK",1900000,1,2,1
1120,"Paul Goldschmidt","1B",35,"R","","$22,000,000 "," STL",2.2e+07,3,3,2
1121,"Paul Sewald","RP/CL",33,"","R","$4,100,000 "," ARI",4100000,3,2,1
1122,"Pavin Smith","OF",27,"L","","$750,000 "," ARI",750000,1,2,3
1124,"Pedro Avila","SP",26,"","R","$720,000 "," SD",720000,1,2,1
1128,"Pete Alonso","1B",28,"R","","$14,500,000 "," NYM",14500000,3,2,2
1129,"Pete Fairbanks","RP/CL",29,"","R","$3,666,666 "," TB",3666666,1,2,1
1131,"Peter Lambert","SP",26,"","R","$775,000 "," COL",775000,1,2,1
1133,"Phil Bickford","RP",27,"","R","$740,000 "," NYM",740000,1,2,1
1135,"Phil Maton","RP",30,"","R","$2,550,000 "," HOU",2550000,1,2,1
1138,"Pierce Johnson","RP",32,"","R","$5,000,000 "," ATL",5e+06,3,2,1
1141,"Rafael Devers","3B",26,"L","","$17,500,000 "," BOS",17500000,3,2,2
1144,"Rafael Montero","RP",32,"","R","$11,500,000 "," HOU",11500000,3,2,1
1145,"Rafael Ortega","OF",32,"L","","$720,000 "," NYM",720000,1,2,3
1147,"Raisel Iglesias","RP/CL",33,"","R","$16,000,000 "," ATL",1.6e+07,3,2,1
1149,"Ramon Laureano","OF",28,"R","","$3,550,000 "," CLE",3550000,1,2,3
1151,"Ramon Urias","3B",29,"R","","$734,700 "," BAL",734700,1,2,2
1152,"Randal Grichuk","RF",31,"R","","$9,333,334 "," LAA",9333334,3,2,3
1153,"Randy Arozarena","LF",28,"R","","$4,150,000 "," TB",4150000,3,2,3
1155,"Ranger Suarez","SP",27,"","L","$2,950,000 "," PHI",2950000,1,2,1
1157,"Reese McGuire","C",28,"L","","$1,225,000 "," BOS",1225000,1,2,2
1158,"Reid Detmers","SP",23,"","L","$740,000 "," LAA",740000,1,1,1
1159,"Reiss Knehr","SP",26,"","R","$720,000 "," SD",720000,1,2,1
1166,"Reynaldo Lopez","RP",29,"","R","$3,625,000 "," CLE",3625000,1,2,1
1167,"Rhys Hoskins","1B",30,"R","","$12,000,000 "," PHI",1.2e+07,3,2,2
1168,"Rich Hill","SP",43,"","L","$8,000,000 "," SD",8e+06,3,3,1
1173,"Riley Adams","C",27,"R","","$728,800 "," WSH",728800,1,2,2
1179,"Rob Refsnyder","RF",32,"R","","$1,200,000 "," BOS",1200000,1,2,3
1180,"Robbie Grossman","RF",33,"","","$2,000,000 "," TEX",2e+06,1,2,3
1181,"Robbie Ray","SP",31,"","L","$21,000,000 "," SEA",2.1e+07,3,2,1
1185,"Robert Stephenson","RP",30,"","R","$1,750,000 "," TB",1750000,1,2,1
1187,"Roberto Perez","C",34,"R","","$2,500,000 "," SF",2500000,1,2,2
1192,"Romy Gonzalez","2B",26,"R","","$723,000 "," CHW",723000,1,2,2
1193,"Ronald Acuna Jr.","RF",25,"R","","$17,000,000 "," ATL",1.7e+07,3,1,3
1200,"Ross Stripling","SP",33,"","R","$7,500,000 "," SF",7500000,3,2,1
1203,"Rowdy Tellez","1B",28,"L","","$4,950,000 "," MIL",4950000,3,2,2
1205,"Ryan Brasier","RP",35,"","R","$720,000 "," LAD",720000,1,3,1
1210,"Ryan Feltner","SP",26,"","R","$722,000 "," COL",722000,1,2,1
1212,"Ryan Helsley","RP/CL",28,"","R","$2,150,000 "," STL",2150000,1,2,1
1214,"Ryan Jeffers","C",26,"R","","$741,650 "," MIN",741650,1,2,2
1219,"Ryan McMahon","3B",28,"L","","$9,000,000 "," COL",9e+06,3,2,2
1221,"Ryan Mountcastle","1B",26,"R","","$738,400 "," BAL",738400,1,2,2
1222,"Ryan O'Hearn","1B",29,"L","","$1,400,000 "," BAL",1400000,1,2,2
1223,"Ryan Pressly","RP/CL",34,"","R","$14,000,000 "," HOU",1.4e+07,3,2,1
1226,"Ryan Thompson","RP",31,"","R","$720,000 "," ARI",720000,1,2,1
1228,"Ryan Weathers","SP",23,"","L","$727,600 "," MIA",727600,1,1,1
1229,"Ryan Weber","RP",32,"","R","$720,000 "," NYY",720000,1,2,1
1230,"Ryan Yarbrough","RP",31,"","L","$3,000,000 "," LAD",3e+06,1,2,1
1233,"Ryne Stanek","RP",31,"","R","$3,600,000 "," HOU",3600000,1,2,1
1235,"Salvador Perez","C",33,"R","","$20,000,000 "," KC",2e+07,3,2,2
1238,"Sam Haggerty","2B",29,"","","$726,600 "," SEA",726600,1,2,2
1239,"Sam Hentges","RP",26,"","L","$730,200 "," CLE",730200,1,2,1
1240,"Sam Hilliard","CF",29,"L","","$750,000 "," ATL",750000,1,2,3
1243,"Sam Moll","RP",31,"","L","$725,000 "," CIN",725000,1,2,1
1245,"Sandy Alcantara","SP",27,"","R","$6,000,000 "," MIA",6e+06,3,2,1
1247,"Santiago Espinal","3B",28,"R","","$2,100,000 "," TOR",2100000,1,2,2
1248,"Scott Alexander","RP",33,"","L","$1,150,000 "," SF",1150000,1,2,1
1249,"Scott Barlow","RP/CL",30,"","R","$5,300,000 "," SD",5300000,3,2,1
1251,"Scott Effross","RP",29,"","R","$742,750 "," NYY",742750,1,2,1
1260,"Sean Manaea","RP",31,"","L","$7,500,000 "," SF",7500000,3,2,1
1261,"Sean Murphy","C",28,"R","","$4,000,000 "," ATL",4e+06,2,2,2
1267,"Seby Zavala","C",29,"R","","$732,000 "," ARI",732000,1,2,2
1268,"Seranthony Dominguez","RP",28,"","R","$2,500,000 "," PHI",2500000,1,2,1
1272,"Seth Brown","LF",30,"L","","$730,000 "," OAK",730000,1,2,3
1275,"Seth Lugo","SP",33,"","R","$7,500,000 "," SD",7500000,3,2,1
1276,"Seth Martinez","RP",28,"","R","$730,200 "," HOU",730200,1,2,1
1277,"Shane Baz","SP",24,"","R","$723,600 "," TB",723600,1,1,1
1278,"Shane Bieber","SP",28,"","R","$10,010,000 "," CLE",10010000,3,2,1
1280,"Shane McClanahan","SP",26,"","L","$737,000 "," TB",737000,1,2,1
1282,"Shawn Armstrong","RP",32,"","R","$1,200,000 "," TB",1200000,1,2,1
1286,"Shelby Miller","RP",32,"","R","$1,500,000 "," LAD",1500000,1,2,1
1289,"Shohei Ohtani","SP/DH",28,"","R","$30,000,000 "," LAA",3e+07,3,2,1
1291,"Sonny Gray","SP",33,"","R","$12,700,000 "," MIN",12700000,3,2,1
1294,"Spencer Strider","SP",24,"","R","$1,000,000 "," ATL",1e+06,1,1,1
1298,"Starling Marte","RF",34,"R","","$19,500,000 "," NYM",19500000,3,2,3
1304,"Stephen Strasburg","SP",34,"","R","$35,000,000 "," WSH",3.5e+07,3,2,1
1310,"Steven Matz","SP",32,"","L","$10,000,000 "," STL",1e+07,3,2,1
1311,"Steven Okert","RP",31,"","L","$739,000 "," MIA",739000,1,2,1
1314,"Stuart Fairchild","OF",27,"R","","$722,500 "," CIN",722500,1,2,3
1317,"TJ Friedl","LF",27,"L","","$722,500 "," CIN",722500,1,2,3
1318,"Taijuan Walker","SP",30,"","R","$18,000,000 "," PHI",1.8e+07,3,2,1
1320,"Tanner Houck","SP",27,"","R","$740,000 "," BOS",740000,1,2,1
1321,"Tanner Rainey","RP",30,"","R","$1,500,000 "," WSH",1500000,1,2,1
1323,"Tanner Scott","RP",28,"","L","$2,825,000 "," MIA",2825000,1,2,1
1324,"Tarik Skubal","SP",26,"","L","$743,700 "," DET",743700,1,2,1
1325,"Tayler Saucedo","RP",30,"","L","$720,000 "," SEA",720000,1,2,1
1326,"Taylor Clarke","RP",30,"","R","$1,150,000 "," KC",1150000,1,2,1
1332,"Taylor Rogers","RP",32,"","L","$9,000,000 "," SF",9e+06,3,2,1
1334,"Taylor Walls","SS",26,"","","$727,600 "," TB",727600,1,2,2
1335,"Taylor Ward","LF",29,"R","","$2,750,000 "," LAA",2750000,1,2,3
1338,"Tejay Antone","RP",29,"","R","$770,000 "," CIN",770000,1,2,1
1339,"Teoscar Hernandez","RF",30,"R","","$14,000,000 "," SEA",1.4e+07,3,2,3
1340,"Thairo Estrada","2B",27,"R","","$2,250,000 "," SF",2250000,1,2,2
1343,"Thomas Szapucki","RP",27,"","L","$723,750 "," SF",723750,1,2,1
1344,"Tim Anderson","SS",30,"R","","$12,500,000 "," CHW",12500000,3,2,2
1345,"Tim Hill","RP",33,"","L","$1,850,000 "," SD",1850000,1,2,1
1346,"Tim Locastro","OF",30,"R","","$1,400,000 "," NYM",1400000,1,2,3
1348,"Tim Mayza","RP",31,"","L","$2,100,000 "," TOR",2100000,1,2,1
1350,"Tom Murphy","C",32,"R","","$1,625,000 "," SEA",1625000,1,2,2
1351,"Tommy Edman","SS",28,"","","$4,200,000 "," STL",4200000,3,2,2
1355,"Tommy Nance","RP",32,"","R","$729,500 "," MIA",729500,1,2,1
1356,"Tommy Pham","LF",35,"R","","$5,000,000 "," ARI",5e+06,3,3,3
1359,"Tony Kemp","2B",31,"L","","$3,725,000 "," OAK",3725000,1,2,2
1365,"Travis Blankenhorn","3B",26,"L","","$720,000 "," WSH",720000,1,2,2
1366,"Travis Jankowski","LF",32,"L","","$1,250,000 "," TEX",1250000,1,2,3
1369,"Travis d'Arnaud","C",34,"R","","$8,000,000 "," ATL",8e+06,3,2,2
1370,"Trayce Thompson","CF",32,"R","","$1,450,000 "," CHW",1450000,1,2,3
1371,"Trea Turner","SS",30,"R","","$27,272,727 "," PHI",27272727,3,2,2
1373,"Trent Grisham","CF",26,"L","","$3,175,000 "," SD",3175000,1,2,3
1374,"Trent Thornton","RP",29,"","R","$1,000,000 "," SEA",1e+06,1,2,1
1379,"Trevor Larnach","OF",26,"L","","$733,650 "," MIN",733650,1,2,3
1380,"Trevor May","RP/CL",33,"","R","$6,000,000 "," OAK",6e+06,3,2,1
1381,"Trevor Megill","RP",29,"","R","$720,000 "," MIL",720000,1,2,1
1382,"Trevor Richards","RP",30,"","R","$1,500,000 "," TOR",1500000,1,2,1
1383,"Trevor Rogers","SP",25,"","L","$752,000 "," MIA",752000,1,1,1
1384,"Trevor Stephan","RP",27,"","R","$1,350,000 "," CLE",1350000,1,2,1
1385,"Trevor Story","SS",30,"R","","$20,000,000 "," BOS",2e+07,3,2,2
1386,"Trevor Williams","SP",31,"","R","$6,000,000 "," WSH",6e+06,3,2,1
1389,"Triston McKenzie","SP",25,"","R","$739,500 "," CLE",739500,1,1,1
1392,"Tucker Davidson","RP",27,"","L","$740,000 "," KC",740000,1,2,1
1394,"Ty France","1B",28,"R","","$4,100,000 "," SEA",4100000,3,2,2
1396,"Tyler Alexander","RP",28,"","L","$1,875,000 "," DET",1875000,1,2,1
1397,"Tyler Anderson","SP",33,"","L","$13,000,000 "," LAA",1.3e+07,3,2,1
1403,"Tyler Glasnow","SP",29,"","R","$5,350,000 "," TB",5350000,3,2,1
1405,"Tyler Kinley","RP",32,"","R","$1,200,000 "," COL",1200000,1,2,1
1407,"Tyler Mahle","SP",28,"","R","$7,500,000 "," MIN",7500000,3,2,1
1408,"Tyler Matzek","RP",32,"","L","$1,200,000 "," ATL",1200000,1,2,1
1410,"Tyler Nevin","3B",26,"R","","$723,000 "," DET",723000,1,2,2
1411,"Tyler O'Neill","LF",28,"R","","$4,950,000 "," STL",4950000,3,2,3
1413,"Tyler Rogers","RP",32,"","R","$1,675,000 "," SF",1675000,1,2,1
1414,"Tyler Stephenson","C",26,"R","","$740,000 "," CIN",740000,1,2,2
1417,"Tyler Wells","SP",28,"","R","$732,400 "," BAL",732400,1,2,1
1419,"Tylor Megill","SP",27,"","R","$750,000 "," NYM",750000,1,2,1
1420,"Tyrone Taylor","RF",29,"R","","$735,400 "," MIL",735400,1,2,3
1422,"Victor Gonzalez","RP",27,"","L","$720,000 "," LAD",720000,1,2,1
1428,"Vladimir Guerrero Jr.","1B",24,"R","","$14,500,000 "," TOR",14500000,3,1,2
1429,"Vladimir Gutierrez","SP",27,"","R","$730,000 "," CIN",730000,1,2,1
1430,"Victor Caratini","C",29,"","","$2,800,000 "," MIL",2800000,1,2,2
1431,"Victor Robles","CF",26,"R","","$2,325,000 "," WSH",2325000,1,2,3
1434,"Wade Miley","SP",36,"","L","$3,500,000 "," MIL",3500000,1,3,1
1435,"Walker Buehler","SP",28,"","R","$8,025,000 "," LAD",8025000,3,2,1
1436,"Wander Franco","SS",22,"","","$2,000,000 "," TB",2e+06,1,1,2
1438,"Wandy Peralta","RP",31,"","L","$3,350,000 "," NYY",3350000,1,2,1
1441,"Whit Merrifield","2B",34,"R","","$6,750,000 "," TOR",6750000,3,2,2
1446,"Will D. Smith","C",28,"R","","$5,250,000 "," LAD",5250000,3,2,2
1448,"Will M. Smith","RP/CL",33,"","L","$1,500,000 "," TEX",1500000,1,2,1
1449,"Will Vest","RP",28,"","R","$720,000 "," DET",720000,1,2,1
1450,"Willi Castro","SS",26,"","","$1,800,000 "," MIN",1800000,1,2,2
1451,"William Contreras","C",25,"R","","$739,000 "," MIL",739000,1,1,2
1454,"Willson Contreras","C",31,"R","","$10,000,000 "," STL",1e+07,3,2,2
1455,"Willy Adames","SS",27,"R","","$8,700,000 "," MIL",8700000,3,2,2
1457,"Wilmer Flores","1B",31,"R","","$6,500,000 "," SF",6500000,3,2,2
1461,"Wyatt Mills","RP",28,"","R","$727,500 "," BOS",727500,1,2,1
1462,"Xander Bogaerts","SS",30,"R","","$25,000,000 "," SD",2.5e+07,3,2,2
1467,"Yan Gomes","C",35,"R","","$6,000,000 "," CHC",6e+06,3,3,2
1468,"Yandy Diaz","1B",31,"R","","$6,000,000 "," TB",6e+06,3,2,2
1469,"Yasmani Grandal","C",34,"","","$18,250,000 "," CHW",18250000,3,2,2
1471,"Yency Almonte","RP",29,"","R","$1,500,000 "," LAD",1500000,1,2,1
1474,"Yimi Garcia","RP",32,"","R","$5,000,000 "," TOR",5e+06,3,2,1
1476,"Yohan Ramirez","RP",28,"","R","$720,000 "," CHW",720000,1,2,1
1480,"Yordan Alvarez","LF",26,"L","","$7,000,000 "," HOU",7e+06,3,2,3
1482,"Yoan Moncada","3B",28,"","","$17,000,000 "," CHW",1.7e+07,3,2,2
1484,"Yu Darvish","SP",36,"","R","$24,000,000 "," SD",2.4e+07,3,3,1
1485,"Yuli Gurriel","1B",39,"R","","$1,250,000 "," MIA",1250000,1,3,2
1486,"Yusei Kikuchi","SP",32,"","L","$10,000,000 "," TOR",1e+07,3,2,1
1488,"Zac Gallen","SP",27,"","R","$5,600,000 "," ARI",5600000,3,2,1
1492,"Zach Eflin","SP",29,"","R","$11,000,000 "," TB",1.1e+07,3,2,1
1493,"Zach McKinstry","2B",28,"L","","$734,500 "," DET",734500,1,2,2
1502,"Zack Greinke","SP",39,"","R","$8,500,000 "," KC",8500000,3,3,1
1504,"Zack Short","2B",28,"R","","$720,000 "," DET",720000,1,2,2
1505,"Zack Wheeler","SP",33,"","R","$24,500,000 "," PHI",24500000,3,2,1
1507,"Angel Zerpa","RP",23,"","L","$721,400 "," KC",721400,1,1,1
1509,"Julio Rodriguez","CF",22,"R","","$4,000,000 "," SEA",4e+06,2,1,3
1510,"Steven Kwan","LF",25,"L","","$727,300 "," CLE",727300,1,1,3
1511,"Michael Harris II","CF",22,"","","$5,000,000 "," ATL",5e+06,3,1,3
1512,"Adley Rutschman","C",25,"R","","$733,900 "," BAL",733900,1,1,2
1513,"Jeremy Pena","SS",25,"R","","$754,900 "," HOU",754900,1,1,2
1514,"Brendan Donovan","2B",26,"L","","$728,600 "," STL",728600,1,2,2
1515,"Oscar Gonzalez","OF",25,"","","$722,600 "," CLE",722600,1,1,3
1516,"Oswaldo Cabrera","LF",24,"","","$742,750 "," NYY",742750,1,1,3
1517,"Seiya Suzuki","RF",28,"R","","$17,000,000 "," CHC",1.7e+07,3,2,3
1518,"Riley Greene","CF",22,"L","","$727,800 "," DET",727800,1,1,3
1519,"Vinnie Pasquantino","1B",25,"","","$725,500 "," KC",725500,1,1,2
1520,"Alek Thomas","CF",23,"L","","$735,200 "," ARI",735200,1,1,3
1523,"Bryson Stott","2B",25,"L","","$734,500 "," PHI",734500,1,1,2
1524,"Corbin Carroll","RF",22,"L","","$1,000,000 "," ARI",1e+06,1,1,3
1525,"Jack Suwinski","CF",24,"L","","$725,000 "," PIT",725000,1,1,3
1526,"Nick Allen","SS",24,"R","","$720,000 "," OAK",720000,1,1,2
1527,"Joey Meneses","1B",31,"","","$723,300 "," WSH",723300,1,2,2
1528,"Jose Miranda","SS",25,"R","","$727,850 "," MIN",727850,1,1,2
1529,"Christian Bethancourt","C",31,"R","","$1,350,000 "," TB",1350000,1,2,2
1530,"Sean Bouchard","1B",27,"","","$722,000 "," COL",722000,1,2,2
1531,"Gunnar Henderson","SS",22,"","","$723,200 "," BAL",723200,1,1,2
1532,"Garrett Mitchell","OF",24,"","","$724,300 "," MIL",724300,1,1,3
1534,"Mark Mathias","2B",28,"R","","$750,000 "," SF",750000,1,2,2
1535,"Bobby Witt Jr.","SS",23,"R","","$745,750 "," KC",745750,1,1,2
1538,"Michael Massey","2B",25,"","","$722,850 "," KC",722850,1,1,2
1539,"Nolan Gorman","3B",23,"","","$726,950 "," STL",726950,1,1,2
1541,"Gabriel Moreno","C",23,"R","","$722,500 "," ARI",722500,1,1,2
1543,"Kerry Carpenter","LF",25,"","","$723,700 "," DET",723700,1,1,3
1544,"Ji Hwan Bae","2B",23,"L","","$725,000 "," PIT",725000,1,1,2
1545,"MJ Melendez","RF",24,"L","","$726,500 "," KC",726500,1,1,3
1546,"Stone Garrett","LF",27,"R","","$720,000 "," WSH",720000,1,2,3
1547,"Oswald Peraza","SS",23,"R","","$720,000 "," NYY",720000,1,1,2
1548,"Will Brennan","RF",25,"","","$720,100 "," CLE",720100,1,1,3
1550,"Juan Yepez","3B",25,"R","","$720,000 "," STL",720000,1,1,2
1553,"James Outman","CF",26,"L","","$722,500 "," LAD",722500,1,2,3
1556,"Drew Waters","OF",24,"","","$722,400 "," KC",722400,1,1,3
1557,"Royce Lewis","SS",24,"R","","$727,100 "," MIN",727100,1,1,2
1558,"Alex Call","LF",28,"","","$721,800 "," WSH",721800,1,2,3
1561,"Josh H. Smith","SS",25,"","","$727,095 "," TEX",727095,1,1,2
1565,"Gabriel Arias","SS",23,"R","","$720,100 "," CLE",720100,1,1,2
1568,"Ezequiel Duran","2B",24,"R","","$724,170 "," TEX",724170,1,1,2
1570,"Jordan Diaz","3B",22,"R","","$720,000 "," OAK",720000,1,1,2
1571,"CJ Abrams","SS",22,"L","","$724,200 "," WSH",724200,1,1,2
1573,"Triston Casas","1B",23,"","","$732,500 "," BOS",732500,1,1,2
1576,"Elehuris Montero","3B",24,"R","","$722,000 "," COL",722000,1,1,2
1577,"Jose Azocar","OF",27,"","","$723,700 "," SD",723700,1,2,3
1578,"Eguy Rosario","SS",23,"R","","$720,400 "," SD",720400,1,1,2
1580,"Nolan Jones","3B",25,"L","","$720,000 "," COL",720000,1,1,2
1587,"Josh Jung","3B",25,"R","","$721,485 "," TEX",721485,1,1,2
1588,"Dairon Blanco","OF",30,"","","$720,000 "," KC",720000,1,2,3
1590,"Francisco Alvarez","C",21,"","","$720,000 "," NYM",720000,1,1,2
1593,"Felix Bautista","RP/CL",28,"","R","$731,800 "," BAL",731800,1,2,1
1594,"Matt Brash","RP",25,"","R","$725,800 "," SEA",725800,1,1,1
1596,"Jhoan Duran","RP/CL",25,"","R","$720,000 "," MIN",720000,1,1,1
1599,"Brandon Hughes","RP",27,"","","$728,000 "," CHC",728000,1,2,1
1601,"Matthew Liberatore","SP",23,"","","$720,000 "," STL",720000,1,1,1
1602,"Penn Murfee","RP",29,"","","$727,000 "," SEA",727000,1,2,1
1603,"Andrew Nardi","RP",24,"","","$723,000 "," MIA",723000,1,1,1
1605,"Collin Snider","RP",27,"","R","$720,000 "," KC",720000,1,2,1
1607,"Jackson Stephens","RP",29,"","R","$740,000 "," ATL",740000,1,2,1
1608,"Alec Burleson","RF",24,"","","$721,450 "," STL",721450,1,1,3
1616,"Terrin Vavra","SS",26,"L","","$722,100 "," BAL",722100,1,2,2
1622,"Logan O'Hoppe","C",23,"","","$730,000 "," LAA",730000,1,1,2
1625,"Yainer Diaz","C",24,"","","$720,300 "," HOU",720300,1,1,2
1626,"Maikel Garcia","SS",23,"","","$720,000 "," KC",720000,1,1,2
1640,"Freddy Fermin","C",28,"","","$720,000 "," KC",720000,1,2,2
1646,"Miles Mastrobuoni","LF",27,"","","$720,500 "," CHC",720500,1,2,3
1648,"Matt Wallner","RF",25,"","","$720,000 "," MIN",720000,1,1,3
1655,"Richie Palacios","LF",26,"L","","$720,000 "," STL",720000,1,2,3
1656,"Nick Pratto","1B",24,"L","","$727,500 "," KC",727500,1,1,2
1660,"Carlos Perez","C",32,"R","","$740,000 "," OAK",740000,1,2,2
1660,"Carlos Perez","C",26,"","","$720,000 "," CHW",720000,1,2,2
1664,"Tyler Freeman","SS",24,"R","","$720,000 "," CLE",720000,1,1,2
1665,"Ivan Herrera","C",23,"R","","$720,000 "," STL",720000,1,1,2
1666,"Brett Baty","3B",23,"","","$720,000 "," NYM",720000,1,1,2
1667,"Ezequiel Tovar","SS",21,"R","","$722,000 "," COL",722000,1,1,2
1672,"Will Benson","OF",25,"","","$720,000 "," CIN",720000,1,1,3
1675,"Michael Siani","OF",23,"","","$720,000 "," STL",720000,1,1,3
1681,"Korey Lee","C",24,"","","$720,000 "," CHW",720000,1,1,2
1686,"JJ Bleday","OF",25,"L","","$720,000 "," OAK",720000,1,1,3
1691,"Nelson Velazquez","CF",24,"R","","$720,000 "," KC",720000,1,1,3
1698,"Spencer Torkelson","1B",23,"R","","$723,100 "," DET",723100,1,1,2
1703,"Victor Arano","RP",28,"","R","$925,000 "," WSH",925000,1,2,1
1704,"Graham Ashcraft","SP",25,"","","$722,500 "," CIN",722500,1,1,1
1705,"Javier Assad","SP",25,"","","$721,500 "," CHC",721500,1,1,1
1707,"Tanner Banks","RP",31,"","","$720,000 "," CHW",720000,1,2,1
1712,"Brayan Bello","SP",24,"","R","$729,500 "," BOS",729500,1,1,1
1714,"Jake Bird","RP",27,"","","$722,000 "," COL",722000,1,2,1
1715,"Ty Blach","SP",32,"","L","$1,100,000 "," COL",1100000,1,2,1
1718,"Kyle Bradish","SP",26,"","R","$728,100 "," BAL",728100,1,2,1
1719,"Huascar Brazoban","RP",33,"","","$724,000 "," MIA",724000,1,2,1
1720,"Beau Brieske","RP",25,"","","$724,400 "," DET",724400,1,1,1
1723,"Hunter Brown","SP",24,"","","$725,000 "," HOU",725000,1,1,1
1724,"Brock Burke","RP",26,"","L","$742,840 "," TEX",742840,1,2,1
1725,"Jose Butto","SP",25,"","R","$720,000 "," NYM",720000,1,1,1
1730,"Cade Cavalli","SP",24,"","R","$720,200 "," WSH",720200,1,1,1
1731,"Yonny Chirinos","RP",29,"","R","$1,275,000 "," ATL",1275000,1,2,1
1732,"Mike Clevinger","SP",32,"","R","$8,000,000 "," CHW",8e+06,3,2,1
1733,"Fernando Cruz","RP",33,"","","$720,000 "," CIN",720000,1,2,1
1735,"Jose Cuas","RP",29,"","","$726,000 "," CHC",726000,1,2,1
1736,"Xzavion Curry","SP",24,"","","$720,100 "," CLE",720100,1,1,1
1737,"Tyler Cyr","RP",30,"","R","$720,000 "," LAD",720000,1,2,1
1743,"Alexis Diaz","RP/CL",26,"","R","$730,000 "," CIN",730000,1,2,1
1746,"Daniel Duarte","RP",26,"","R","$720,000 "," CIN",720000,1,2,1
1753,"Alex Faedo","SP",27,"","R","$720,000 "," DET",720000,1,2,1
1754,"Calvin Faucher","RP",27,"","R","$721,500 "," TB",721500,1,2,1
1755,"Caleb Ferguson","RP",26,"","L","$1,100,000 "," LAD",1100000,1,2,1
917,"Luis A. Garcia","RP",36,"","R","$3,500,000 "," SD",3500000,1,3,1
1762,"Luis A. Garcia","RP",36,"","R","$3,500,000 "," SD",3500000,1,3,1
928,"Luis H. Garcia","SP",26,"","R","$763,200 "," HOU",763200,1,2,1
1763,"Luis H. Garcia","SP",26,"","R","$763,200 "," HOU",763200,1,2,1
1764,"Reed Garrett","RP",30,"","R","$720,000 "," NYM",720000,1,2,1
1768,"MacKenzie Gore","SP",24,"","L","$723,300 "," WSH",723300,1,1,1
1769,"Trevor Gott","RP",30,"","R","$1,200,000 "," NYM",1200000,1,2,1
1770,"Hunter Greene","SP",23,"","R","$1,000,000 "," CIN",1e+06,1,1,1
1772,"Michael Grove","SP",26,"","","$722,500 "," LAD",722500,1,2,1
1774,"Ian Hamilton","RP",28,"","R","$720,000 "," NYY",720000,1,2,1
1776,"Tommy Henry","SP",25,"","L","$720,000 "," ARI",720000,1,1,1
1778,"Jonathan Hernandez","RP",26,"","R","$995,000 "," TEX",995000,1,2,1
1779,"Garrett Hill","RP",27,"","","$722,300 "," DET",722300,1,2,1
1780,"Sean Hjelle","RP",26,"","R","$720,000 "," SF",720000,1,2,1
1781,"Bryan Hoeing","RP",26,"","","$720,000 "," MIA",720000,1,2,1
1782,"Colin Holderman","RP",27,"","","$725,000 "," PIT",725000,1,2,1
1783,"Gavin Hollowell","RP",25,"","","$720,000 "," COL",720000,1,1,1
1784,"Tyler Holton","RP",27,"","","$720,000 "," DET",720000,1,2,1
1785,"Zach Jackson","RP",28,"","","$725,000 "," OAK",725000,1,2,1
1786,"Drey Jameson","SP",25,"","R","$723,600 "," ARI",723600,1,1,1
1787,"Dany Jimenez","RP",29,"","R","$725,000 "," OAK",725000,1,2,1
1788,"Tommy Kahnle","RP",33,"","R","$5,750,000 "," NYY",5750000,3,2,1
1790,"Zack Kelly","RP",28,"","","$723,500 "," BOS",723500,1,2,1
1792,"Ray Kerr","RP",28,"","L","$720,000 "," SD",720000,1,2,1
1794,"George Kirby","SP",25,"","R","$758,300 "," SEA",758300,1,1,1
1795,"Matt Koch","RP",32,"","R","$720,000 "," COL",720000,1,2,1
1798,"Casey Lawrence","RP",35,"","R","$720,000 "," STL",720000,1,3,1
1799,"Jose Leclerc","RP",29,"","R","$6,000,000 "," TEX",6e+06,3,2,1
1801,"Mark Leiter Jr.","RP/CL",32,"","R","$850,000 "," CHC",850000,1,2,1
1804,"Nick Lodolo","SP",25,"","","$730,000 "," CIN",730000,1,1,1
1810,"Nick Martinez","RP",32,"","R","$10,000,000 "," SD",1e+07,3,2,1
1813,"Easton McGee","SP",25,"","R","$720,000 "," SEA",720000,1,1,1
1816,"Max Meyer","SP",24,"","R","$721,500 "," MIA",721500,1,1,1
1818,"Bryce Montes de Oca","RP",27,"","","$722,500 "," NYM",722500,1,2,1
1823,"James Naile","RP",30,"","","$720,000 "," STL",720000,1,2,1
1824,"Ryne Nelson","SP",25,"","R","$722,700 "," ARI",722700,1,1,1
1830,"Andre Pallante","RP",24,"","","$728,600 "," STL",728600,1,1,1
1831,"Ryan Pepiot","SP",25,"","","$722,500 "," LAD",722500,1,1,1
1835,"Colin Poche","RP",29,"","L","$1,175,000 "," TB",1175000,1,2,1
1836,"Cole Ragans","RP",25,"","","$724,145 "," KC",724145,1,1,1
1837,"Denyi Reyes","SP",26,"","R","$750,000 "," NYM",750000,1,2,1
1839,"Ethan Roberts","RP",25,"","R","$721,000 "," CHC",721000,1,1,1
1862,"Robert Suarez","RP",32,"","","$10,000,000 "," SD",1e+07,3,2,1
1867,"Zack Thompson","RP",25,"","L","$725,000 "," STL",725000,1,1,1
1870,"Erich Uelmen","RP",27,"","","$720,000 "," PHI",720000,1,2,1
1871,"Louie Varland","RP",25,"","","$720,000 "," MIN",720000,1,1,1
1872,"Drew VerHagen","RP",32,"","R","$3,000,000 "," STL",3e+06,1,2,1
1873,"Justin Verlander","SP",40,"","R","$43,333,333 "," HOU",43333333,3,3,1
1877,"Cole Waites","RP",25,"","","$720,000 "," SF",720000,1,1,1
1882,"Greg Weissert","RP",28,"","","$720,000 "," NYY",720000,1,2,1
1886,"Steven Wilson","RP",28,"","R","$726,400 "," SD",726400,1,2,1
1887,"Josh Winckowski","RP",25,"","R","$722,000 "," BOS",722000,1,1,1
1892,"Kirby Yates","RP",36,"","R","$6,000,000 "," ATL",6e+06,3,3,1
1904,"Abner Uribe","RP",23,"","","$720,000 "," MIL",720000,1,1,1
1905,"Alan Busenitz","RP",32,"","R","$720,000 "," CIN",720000,1,2,1
1906,"Alec Marsh","SP",25,"","","$720,000 "," KC",720000,1,1,1
1907,"Alek Jacob","RP",25,"","","$720,000 "," SD",720000,1,1,1
1908,"Allan Winans","P",27,"","","$720,000 "," ATL",720000,1,2,1
1909,"Andre Lipcius","3B",25,"","","$720,000 "," DET",720000,1,1,2
1910,"Andrew Abbott","SP",24,"","","$720,000 "," CIN",720000,1,1,1
1911,"Andrew Saalfrank","RP",25,"","","$720,000 "," ARI",720000,1,1,1
1912,"Andrew Suarez","RP",30,"","L","$720,000 "," STL",720000,1,2,1
1913,"Andruw Monasterio","SS",26,"R","","$720,000 "," MIL",720000,1,2,2
1914,"Angel Felipe","RP",25,"","","$720,000 "," OAK",720000,1,1,1
1915,"Anthony Gonsolin","SP",29,"","R","$3,250,000 "," LAD",3250000,1,2,1
1916,"Anthony Veneziano","SP",25,"","","$720,000 "," KC",720000,1,1,1
1917,"Anthony Volpe","SS",22,"","","$720,000 "," NYY",720000,1,1,2
1918,"Austin Cox","RP",26,"","L","$720,000 "," KC",720000,1,2,1
1919,"Austin Wells","C",23,"","","$720,000 "," NYY",720000,1,1,2
1920,"Ben Lively","SP",31,"","R","$720,000 "," CIN",720000,1,2,1
1921,"Blake Perkins","RF",26,"","","$720,000 "," MIL",720000,1,2,3
1922,"Blake Rutherford","OF",26,"L","","$720,000 "," WSH",720000,1,2,3
1923,"Blake Sabol","C",25,"","","$720,000 "," SF",720000,1,1,2
1924,"Bobby Miller","SP",24,"","","$720,000 "," LAD",720000,1,1,1
1925,"Brandon Pfaadt","SP",24,"","","$720,000 "," ARI",720000,1,1,1
1926,"Brenan Hanifee","RP",25,"","","$720,000 "," DET",720000,1,1,1
1927,"Brett Sullivan","C",29,"","","$720,000 "," SD",720000,1,2,2
1928,"Brice Turang","SS",23,"L","","$720,000 "," MIL",720000,1,1,2
1929,"Brock Stewart","RP",31,"","R","$720,000 "," MIN",720000,1,2,1
1930,"Bryan Woo","SP",23,"","","$720,000 "," SEA",720000,1,1,1
1931,"Bryce Jarvis","RP",25,"","R","$720,000 "," ARI",720000,1,1,1
1932,"Bryce Miller","SP",24,"","","$720,000 "," SEA",720000,1,1,1
1933,"Casey Schmitt","3B",24,"","","$720,000 "," SF",720000,1,1,2
1934,"Ceddanne Rafaela","OF",22,"","","$720,000 "," BOS",720000,1,1,3
1935,"Chandler Seagle","C",27,"","","$720,000 "," SD",720000,1,2,2
1936,"Chris Murphy","RP",25,"","","$720,000 "," BOS",720000,1,1,1
1937,"Christian Encarnacion-Strand","3B",23,"","","$720,000 "," CIN",720000,1,1,2
1938,"CJ Edwards","RP",31,"","R","$2,250,000 "," WSH",2250000,1,2,1
1939,"Cody Bradford","RP",25,"","R","$720,000 "," TEX",720000,1,1,1
1940,"David Fry","C",27,"","","$720,000 "," CLE",720000,1,2,2
1941,"Davis Daniel","RP",26,"","","$730,000 "," LAA",730000,1,2,1
1942,"Declan Cronin","RP",25,"","","$720,000 "," CHW",720000,1,1,1
1943,"Dominic Canzone","RF",25,"L","","$720,000 "," SEA",720000,1,1,3
1944,"Dominic Fletcher","OF",25,"L","","$720,000 "," ARI",720000,1,1,3
1945,"Drew Millas","C",25,"","","$720,000 "," WSH",720000,1,1,2
1946,"Drew Rom","SP",23,"","","$720,000 "," STL",720000,1,1,1
1947,"Drew Rucinski","SP",34,"","R","$3,000,000 "," OAK",3e+06,1,2,1
1948,"Dylan Covey","RP",31,"","R","$720,000 "," PHI",720000,1,2,1
1949,"Edouard Julien","2B",24,"","","$720,000 "," MIN",720000,1,1,2
1950,"Elly De La Cruz","SS",21,"","","$720,000 "," CIN",720000,1,1,2
1951,"Emerson Hancock","P",24,"","R","$720,000 "," SEA",720000,1,1,1
1952,"Emmet Sheehan","SP",23,"","","$720,000 "," LAD",720000,1,1,1
1953,"Enmanuel Valdez","2B",24,"","","$720,000 "," BOS",720000,1,1,2
1954,"Eury Perez","SP",20,"","","$720,000 "," MIA",720000,1,1,1
1955,"Evan Carter","OF",20,"","","$720,000 "," TEX",720000,1,1,3
1956,"Everson Pereira","OF",22,"R","","$720,000 "," NYY",720000,1,1,3
1957,"Forrest Wall","OF",27,"L","","$720,000 "," ATL",720000,1,2,3
1958,"Freddy Pacheco","RP",25,"","R","$720,000 "," DET",720000,1,1,1
1959,"George Soriano","RP",24,"","","$720,000 "," MIA",720000,1,1,1
1960,"Giovanny Urshela","1B",31,"R","","$8,400,000 "," LAA",8400000,3,2,2
1961,"Grae Kessinger","SS",25,"","","$720,000 "," HOU",720000,1,1,2
1962,"Grant Hartwig","RP",25,"","","$720,000 "," NYM",720000,1,1,1
1963,"Guillermo Zuniga","RP",24,"","","$720,000 "," STL",720000,1,1,1
1964,"Gus Varland","RP",26,"","","$720,000 "," LAD",720000,1,2,1
1965,"Ha Seong Kim","2B",27,"R","","$7,000,000 "," SD",7e+06,3,2,2
1966,"Hunter Goodman","C",23,"","","$720,000 "," COL",720000,1,1,2
1967,"Irving Lopez","2B",28,"","","$720,000 "," STL",720000,1,2,2
1968,"Isaiah Campbell","RP",25,"","R","$720,000 "," SEA",720000,1,1,1
1969,"JP France","SP",28,"","","$720,000 "," HOU",720000,1,2,1
1970,"Jackson Rutledge","SP",24,"","R","$720,000 "," WSH",720000,1,1,1
1971,"Jacob Lopez","P",25,"","","$720,000 "," TB",720000,1,1,1
1972,"Jacob Young","OF",23,"","","$720,000 "," WSH",720000,1,1,3
1973,"Jake Alu","3B",26,"","","$720,000 "," WSH",720000,1,2,2
1974,"Jake Irvin","SP",26,"","R","$720,000 "," WSH",720000,1,2,1
1975,"Jake Junis","RP",30,"","R","$2,800,000 "," SF",2800000,1,2,1
1901,"James McArthur","RP",26,"","R","$720,000 "," KC",720000,1,2,1
1976,"James McArthur","RP",26,"","R","$720,000 "," KC",720000,1,2,1
1977,"Jasson Dominguez","OF",20,"","","$720,000 "," NYY",720000,1,1,3
1978,"Jean Carlos Mejia","RP",26,"","R","$720,000 "," MIL",720000,1,2,1
1979,"Jesse Scholtens","SP",29,"","","$720,000 "," CHW",720000,1,2,1
1980,"Jhony Brito","RP",25,"","","$720,000 "," NYY",720000,1,1,1
1981,"Jimmy Cordero","RP",31,"","R","$720,000 "," NYY",720000,1,2,1
1982,"Joe Boyle","SP",23,"","","$720,000 "," OAK",720000,1,1,1
1983,"Joe LaSorsa","RP",25,"","","$720,000 "," WSH",720000,1,1,1
1984,"Joey Estes","SP",21,"","","$720,000 "," OAK",720000,1,1,1
1985,"Johan Rojas","OF",22,"","","$720,000 "," PHI",720000,1,1,3
1986,"John McMillon","RP",25,"","","$720,000 "," KC",720000,1,1,1
1987,"Jonathan Bowlan","SP",26,"","R","$720,000 "," KC",720000,1,2,1
1988,"Jordan Lawlar","SS",20,"R","","$720,000 "," ARI",720000,1,1,2
1989,"Jordan Walker","3B",21,"","","$720,000 "," STL",720000,1,1,2
1990,"Jose Caballero","SS",26,"","","$720,000 "," SEA",720000,1,2,2
1991,"Jose Espada","P",26,"","","$720,000 "," SD",720000,1,2,1
1992,"Jose Fermin","2B",24,"","","$720,000 "," STL",720000,1,1,2
1993,"Jose Ferrer","RP",23,"","","$720,000 "," WSH",720000,1,1,1
1994,"Juniel Querecuto","2B",30,"","","$720,000 "," STL",720000,1,2,2
1995,"Justin Martinez","RP",21,"","","$720,000 "," ARI",720000,1,1,1
1996,"Karl Kauffmann","SP",25,"","","$720,000 "," COL",720000,1,1,1
1997,"Keaton Winn","RP",25,"","","$720,000 "," SF",720000,1,1,1
1998,"Kodai Senga","SP",30,"","","$14,000,000 "," NYM",1.4e+07,3,2,1
1999,"Kody Funderburk","RP",26,"","","$720,000 "," MIN",720000,1,2,1
2000,"Kyle Harrison","SP",21,"","","$720,000 "," SF",720000,1,1,1
2001,"Lane Ramsey","RP",26,"","","$720,000 "," CHW",720000,1,2,1
2002,"Lawrence Butler","OF",22,"","","$720,000 "," OAK",720000,1,1,3
2003,"Leodys Taveras","CF",24,"","","$733,445 "," TEX",733445,1,1,3
2004,"Logan Porter","C",27,"","","$720,000 "," KC",720000,1,2,2
2005,"Lucas Erceg","RP",28,"","R","$720,000 "," OAK",720000,1,2,1
2006,"Luis Matos","OF",21,"","","$720,000 "," SF",720000,1,1,3
2007,"Luken Baker","1B",26,"","","$720,000 "," STL",720000,1,2,2
2008,"Marco Luciano","SS",21,"R","","$720,000 "," SF",720000,1,1,2
2009,"Masataka Yoshida","LF",29,"L","","$15,000,000 "," BOS",1.5e+07,3,2,3
2010,"Mason Englert","RP",23,"","","$720,000 "," DET",720000,1,1,1
2011,"Masyn Winn","SS",21,"","","$720,000 "," STL",720000,1,1,2
2012,"Matt Batten","SS",28,"","","$720,000 "," SD",720000,1,2,2
2013,"Matt Canterino","SP",25,"","","$720,000 "," MIN",720000,1,1,1
2014,"Matt Waldron","RP",26,"","","$720,000 "," SD",720000,1,2,1
2015,"Matthew Bowman","RP",32,"","R","$720,000 "," NYY",720000,1,2,1
2016,"Michael Soroka","SP",25,"","R","$2,800,000 "," ATL",2800000,1,1,1
2017,"Michael Tonkin","RP",33,"","R","$750,000 "," ATL",750000,1,2,1
2018,"Nick Loftin","SS",24,"","","$720,000 "," KC",720000,1,1,2
2019,"Nick Robertson","RP",24,"","","$720,000 "," BOS",720000,1,1,1
2020,"Orion Kerkering","RP",22,"","","$720,000 "," PHI",720000,1,1,1
2021,"Parker Meadows","OF",23,"","","$720,000 "," DET",720000,1,1,3
2022,"Prelander Berroa","RP",23,"","","$720,000 "," SEA",720000,1,1,1
2023,"Reese Olson","SP",23,"","","$720,000 "," DET",720000,1,1,1
2024,"Robert Garcia","RP",27,"","","$720,000 "," WSH",720000,1,2,1
2025,"Ronny Mauricio","2B",22,"","","$720,000 "," NYM",720000,1,1,2
1900,"Ryan Rolison","SP",25,"","L","$725,000 "," COL",725000,1,1,1
2026,"Ryan Rolison","SP",25,"","L","$725,000 "," COL",725000,1,1,1
2027,"Ryan Walker","RP",27,"","","$720,000 "," SF",720000,1,2,1
2028,"Sal Frelick","SS",23,"","","$720,000 "," MIL",720000,1,1,2
2029,"Sam Bachman","P",23,"","","$720,000 "," LAA",720000,1,1,1
2030,"Sammy Peralta","RP",25,"","","$720,000 "," CHW",720000,1,1,1
2031,"Scott McGough","RP",33,"","R","$2,500,000 "," ARI",2500000,1,2,1
2032,"Shintaro Fujinami","RP",29,"","","$3,250,000 "," BAL",3250000,1,2,1
2033,"Steven Cruz","RP",0,"","","$720,000 "," KC",720000,1,1,1
2034,"Tanner Bibee","SP",24,"","","$720,000 "," CLE",720000,1,1,1
2035,"Thad Ward","RP",26,"","","$720,000 "," WSH",720000,1,2,1
2036,"Thomas Cosgrove","RP",27,"","","$720,000 "," SD",720000,1,2,1
2037,"Thyago Vieira","RP",30,"","R","$720,000 "," MIL",720000,1,2,1
2038,"Tommy Doyle","RP",27,"","R","$720,000 "," COL",720000,1,2,1
2039,"Trey Wingenter","RP",29,"","R","$1,000,000 "," DET",1e+06,1,2,1
2040,"Tristan Beck","RP",27,"","","$720,000 "," SF",720000,1,2,1
2041,"Tyler Fitzgerald","SS",25,"","","$720,000 "," SF",720000,1,1,2
2042,"Victor Vodnik","RP",23,"","","$720,000 "," COL",720000,1,1,1
2043,"Vincent Velasquez","SP",31,"","R","$3,150,000 "," PIT",3150000,1,2,1
2044,"Weston Wilson","1B",28,"R","","$720,000 "," PHI",720000,1,2,2
2045,"Wilking Rodriguez","RP",33,"","R","$720,400 "," STL",720400,1,2,1
2046,"Xavier Edwards","SS",23,"","","$720,000 "," MIA",720000,1,1,2
2047,"Zach McAllister","RP",35,"","R","$720,000 "," NYY",720000,1,3,1
2048,"Zach Remillard","3B",29,"R","","$720,000 "," CHW",720000,1,2,2
